==> Qt installation detected at: /opt/homebrew/opt/qt
==> Cleaning previous build...
==> Configuring CMake for Release build...
-- The CXX compiler identification is AppleClang 15.0.0.15000309
-- Detecting CXX compiler ABI info
-- Detecting CXX compiler ABI info - done
-- Check for working CXX compiler: /usr/bin/c++ - skipped
-- Detecting CXX compile features
-- Detecting CXX compile features - done
-- Performing Test CMAKE_HAVE_LIBC_PTHREAD
-- Performing Test CMAKE_HAVE_LIBC_PTHREAD - Success
-- Found Threads: TRUE
-- Performing Test HAVE_STDATOMIC
-- Performing Test HAVE_STDATOMIC - Success
-- Found WrapAtomic: TRUE
-- Found OpenGL: /Library/Developer/CommandLineTools/SDKs/MacOSX.sdk/System/Library/Frameworks/OpenGL.framework
-- Found WrapOpenGL: TRUE
-- Could NOT find WrapVulkanHeaders (missing: Vulkan_INCLUDE_DIR) 
-- Could NOT find WrapVulkanHeaders (missing: Vulkan_INCLUDE_DIR) 
-- LTO/IPO enabled for Release build
shaders/breathing_orb.frag -> shaders/breathing_orb.frag.qsb exposed as :/shaders/shaders/breathing_orb.frag.qsb
Detected locale "C" with character encoding "US-ASCII", which is not UTF-8.
Qt depends on a UTF-8 locale, and has switched to "UTF-8" instead.
If this causes problems, reconfigure your locale. See the locale(1) manual
for more information.
-- Configuring done (2.5s)
-- Generating done (0.1s)
-- Build files have been written to: /Users/plokm/Downloads/focus-forge/build_release
==> Building FocusForgeApp...
[  5%] Running qmlimportscanner for FocusForgeApp
[  5%] Copying FocusForgeApp qml resources into build dir
[  8%] Copying FocusForgeApp qml sources into build dir
[  8%] Built target FocusForgeApp_copy_res
[  8%] Built target FocusForgeApp_copy_qml
[  8%] Built target FocusForgeApp_qmlimportscan
[  8%] Built target FocusForgeApp_autogen_timestamp_deps
[ 11%] Automatic MOC and UIC for target FocusForgeApp
[ 11%] Built target FocusForgeApp_autogen
[ 16%] Running AUTOMOC file extraction for target FocusForgeApp
[ 16%] Generating .qsb/shaders/breathing_orb.frag.qsb
[ 19%] Running rcc for resource FocusForgeApp_raw_qml_0
[ 22%] Generating .rcc/qmlcache/FocusForgeApp_qmlcache_loader.cpp
[ 25%] Running rcc for resource qmake_FocusForgeApp
[ 27%] Running moc --collect-json for target FocusForgeApp
[ 30%] Generating meta_types/qt6focusforgeapp_release_metatypes.json
[ 33%] Automatic QML type registration for target FocusForgeApp
spirv-opt -O /private/var/folders/rx/ssr1h4612d3cprw33prnt34w0000gn/T/qsb-EdEKMR/qsb_spv_temp -o /private/var/folders/rx/ssr1h4612d3cprw33prnt34w0000gn/T/qsb-EdEKMR/qsb_spv_temp_out
Failed to run spirv-opt -O /private/var/folders/rx/ssr1h4612d3cprw33prnt34w0000gn/T/qsb-EdEKMR/qsb_spv_temp -o /private/var/folders/rx/ssr1h4612d3cprw33prnt34w0000gn/T/qsb-EdEKMR/qsb_spv_temp_out: Child process set up failed: execve: No such file or directory
[ 36%] Running rcc for resource app_shaders
[ 38%] Generating .rcc/qmlcache/FocusForgeApp_qml/Main_qml.cpp, .rcc/qmlcache/FocusForgeApp_qml/Main_qml.cpp.aotstats
[ 41%] Generating .rcc/qmlcache/FocusForgeApp_qml/components/QuickCapturePopup_qml.cpp, .rcc/qmlcache/FocusForgeApp_qml/components/QuickCapturePopup_qml.cpp.aotstats
[ 44%] Generating .rcc/qmlcache/FocusForgeApp_qml/components/SessionReviewPopup_qml.cpp, .rcc/qmlcache/FocusForgeApp_qml/components/SessionReviewPopup_qml.cpp.aotstats
[ 47%] Generating .rcc/qmlcache/FocusForgeApp_qml/components/BreathingOrb_qml.cpp, .rcc/qmlcache/FocusForgeApp_qml/components/BreathingOrb_qml.cpp.aotstats
[ 50%] Generating .rcc/qmlcache/FocusForgeApp_qml/components/TodoListPanel_qml.cpp, .rcc/qmlcache/FocusForgeApp_qml/components/TodoListPanel_qml.cpp.aotstats
[ 58%] Building CXX object CMakeFiles/FocusForgeApp.dir/src/presentation/TodoListModel.cpp.o
[ 58%] Building CXX object CMakeFiles/FocusForgeApp.dir/FocusForgeApp_autogen/mocs_compilation.cpp.o
[ 61%] Building CXX object CMakeFiles/FocusForgeApp.dir/build_release/.rcc/qmlcache/FocusForgeApp_qml/components/QuickCapturePopup_qml.cpp.o
[ 63%] Building CXX object CMakeFiles/FocusForgeApp.dir/focusforgeapp_qmltyperegistrations.cpp.o
[ 66%] Building CXX object CMakeFiles/FocusForgeApp.dir/build_release/.rcc/qmlcache/FocusForgeApp_qmlcache_loader.cpp.o
[ 66%] Building CXX object CMakeFiles/FocusForgeApp.dir/src/main.cpp.o
[ 69%] Building CXX object CMakeFiles/FocusForgeApp.dir/src/presentation/TimerViewModel.cpp.o
[ 72%] Building CXX object CMakeFiles/FocusForgeApp.dir/src/infrastructure/AppConfig.cpp.o
[ 75%] Building CXX object CMakeFiles/FocusForgeApp.dir/build_release/.qt/rcc/qrc_qmake_FocusForgeApp.cpp.o
[ 77%] Building CXX object CMakeFiles/FocusForgeApp.dir/build_release/.rcc/qmlcache/FocusForgeApp_qml/components/BreathingOrb_qml.cpp.o
[ 80%] Building CXX object CMakeFiles/FocusForgeApp.dir/build_release/.rcc/qmlcache/FocusForgeApp_qml/Main_qml.cpp.o
[ 88%] Building CXX object CMakeFiles/FocusForgeApp.dir/src/infrastructure/ObsidianSync.cpp.o
[ 88%] Building CXX object CMakeFiles/FocusForgeApp.dir/build_release/.rcc/qmlcache/FocusForgeApp_qml/components/TodoListPanel_qml.cpp.o
[ 88%] Building CXX object CMakeFiles/FocusForgeApp.dir/src/presentation/AudioController.cpp.o
[ 91%] Building CXX object CMakeFiles/FocusForgeApp.dir/build_release/.rcc/qmlcache/FocusForgeApp_qml/components/SessionReviewPopup_qml.cpp.o
[ 94%] Building CXX object CMakeFiles/FocusForgeApp.dir/build_release/.qt/rcc/qrc_FocusForgeApp_raw_qml_0.cpp.o
[ 97%] Building CXX object CMakeFiles/FocusForgeApp.dir/build_release/.qt/rcc/qrc_app_shaders.cpp.o
Copying OS X content bin/FocusForgeApp.app/Contents/Resources/app_icon.icns
[100%] Linking CXX executable bin/FocusForgeApp.app/Contents/MacOS/FocusForgeApp
[100%] Built target FocusForgeApp
==> Bundling native audio assets...
==> Running macdeployqt with explicit library path...
Log:
Log: Deploying Qt frameworks found inside: QList("/Users/plokm/Downloads/focus-forge/build_release/bin/FocusForgeApp.app/Contents/MacOS/FocusForgeApp")
Log:  copied: "/opt/homebrew/opt/qt/lib/QtQuickControls2.framework/Versions/A/QtQuickControls2"
Log:  to "build_release/bin/FocusForgeApp.app/Contents/Frameworks/QtQuickControls2.framework/Versions/A/QtQuickControls2"
Log: copy: "/opt/homebrew/opt/qt/lib/QtQuickControls2.framework/Resources" "build_release/bin/FocusForgeApp.app/Contents/Frameworks/QtQuickControls2.framework/Versions/A/Resources"
Log:  copied: "/opt/homebrew/opt/qt/lib/QtQuickControls2.framework/Resources/Info.plist"
Log:  to "build_release/bin/FocusForgeApp.app/Contents/Frameworks/QtQuickControls2.framework/Versions/A/Resources/Info.plist"
Log:  copied: "/opt/homebrew/opt/qt/lib/QtQuickControls2.framework/Resources/PrivacyInfo.xcprivacy"
Log:  to "build_release/bin/FocusForgeApp.app/Contents/Frameworks/QtQuickControls2.framework/Versions/A/Resources/PrivacyInfo.xcprivacy"
Log:  symlink "build_release/bin/FocusForgeApp.app/Contents/Frameworks/QtQuickControls2.framework/QtQuickControls2"
Log:  points to "Versions/Current/QtQuickControls2"
Log:  symlink "build_release/bin/FocusForgeApp.app/Contents/Frameworks/QtQuickControls2.framework/Resources"
Log:  points to "Versions/Current/Resources"
Log:  symlink "build_release/bin/FocusForgeApp.app/Contents/Frameworks/QtQuickControls2.framework/Versions/Current"
Log:  points to "A"
Log:  copied: "/opt/homebrew/opt/qt/lib/QtMultimedia.framework/Versions/A/QtMultimedia"
Log:  to "build_release/bin/FocusForgeApp.app/Contents/Frameworks/QtMultimedia.framework/Versions/A/QtMultimedia"
Log: copy: "/opt/homebrew/opt/qt/lib/QtMultimedia.framework/Resources" "build_release/bin/FocusForgeApp.app/Contents/Frameworks/QtMultimedia.framework/Versions/A/Resources"
Log:  copied: "/opt/homebrew/opt/qt/lib/QtMultimedia.framework/Resources/Info.plist"
Log:  to "build_release/bin/FocusForgeApp.app/Contents/Frameworks/QtMultimedia.framework/Versions/A/Resources/Info.plist"
Log:  copied: "/opt/homebrew/opt/qt/lib/QtMultimedia.framework/Resources/PrivacyInfo.xcprivacy"
Log:  to "build_release/bin/FocusForgeApp.app/Contents/Frameworks/QtMultimedia.framework/Versions/A/Resources/PrivacyInfo.xcprivacy"
Log:  symlink "build_release/bin/FocusForgeApp.app/Contents/Frameworks/QtMultimedia.framework/QtMultimedia"
Log:  points to "Versions/Current/QtMultimedia"
Log:  symlink "build_release/bin/FocusForgeApp.app/Contents/Frameworks/QtMultimedia.framework/Resources"
Log:  points to "Versions/Current/Resources"
Log:  symlink "build_release/bin/FocusForgeApp.app/Contents/Frameworks/QtMultimedia.framework/Versions/Current"
Log:  points to "A"
Log:  copied: "/opt/homebrew/opt/qt/lib/QtQuick.framework/Versions/A/QtQuick"
Log:  to "build_release/bin/FocusForgeApp.app/Contents/Frameworks/QtQuick.framework/Versions/A/QtQuick"
Log: copy: "/opt/homebrew/opt/qt/lib/QtQuick.framework/Resources" "build_release/bin/FocusForgeApp.app/Contents/Frameworks/QtQuick.framework/Versions/A/Resources"
Log:  copied: "/opt/homebrew/opt/qt/lib/QtQuick.framework/Resources/Info.plist"
Log:  to "build_release/bin/FocusForgeApp.app/Contents/Frameworks/QtQuick.framework/Versions/A/Resources/Info.plist"
Log:  copied: "/opt/homebrew/opt/qt/lib/QtQuick.framework/Resources/PrivacyInfo.xcprivacy"
Log:  to "build_release/bin/FocusForgeApp.app/Contents/Frameworks/QtQuick.framework/Versions/A/Resources/PrivacyInfo.xcprivacy"
Log:  symlink "build_release/bin/FocusForgeApp.app/Contents/Frameworks/QtQuick.framework/QtQuick"
Log:  points to "Versions/Current/QtQuick"
Log:  symlink "build_release/bin/FocusForgeApp.app/Contents/Frameworks/QtQuick.framework/Resources"
Log:  points to "Versions/Current/Resources"
Log:  symlink "build_release/bin/FocusForgeApp.app/Contents/Frameworks/QtQuick.framework/Versions/Current"
Log:  points to "A"
Log:  copied: "/opt/homebrew/opt/qt/lib/QtQmlMeta.framework/Versions/A/QtQmlMeta"
Log:  to "build_release/bin/FocusForgeApp.app/Contents/Frameworks/QtQmlMeta.framework/Versions/A/QtQmlMeta"
Log: copy: "/opt/homebrew/opt/qt/lib/QtQmlMeta.framework/Resources" "build_release/bin/FocusForgeApp.app/Contents/Frameworks/QtQmlMeta.framework/Versions/A/Resources"
Log:  copied: "/opt/homebrew/opt/qt/lib/QtQmlMeta.framework/Resources/Info.plist"
Log:  to "build_release/bin/FocusForgeApp.app/Contents/Frameworks/QtQmlMeta.framework/Versions/A/Resources/Info.plist"
Log:  copied: "/opt/homebrew/opt/qt/lib/QtQmlMeta.framework/Resources/PrivacyInfo.xcprivacy"
Log:  to "build_release/bin/FocusForgeApp.app/Contents/Frameworks/QtQmlMeta.framework/Versions/A/Resources/PrivacyInfo.xcprivacy"
Log:  symlink "build_release/bin/FocusForgeApp.app/Contents/Frameworks/QtQmlMeta.framework/QtQmlMeta"
Log:  points to "Versions/Current/QtQmlMeta"
Log:  symlink "build_release/bin/FocusForgeApp.app/Contents/Frameworks/QtQmlMeta.framework/Resources"
Log:  points to "Versions/Current/Resources"
Log:  symlink "build_release/bin/FocusForgeApp.app/Contents/Frameworks/QtQmlMeta.framework/Versions/Current"
Log:  points to "A"
Log:  copied: "/opt/homebrew/opt/qt/lib/QtQmlWorkerScript.framework/Versions/A/QtQmlWorkerScript"
Log:  to "build_release/bin/FocusForgeApp.app/Contents/Frameworks/QtQmlWorkerScript.framework/Versions/A/QtQmlWorkerScript"
Log: copy: "/opt/homebrew/opt/qt/lib/QtQmlWorkerScript.framework/Resources" "build_release/bin/FocusForgeApp.app/Contents/Frameworks/QtQmlWorkerScript.framework/Versions/A/Resources"
Log:  copied: "/opt/homebrew/opt/qt/lib/QtQmlWorkerScript.framework/Resources/Info.plist"
Log:  to "build_release/bin/FocusForgeApp.app/Contents/Frameworks/QtQmlWorkerScript.framework/Versions/A/Resources/Info.plist"
Log:  copied: "/opt/homebrew/opt/qt/lib/QtQmlWorkerScript.framework/Resources/PrivacyInfo.xcprivacy"
Log:  to "build_release/bin/FocusForgeApp.app/Contents/Frameworks/QtQmlWorkerScript.framework/Versions/A/Resources/PrivacyInfo.xcprivacy"
Log:  symlink "build_release/bin/FocusForgeApp.app/Contents/Frameworks/QtQmlWorkerScript.framework/QtQmlWorkerScript"
Log:  points to "Versions/Current/QtQmlWorkerScript"
Log:  symlink "build_release/bin/FocusForgeApp.app/Contents/Frameworks/QtQmlWorkerScript.framework/Resources"
Log:  points to "Versions/Current/Resources"
Log:  symlink "build_release/bin/FocusForgeApp.app/Contents/Frameworks/QtQmlWorkerScript.framework/Versions/Current"
Log:  points to "A"
Log:  copied: "/opt/homebrew/opt/qt/lib/QtOpenGL.framework/Versions/A/QtOpenGL"
Log:  to "build_release/bin/FocusForgeApp.app/Contents/Frameworks/QtOpenGL.framework/Versions/A/QtOpenGL"
Log: copy: "/opt/homebrew/opt/qt/lib/QtOpenGL.framework/Resources" "build_release/bin/FocusForgeApp.app/Contents/Frameworks/QtOpenGL.framework/Versions/A/Resources"
Log:  copied: "/opt/homebrew/opt/qt/lib/QtOpenGL.framework/Resources/Info.plist"
Log:  to "build_release/bin/FocusForgeApp.app/Contents/Frameworks/QtOpenGL.framework/Versions/A/Resources/Info.plist"
Log:  copied: "/opt/homebrew/opt/qt/lib/QtOpenGL.framework/Resources/PrivacyInfo.xcprivacy"
Log:  to "build_release/bin/FocusForgeApp.app/Contents/Frameworks/QtOpenGL.framework/Versions/A/Resources/PrivacyInfo.xcprivacy"
Log:  symlink "build_release/bin/FocusForgeApp.app/Contents/Frameworks/QtOpenGL.framework/QtOpenGL"
Log:  points to "Versions/Current/QtOpenGL"
Log:  symlink "build_release/bin/FocusForgeApp.app/Contents/Frameworks/QtOpenGL.framework/Resources"
Log:  points to "Versions/Current/Resources"
Log:  symlink "build_release/bin/FocusForgeApp.app/Contents/Frameworks/QtOpenGL.framework/Versions/Current"
Log:  points to "A"
Log:  copied: "/opt/homebrew/opt/qt/lib/QtQmlModels.framework/Versions/A/QtQmlModels"
Log:  to "build_release/bin/FocusForgeApp.app/Contents/Frameworks/QtQmlModels.framework/Versions/A/QtQmlModels"
Log: copy: "/opt/homebrew/opt/qt/lib/QtQmlModels.framework/Resources" "build_release/bin/FocusForgeApp.app/Contents/Frameworks/QtQmlModels.framework/Versions/A/Resources"
Log:  copied: "/opt/homebrew/opt/qt/lib/QtQmlModels.framework/Resources/Info.plist"
Log:  to "build_release/bin/FocusForgeApp.app/Contents/Frameworks/QtQmlModels.framework/Versions/A/Resources/Info.plist"
Log:  copied: "/opt/homebrew/opt/qt/lib/QtQmlModels.framework/Resources/PrivacyInfo.xcprivacy"
Log:  to "build_release/bin/FocusForgeApp.app/Contents/Frameworks/QtQmlModels.framework/Versions/A/Resources/PrivacyInfo.xcprivacy"
Log:  symlink "build_release/bin/FocusForgeApp.app/Contents/Frameworks/QtQmlModels.framework/QtQmlModels"
Log:  points to "Versions/Current/QtQmlModels"
Log:  symlink "build_release/bin/FocusForgeApp.app/Contents/Frameworks/QtQmlModels.framework/Resources"
Log:  points to "Versions/Current/Resources"
Log:  symlink "build_release/bin/FocusForgeApp.app/Contents/Frameworks/QtQmlModels.framework/Versions/Current"
Log:  points to "A"
Log:  copied: "/opt/homebrew/opt/qt/lib/QtGui.framework/Versions/A/QtGui"
Log:  to "build_release/bin/FocusForgeApp.app/Contents/Frameworks/QtGui.framework/Versions/A/QtGui"
Log: copy: "/opt/homebrew/opt/qt/lib/QtGui.framework/Resources" "build_release/bin/FocusForgeApp.app/Contents/Frameworks/QtGui.framework/Versions/A/Resources"
Log:  copied: "/opt/homebrew/opt/qt/lib/QtGui.framework/Resources/Info.plist"
Log:  to "build_release/bin/FocusForgeApp.app/Contents/Frameworks/QtGui.framework/Versions/A/Resources/Info.plist"
Log:  copied: "/opt/homebrew/opt/qt/lib/QtGui.framework/Resources/PrivacyInfo.xcprivacy"
Log:  to "build_release/bin/FocusForgeApp.app/Contents/Frameworks/QtGui.framework/Versions/A/Resources/PrivacyInfo.xcprivacy"
Log:  symlink "build_release/bin/FocusForgeApp.app/Contents/Frameworks/QtGui.framework/QtGui"
Log:  points to "Versions/Current/QtGui"
Log:  symlink "build_release/bin/FocusForgeApp.app/Contents/Frameworks/QtGui.framework/Resources"
Log:  points to "Versions/Current/Resources"
Log:  symlink "build_release/bin/FocusForgeApp.app/Contents/Frameworks/QtGui.framework/Versions/Current"
Log:  points to "A"
Log:  copied: "/opt/homebrew/opt/qt/lib/QtQml.framework/Versions/A/QtQml"
Log:  to "build_release/bin/FocusForgeApp.app/Contents/Frameworks/QtQml.framework/Versions/A/QtQml"
Log: copy: "/opt/homebrew/opt/qt/lib/QtQml.framework/Resources" "build_release/bin/FocusForgeApp.app/Contents/Frameworks/QtQml.framework/Versions/A/Resources"
Log:  copied: "/opt/homebrew/opt/qt/lib/QtQml.framework/Resources/Info.plist"
Log:  to "build_release/bin/FocusForgeApp.app/Contents/Frameworks/QtQml.framework/Versions/A/Resources/Info.plist"
Log:  copied: "/opt/homebrew/opt/qt/lib/QtQml.framework/Resources/PrivacyInfo.xcprivacy"
Log:  to "build_release/bin/FocusForgeApp.app/Contents/Frameworks/QtQml.framework/Versions/A/Resources/PrivacyInfo.xcprivacy"
Log:  symlink "build_release/bin/FocusForgeApp.app/Contents/Frameworks/QtQml.framework/QtQml"
Log:  points to "Versions/Current/QtQml"
Log:  symlink "build_release/bin/FocusForgeApp.app/Contents/Frameworks/QtQml.framework/Resources"
Log:  points to "Versions/Current/Resources"
Log:  symlink "build_release/bin/FocusForgeApp.app/Contents/Frameworks/QtQml.framework/Versions/Current"
Log:  points to "A"
Log:  copied: "/opt/homebrew/opt/qt/lib/QtNetwork.framework/Versions/A/QtNetwork"
Log:  to "build_release/bin/FocusForgeApp.app/Contents/Frameworks/QtNetwork.framework/Versions/A/QtNetwork"
Log: copy: "/opt/homebrew/opt/qt/lib/QtNetwork.framework/Resources" "build_release/bin/FocusForgeApp.app/Contents/Frameworks/QtNetwork.framework/Versions/A/Resources"
Log:  copied: "/opt/homebrew/opt/qt/lib/QtNetwork.framework/Resources/Info.plist"
Log:  to "build_release/bin/FocusForgeApp.app/Contents/Frameworks/QtNetwork.framework/Versions/A/Resources/Info.plist"
Log:  copied: "/opt/homebrew/opt/qt/lib/QtNetwork.framework/Resources/PrivacyInfo.xcprivacy"
Log:  to "build_release/bin/FocusForgeApp.app/Contents/Frameworks/QtNetwork.framework/Versions/A/Resources/PrivacyInfo.xcprivacy"
Log:  symlink "build_release/bin/FocusForgeApp.app/Contents/Frameworks/QtNetwork.framework/QtNetwork"
Log:  points to "Versions/Current/QtNetwork"
Log:  symlink "build_release/bin/FocusForgeApp.app/Contents/Frameworks/QtNetwork.framework/Resources"
Log:  points to "Versions/Current/Resources"
Log:  symlink "build_release/bin/FocusForgeApp.app/Contents/Frameworks/QtNetwork.framework/Versions/Current"
Log:  points to "A"
Log:  copied: "/opt/homebrew/opt/qt/lib/QtCore.framework/Versions/A/QtCore"
Log:  to "build_release/bin/FocusForgeApp.app/Contents/Frameworks/QtCore.framework/Versions/A/QtCore"
Log: copy: "/opt/homebrew/opt/qt/lib/QtCore.framework/Resources" "build_release/bin/FocusForgeApp.app/Contents/Frameworks/QtCore.framework/Versions/A/Resources"
Log:  copied: "/opt/homebrew/opt/qt/lib/QtCore.framework/Resources/Info.plist"
Log:  to "build_release/bin/FocusForgeApp.app/Contents/Frameworks/QtCore.framework/Versions/A/Resources/Info.plist"
Log:  copied: "/opt/homebrew/opt/qt/lib/QtCore.framework/Resources/PrivacyInfo.xcprivacy"
Log:  to "build_release/bin/FocusForgeApp.app/Contents/Frameworks/QtCore.framework/Versions/A/Resources/PrivacyInfo.xcprivacy"
Log:  symlink "build_release/bin/FocusForgeApp.app/Contents/Frameworks/QtCore.framework/QtCore"
Log:  points to "Versions/Current/QtCore"
Log:  symlink "build_release/bin/FocusForgeApp.app/Contents/Frameworks/QtCore.framework/Resources"
Log:  points to "Versions/Current/Resources"
Log:  symlink "build_release/bin/FocusForgeApp.app/Contents/Frameworks/QtCore.framework/Versions/Current"
Log:  points to "A"
Log:  copied: "/opt/homebrew/opt/glib/lib/libglib-2.0.0.dylib"
Log:  to "build_release/bin/FocusForgeApp.app/Contents/Frameworks//libglib-2.0.0.dylib"
Log:  copied: "/opt/homebrew/opt/libpng/lib/libpng16.16.dylib"
Log:  to "build_release/bin/FocusForgeApp.app/Contents/Frameworks//libpng16.16.dylib"
Log:  copied: "/opt/homebrew/opt/harfbuzz/lib/libharfbuzz.0.dylib"
Log:  to "build_release/bin/FocusForgeApp.app/Contents/Frameworks//libharfbuzz.0.dylib"
Log:  copied: "/opt/homebrew/opt/md4c/lib/libmd4c.0.dylib"
Log:  to "build_release/bin/FocusForgeApp.app/Contents/Frameworks//libmd4c.0.dylib"
Log:  copied: "/opt/homebrew/opt/freetype/lib/libfreetype.6.dylib"
Log:  to "build_release/bin/FocusForgeApp.app/Contents/Frameworks//libfreetype.6.dylib"
Log:  copied: "/opt/homebrew/opt/glib/lib/libgthread-2.0.0.dylib"
Log:  to "build_release/bin/FocusForgeApp.app/Contents/Frameworks//libgthread-2.0.0.dylib"
Log:  copied: "/opt/homebrew/opt/brotli/lib/libbrotlidec.1.dylib"
Log:  to "build_release/bin/FocusForgeApp.app/Contents/Frameworks//libbrotlidec.1.dylib"
Log:  copied: "/opt/homebrew/opt/zstd/lib/libzstd.1.dylib"
Log:  to "build_release/bin/FocusForgeApp.app/Contents/Frameworks//libzstd.1.dylib"
Log:  copied: "/opt/homebrew/opt/icu4c@77/lib/libicui18n.77.dylib"
Log:  to "build_release/bin/FocusForgeApp.app/Contents/Frameworks//libicui18n.77.dylib"
Log:  copied: "/opt/homebrew/opt/icu4c@77/lib/libicuuc.77.dylib"
Log:  to "build_release/bin/FocusForgeApp.app/Contents/Frameworks//libicuuc.77.dylib"
Log:  copied: "/opt/homebrew/opt/icu4c@77/lib/libicudata.77.dylib"
Log:  to "build_release/bin/FocusForgeApp.app/Contents/Frameworks//libicudata.77.dylib"
Log:  copied: "/opt/homebrew/opt/double-conversion/lib/libdouble-conversion.3.dylib"
Log:  to "build_release/bin/FocusForgeApp.app/Contents/Frameworks//libdouble-conversion.3.dylib"
Log:  copied: "/opt/homebrew/opt/libb2/lib/libb2.1.dylib"
Log:  to "build_release/bin/FocusForgeApp.app/Contents/Frameworks//libb2.1.dylib"
Log:  copied: "/opt/homebrew/opt/pcre2/lib/libpcre2-16.0.dylib"
Log:  to "build_release/bin/FocusForgeApp.app/Contents/Frameworks//libpcre2-16.0.dylib"
Log:  copied: "/opt/homebrew/opt/gettext/lib/libintl.8.dylib"
Log:  to "build_release/bin/FocusForgeApp.app/Contents/Frameworks//libintl.8.dylib"
Log:  copied: "/opt/homebrew/opt/pcre2/lib/libpcre2-8.0.dylib"
Log:  to "build_release/bin/FocusForgeApp.app/Contents/Frameworks//libpcre2-8.0.dylib"
Log:  copied: "/opt/homebrew/opt/graphite2/lib/libgraphite2.3.dylib"
Log:  to "build_release/bin/FocusForgeApp.app/Contents/Frameworks//libgraphite2.3.dylib"
Log: 
Log: Deploying QML imports 
Log: Application QML file path(s) is QList("qml")
Log: QML module search path(s) is QList()
Log: Deploying QML import "QtQuick.Controls.Windows"
Log:   Skip import: name or path is empty
Log: 
Log: Deploying QML import "components"
Log:   Skip non-module import
Log: 
Log: Deploying QML import "QML"
Log: copy: "/opt/homebrew/share/qt/qml/QML" "build_release/bin/FocusForgeApp.app/Contents/Resources/qml/QML"
Log:  copied: "/opt/homebrew/share/qt/qml/QML/plugins.qmltypes"
Log:  to "build_release/bin/FocusForgeApp.app/Contents/Resources/qml/QML/plugins.qmltypes"
Log:  copied: "/opt/homebrew/share/qt/qml/QML/qmldir"
Log:  to "build_release/bin/FocusForgeApp.app/Contents/Resources/qml/QML/qmldir"
Log: 
Log: Deploying QML import "Qt.labs.qmlmodels"
Log: copy: "/opt/homebrew/share/qt/qml/Qt/labs/qmlmodels" "build_release/bin/FocusForgeApp.app/Contents/Resources/qml/Qt/labs/qmlmodels"
Log:  copied: "/opt/homebrew/share/qt/qml/Qt/labs/qmlmodels/liblabsmodelsplugin.dylib"
Log:  to "build_release/bin/FocusForgeApp.app/Contents/PlugIns/quick/liblabsmodelsplugin.dylib"
Log:  symlink "build_release/bin/FocusForgeApp.app/Contents/Resources/qml/Qt/labs/qmlmodels/liblabsmodelsplugin.dylib"
Log:  points to "../../../../../PlugIns/quick/liblabsmodelsplugin.dylib"
ERROR: Cannot resolve rpath "@rpath/QtLabsQmlModels.framework/Versions/A/QtLabsQmlModels"
ERROR:  using QList("/Users/plokm/Downloads/focus-forge/lib")
ERROR: Cannot resolve rpath "@rpath/QtQmlModels.framework/Versions/A/QtQmlModels"
ERROR:  using QList("/Users/plokm/Downloads/focus-forge/lib")
ERROR: Cannot resolve rpath "@rpath/QtQml.framework/Versions/A/QtQml"
ERROR:  using QList("/Users/plokm/Downloads/focus-forge/lib")
ERROR: Cannot resolve rpath "@rpath/QtNetwork.framework/Versions/A/QtNetwork"
ERROR:  using QList("/Users/plokm/Downloads/focus-forge/lib")
ERROR: Cannot resolve rpath "@rpath/QtCore.framework/Versions/A/QtCore"
ERROR:  using QList("/Users/plokm/Downloads/focus-forge/lib")
Log:
Log: Deploying Qt frameworks found inside: QList("build_release/bin/FocusForgeApp.app/Contents/PlugIns/quick/liblabsmodelsplugin.dylib")
Log:  copied: "/opt/homebrew/share/qt/qml/Qt/labs/qmlmodels/plugins.qmltypes"
Log:  to "build_release/bin/FocusForgeApp.app/Contents/Resources/qml/Qt/labs/qmlmodels/plugins.qmltypes"
Log:  copied: "/opt/homebrew/share/qt/qml/Qt/labs/qmlmodels/qmldir"
Log:  to "build_release/bin/FocusForgeApp.app/Contents/Resources/qml/Qt/labs/qmlmodels/qmldir"
Log: 
Log: Deploying QML import "QtQml"
Log: copy: "/opt/homebrew/share/qt/qml/QtQml" "build_release/bin/FocusForgeApp.app/Contents/Resources/qml/QtQml"
Log:  copied: "/opt/homebrew/share/qt/qml/QtQml/libqmlplugin.dylib"
Log:  to "build_release/bin/FocusForgeApp.app/Contents/PlugIns/quick/libqmlplugin.dylib"
Log:  symlink "build_release/bin/FocusForgeApp.app/Contents/Resources/qml/QtQml/libqmlplugin.dylib"
Log:  points to "../../../PlugIns/quick/libqmlplugin.dylib"
ERROR: Cannot resolve rpath "@rpath/QtQmlMeta.framework/Versions/A/QtQmlMeta"
ERROR:  using QList("/Users/plokm/Downloads/focus-forge/build_release/bin/lib")
ERROR: Cannot resolve rpath "@rpath/QtQmlModels.framework/Versions/A/QtQmlModels"
ERROR:  using QList("/Users/plokm/Downloads/focus-forge/build_release/bin/lib")
ERROR: Cannot resolve rpath "@rpath/QtQmlWorkerScript.framework/Versions/A/QtQmlWorkerScript"
ERROR:  using QList("/Users/plokm/Downloads/focus-forge/build_release/bin/lib")
ERROR: Cannot resolve rpath "@rpath/QtQml.framework/Versions/A/QtQml"
ERROR:  using QList("/Users/plokm/Downloads/focus-forge/build_release/bin/lib")
ERROR: Cannot resolve rpath "@rpath/QtNetwork.framework/Versions/A/QtNetwork"
ERROR:  using QList("/Users/plokm/Downloads/focus-forge/build_release/bin/lib")
ERROR: Cannot resolve rpath "@rpath/QtCore.framework/Versions/A/QtCore"
ERROR:  using QList("/Users/plokm/Downloads/focus-forge/build_release/bin/lib")
Log:
Log: Deploying Qt frameworks found inside: QList("build_release/bin/FocusForgeApp.app/Contents/PlugIns/quick/libqmlplugin.dylib")
Log:  copied: "/opt/homebrew/share/qt/qml/QtQml/plugins.qmltypes"
Log:  to "build_release/bin/FocusForgeApp.app/Contents/Resources/qml/QtQml/plugins.qmltypes"
Log:  copied: "/opt/homebrew/share/qt/qml/QtQml/qmldir"
Log:  to "build_release/bin/FocusForgeApp.app/Contents/Resources/qml/QtQml/qmldir"
Log: copy: "/opt/homebrew/share/qt/qml/QtQml/Models" "build_release/bin/FocusForgeApp.app/Contents/Resources/qml/QtQml/Models"
Log:  copied: "/opt/homebrew/share/qt/qml/QtQml/Models/libmodelsplugin.dylib"
Log:  to "build_release/bin/FocusForgeApp.app/Contents/PlugIns/quick/libmodelsplugin.dylib"
Log:  symlink "build_release/bin/FocusForgeApp.app/Contents/Resources/qml/QtQml/Models/libmodelsplugin.dylib"
Log:  points to "../../../../PlugIns/quick/libmodelsplugin.dylib"
ERROR: Cannot resolve rpath "@rpath/QtQmlModels.framework/Versions/A/QtQmlModels"
ERROR:  using QList("/Users/plokm/Downloads/focus-forge/build_release/lib")
ERROR: Cannot resolve rpath "@rpath/QtQml.framework/Versions/A/QtQml"
ERROR:  using QList("/Users/plokm/Downloads/focus-forge/build_release/lib")
ERROR: Cannot resolve rpath "@rpath/QtNetwork.framework/Versions/A/QtNetwork"
ERROR:  using QList("/Users/plokm/Downloads/focus-forge/build_release/lib")
ERROR: Cannot resolve rpath "@rpath/QtCore.framework/Versions/A/QtCore"
ERROR:  using QList("/Users/plokm/Downloads/focus-forge/build_release/lib")
Log:
Log: Deploying Qt frameworks found inside: QList("build_release/bin/FocusForgeApp.app/Contents/PlugIns/quick/libmodelsplugin.dylib")
Log:  copied: "/opt/homebrew/share/qt/qml/QtQml/Models/plugins.qmltypes"
Log:  to "build_release/bin/FocusForgeApp.app/Contents/Resources/qml/QtQml/Models/plugins.qmltypes"
Log:  copied: "/opt/homebrew/share/qt/qml/QtQml/Models/qmldir"
Log:  to "build_release/bin/FocusForgeApp.app/Contents/Resources/qml/QtQml/Models/qmldir"
Log: copy: "/opt/homebrew/share/qt/qml/QtQml/StateMachine" "build_release/bin/FocusForgeApp.app/Contents/Resources/qml/QtQml/StateMachine"
Log:  copied: "/opt/homebrew/share/qt/qml/QtQml/StateMachine/libqtqmlstatemachineplugin.dylib"
Log:  to "build_release/bin/FocusForgeApp.app/Contents/PlugIns/quick/libqtqmlstatemachineplugin.dylib"
Log:  symlink "build_release/bin/FocusForgeApp.app/Contents/Resources/qml/QtQml/StateMachine/libqtqmlstatemachineplugin.dylib"
Log:  points to "../../../../PlugIns/quick/libqtqmlstatemachineplugin.dylib"
ERROR: Cannot resolve rpath "@rpath/QtStateMachineQml.framework/Versions/A/QtStateMachineQml"
ERROR:  using QList("/Users/plokm/Downloads/focus-forge/build_release/lib")
ERROR: Cannot resolve rpath "@rpath/QtQml.framework/Versions/A/QtQml"
ERROR:  using QList("/Users/plokm/Downloads/focus-forge/build_release/lib")
ERROR: Cannot resolve rpath "@rpath/QtNetwork.framework/Versions/A/QtNetwork"
ERROR:  using QList("/Users/plokm/Downloads/focus-forge/build_release/lib")
ERROR: Cannot resolve rpath "@rpath/QtStateMachine.framework/Versions/A/QtStateMachine"
ERROR:  using QList("/Users/plokm/Downloads/focus-forge/build_release/lib")
ERROR: Cannot resolve rpath "@rpath/QtGui.framework/Versions/A/QtGui"
ERROR:  using QList("/Users/plokm/Downloads/focus-forge/build_release/lib")
ERROR: Cannot resolve rpath "@rpath/QtCore.framework/Versions/A/QtCore"
ERROR:  using QList("/Users/plokm/Downloads/focus-forge/build_release/lib")
Log:
Log: Deploying Qt frameworks found inside: QList("build_release/bin/FocusForgeApp.app/Contents/PlugIns/quick/libqtqmlstatemachineplugin.dylib")
Log:  copied: "/opt/homebrew/share/qt/qml/QtQml/StateMachine/plugins.qmltypes"
Log:  to "build_release/bin/FocusForgeApp.app/Contents/Resources/qml/QtQml/StateMachine/plugins.qmltypes"
Log:  copied: "/opt/homebrew/share/qt/qml/QtQml/StateMachine/qmldir"
Log:  to "build_release/bin/FocusForgeApp.app/Contents/Resources/qml/QtQml/StateMachine/qmldir"
Log: copy: "/opt/homebrew/share/qt/qml/QtQml/WorkerScript" "build_release/bin/FocusForgeApp.app/Contents/Resources/qml/QtQml/WorkerScript"
Log:  copied: "/opt/homebrew/share/qt/qml/QtQml/WorkerScript/libworkerscriptplugin.dylib"
Log:  to "build_release/bin/FocusForgeApp.app/Contents/PlugIns/quick/libworkerscriptplugin.dylib"
Log:  symlink "build_release/bin/FocusForgeApp.app/Contents/Resources/qml/QtQml/WorkerScript/libworkerscriptplugin.dylib"
Log:  points to "../../../../PlugIns/quick/libworkerscriptplugin.dylib"
ERROR: Cannot resolve rpath "@rpath/QtQmlWorkerScript.framework/Versions/A/QtQmlWorkerScript"
ERROR:  using QList("/Users/plokm/Downloads/focus-forge/build_release/lib")
ERROR: Cannot resolve rpath "@rpath/QtQml.framework/Versions/A/QtQml"
ERROR:  using QList("/Users/plokm/Downloads/focus-forge/build_release/lib")
ERROR: Cannot resolve rpath "@rpath/QtNetwork.framework/Versions/A/QtNetwork"
ERROR:  using QList("/Users/plokm/Downloads/focus-forge/build_release/lib")
ERROR: Cannot resolve rpath "@rpath/QtCore.framework/Versions/A/QtCore"
ERROR:  using QList("/Users/plokm/Downloads/focus-forge/build_release/lib")
Log:
Log: Deploying Qt frameworks found inside: QList("build_release/bin/FocusForgeApp.app/Contents/PlugIns/quick/libworkerscriptplugin.dylib")
Log:  copied: "/opt/homebrew/share/qt/qml/QtQml/WorkerScript/plugins.qmltypes"
Log:  to "build_release/bin/FocusForgeApp.app/Contents/Resources/qml/QtQml/WorkerScript/plugins.qmltypes"
Log:  copied: "/opt/homebrew/share/qt/qml/QtQml/WorkerScript/qmldir"
Log:  to "build_release/bin/FocusForgeApp.app/Contents/Resources/qml/QtQml/WorkerScript/qmldir"
Log: copy: "/opt/homebrew/share/qt/qml/QtQml/XmlListModel" "build_release/bin/FocusForgeApp.app/Contents/Resources/qml/QtQml/XmlListModel"
Log:  copied: "/opt/homebrew/share/qt/qml/QtQml/XmlListModel/libqmlxmllistmodelplugin.dylib"
Log:  to "build_release/bin/FocusForgeApp.app/Contents/PlugIns/quick/libqmlxmllistmodelplugin.dylib"
Log:  symlink "build_release/bin/FocusForgeApp.app/Contents/Resources/qml/QtQml/XmlListModel/libqmlxmllistmodelplugin.dylib"
Log:  points to "../../../../PlugIns/quick/libqmlxmllistmodelplugin.dylib"
ERROR: Cannot resolve rpath "@rpath/QtQmlXmlListModel.framework/Versions/A/QtQmlXmlListModel"
ERROR:  using QList("/Users/plokm/Downloads/focus-forge/build_release/lib")
ERROR: Cannot resolve rpath "@rpath/QtQml.framework/Versions/A/QtQml"
ERROR:  using QList("/Users/plokm/Downloads/focus-forge/build_release/lib")
ERROR: Cannot resolve rpath "@rpath/QtNetwork.framework/Versions/A/QtNetwork"
ERROR:  using QList("/Users/plokm/Downloads/focus-forge/build_release/lib")
ERROR: Cannot resolve rpath "@rpath/QtCore.framework/Versions/A/QtCore"
ERROR:  using QList("/Users/plokm/Downloads/focus-forge/build_release/lib")
Log:
Log: Deploying Qt frameworks found inside: QList("build_release/bin/FocusForgeApp.app/Contents/PlugIns/quick/libqmlxmllistmodelplugin.dylib")
Log:  copied: "/opt/homebrew/share/qt/qml/QtQml/XmlListModel/plugins.qmltypes"
Log:  to "build_release/bin/FocusForgeApp.app/Contents/Resources/qml/QtQml/XmlListModel/plugins.qmltypes"
Log:  copied: "/opt/homebrew/share/qt/qml/QtQml/XmlListModel/qmldir"
Log:  to "build_release/bin/FocusForgeApp.app/Contents/Resources/qml/QtQml/XmlListModel/qmldir"
Log: 
Log: Deploying QML import "QtQml.Models"
Log: 
Log: Deploying QML import "QtQml.WorkerScript"
Log: 
Log: Deploying QML import "QtQuick"
Log: copy: "/opt/homebrew/share/qt/qml/QtQuick" "build_release/bin/FocusForgeApp.app/Contents/Resources/qml/QtQuick"
Log:  copied: "/opt/homebrew/share/qt/qml/QtQuick/libqtquick2plugin.dylib"
Log:  to "build_release/bin/FocusForgeApp.app/Contents/PlugIns/quick/libqtquick2plugin.dylib"
Log:  symlink "build_release/bin/FocusForgeApp.app/Contents/Resources/qml/QtQuick/libqtquick2plugin.dylib"
Log:  points to "../../../PlugIns/quick/libqtquick2plugin.dylib"
ERROR: Cannot resolve rpath "@rpath/QtQuick.framework/Versions/A/QtQuick"
ERROR:  using QList("/Users/plokm/Downloads/focus-forge/build_release/bin/lib")
ERROR: Cannot resolve rpath "@rpath/QtOpenGL.framework/Versions/A/QtOpenGL"
ERROR:  using QList("/Users/plokm/Downloads/focus-forge/build_release/bin/lib")
ERROR: Cannot resolve rpath "@rpath/QtGui.framework/Versions/A/QtGui"
ERROR:  using QList("/Users/plokm/Downloads/focus-forge/build_release/bin/lib")
ERROR: Cannot resolve rpath "@rpath/QtQmlMeta.framework/Versions/A/QtQmlMeta"
ERROR:  using QList("/Users/plokm/Downloads/focus-forge/build_release/bin/lib")
ERROR: Cannot resolve rpath "@rpath/QtQmlModels.framework/Versions/A/QtQmlModels"
ERROR:  using QList("/Users/plokm/Downloads/focus-forge/build_release/bin/lib")
ERROR: Cannot resolve rpath "@rpath/QtQmlWorkerScript.framework/Versions/A/QtQmlWorkerScript"
ERROR:  using QList("/Users/plokm/Downloads/focus-forge/build_release/bin/lib")
ERROR: Cannot resolve rpath "@rpath/QtQml.framework/Versions/A/QtQml"
ERROR:  using QList("/Users/plokm/Downloads/focus-forge/build_release/bin/lib")
ERROR: Cannot resolve rpath "@rpath/QtNetwork.framework/Versions/A/QtNetwork"
ERROR:  using QList("/Users/plokm/Downloads/focus-forge/build_release/bin/lib")
ERROR: Cannot resolve rpath "@rpath/QtCore.framework/Versions/A/QtCore"
ERROR:  using QList("/Users/plokm/Downloads/focus-forge/build_release/bin/lib")
Log:
Log: Deploying Qt frameworks found inside: QList("build_release/bin/FocusForgeApp.app/Contents/PlugIns/quick/libqtquick2plugin.dylib")
Log:  copied: "/opt/homebrew/share/qt/qml/QtQuick/plugins.qmltypes"
Log:  to "build_release/bin/FocusForgeApp.app/Contents/Resources/qml/QtQuick/plugins.qmltypes"
Log:  copied: "/opt/homebrew/share/qt/qml/QtQuick/qmldir"
Log:  to "build_release/bin/FocusForgeApp.app/Contents/Resources/qml/QtQuick/qmldir"
Log: copy: "/opt/homebrew/share/qt/qml/QtQuick/Controls" "build_release/bin/FocusForgeApp.app/Contents/Resources/qml/QtQuick/Controls"
Log:  copied: "/opt/homebrew/share/qt/qml/QtQuick/Controls/libqtquickcontrols2plugin.dylib"
Log:  to "build_release/bin/FocusForgeApp.app/Contents/PlugIns/quick/libqtquickcontrols2plugin.dylib"
Log:  symlink "build_release/bin/FocusForgeApp.app/Contents/Resources/qml/QtQuick/Controls/libqtquickcontrols2plugin.dylib"
Log:  points to "../../../../PlugIns/quick/libqtquickcontrols2plugin.dylib"
ERROR: Cannot resolve rpath "@rpath/QtQuickControls2Impl.framework/Versions/A/QtQuickControls2Impl"
ERROR:  using QList("/Users/plokm/Downloads/focus-forge/build_release/lib")
ERROR: Cannot resolve rpath "@rpath/QtQuickControls2.framework/Versions/A/QtQuickControls2"
ERROR:  using QList("/Users/plokm/Downloads/focus-forge/build_release/lib")
ERROR: Cannot resolve rpath "@rpath/QtQuickTemplates2.framework/Versions/A/QtQuickTemplates2"
ERROR:  using QList("/Users/plokm/Downloads/focus-forge/build_release/lib")
ERROR: Cannot resolve rpath "@rpath/QtQuick.framework/Versions/A/QtQuick"
ERROR:  using QList("/Users/plokm/Downloads/focus-forge/build_release/lib")
ERROR: Cannot resolve rpath "@rpath/QtQmlMeta.framework/Versions/A/QtQmlMeta"
ERROR:  using QList("/Users/plokm/Downloads/focus-forge/build_release/lib")
ERROR: Cannot resolve rpath "@rpath/QtQmlWorkerScript.framework/Versions/A/QtQmlWorkerScript"
ERROR:  using QList("/Users/plokm/Downloads/focus-forge/build_release/lib")
ERROR: Cannot resolve rpath "@rpath/QtOpenGL.framework/Versions/A/QtOpenGL"
ERROR:  using QList("/Users/plokm/Downloads/focus-forge/build_release/lib")
ERROR: Cannot resolve rpath "@rpath/QtGui.framework/Versions/A/QtGui"
ERROR:  using QList("/Users/plokm/Downloads/focus-forge/build_release/lib")
ERROR: Cannot resolve rpath "@rpath/QtQmlModels.framework/Versions/A/QtQmlModels"
ERROR:  using QList("/Users/plokm/Downloads/focus-forge/build_release/lib")
ERROR: Cannot resolve rpath "@rpath/QtQml.framework/Versions/A/QtQml"
ERROR:  using QList("/Users/plokm/Downloads/focus-forge/build_release/lib")
ERROR: Cannot resolve rpath "@rpath/QtNetwork.framework/Versions/A/QtNetwork"
ERROR:  using QList("/Users/plokm/Downloads/focus-forge/build_release/lib")
ERROR: Cannot resolve rpath "@rpath/QtCore.framework/Versions/A/QtCore"
ERROR:  using QList("/Users/plokm/Downloads/focus-forge/build_release/lib")
Log:
Log: Deploying Qt frameworks found inside: QList("build_release/bin/FocusForgeApp.app/Contents/PlugIns/quick/libqtquickcontrols2plugin.dylib")
Log:  copied: "/opt/homebrew/share/qt/qml/QtQuick/Controls/plugins.qmltypes"
Log:  to "build_release/bin/FocusForgeApp.app/Contents/Resources/qml/QtQuick/Controls/plugins.qmltypes"
Log:  copied: "/opt/homebrew/share/qt/qml/QtQuick/Controls/qmldir"
Log:  to "build_release/bin/FocusForgeApp.app/Contents/Resources/qml/QtQuick/Controls/qmldir"
Log: copy: "/opt/homebrew/share/qt/qml/QtQuick/Controls/Basic" "build_release/bin/FocusForgeApp.app/Contents/Resources/qml/QtQuick/Controls/Basic"
Log:  copied: "/opt/homebrew/share/qt/qml/QtQuick/Controls/Basic/AbstractButton.qml"
Log:  to "build_release/bin/FocusForgeApp.app/Contents/Resources/qml/QtQuick/Controls/Basic/AbstractButton.qml"
Log:  copied: "/opt/homebrew/share/qt/qml/QtQuick/Controls/Basic/Action.qml"
Log:  to "build_release/bin/FocusForgeApp.app/Contents/Resources/qml/QtQuick/Controls/Basic/Action.qml"
Log:  copied: "/opt/homebrew/share/qt/qml/QtQuick/Controls/Basic/ActionGroup.qml"
Log:  to "build_release/bin/FocusForgeApp.app/Contents/Resources/qml/QtQuick/Controls/Basic/ActionGroup.qml"
Log:  copied: "/opt/homebrew/share/qt/qml/QtQuick/Controls/Basic/ApplicationWindow.qml"
Log:  to "build_release/bin/FocusForgeApp.app/Contents/Resources/qml/QtQuick/Controls/Basic/ApplicationWindow.qml"
Log:  copied: "/opt/homebrew/share/qt/qml/QtQuick/Controls/Basic/BusyIndicator.qml"
Log:  to "build_release/bin/FocusForgeApp.app/Contents/Resources/qml/QtQuick/Controls/Basic/BusyIndicator.qml"
Log:  copied: "/opt/homebrew/share/qt/qml/QtQuick/Controls/Basic/Button.qml"
Log:  to "build_release/bin/FocusForgeApp.app/Contents/Resources/qml/QtQuick/Controls/Basic/Button.qml"
Log:  copied: "/opt/homebrew/share/qt/qml/QtQuick/Controls/Basic/ButtonGroup.qml"
Log:  to "build_release/bin/FocusForgeApp.app/Contents/Resources/qml/QtQuick/Controls/Basic/ButtonGroup.qml"
Log:  copied: "/opt/homebrew/share/qt/qml/QtQuick/Controls/Basic/Calendar.qml"
Log:  to "build_release/bin/FocusForgeApp.app/Contents/Resources/qml/QtQuick/Controls/Basic/Calendar.qml"
Log:  copied: "/opt/homebrew/share/qt/qml/QtQuick/Controls/Basic/CalendarModel.qml"
Log:  to "build_release/bin/FocusForgeApp.app/Contents/Resources/qml/QtQuick/Controls/Basic/CalendarModel.qml"
Log:  copied: "/opt/homebrew/share/qt/qml/QtQuick/Controls/Basic/CheckBox.qml"
Log:  to "build_release/bin/FocusForgeApp.app/Contents/Resources/qml/QtQuick/Controls/Basic/CheckBox.qml"
Log:  copied: "/opt/homebrew/share/qt/qml/QtQuick/Controls/Basic/CheckDelegate.qml"
Log:  to "build_release/bin/FocusForgeApp.app/Contents/Resources/qml/QtQuick/Controls/Basic/CheckDelegate.qml"
Log:  copied: "/opt/homebrew/share/qt/qml/QtQuick/Controls/Basic/ComboBox.qml"
Log:  to "build_release/bin/FocusForgeApp.app/Contents/Resources/qml/QtQuick/Controls/Basic/ComboBox.qml"
Log:  copied: "/opt/homebrew/share/qt/qml/QtQuick/Controls/Basic/Container.qml"
Log:  to "build_release/bin/FocusForgeApp.app/Contents/Resources/qml/QtQuick/Controls/Basic/Container.qml"
Log:  copied: "/opt/homebrew/share/qt/qml/QtQuick/Controls/Basic/Control.qml"
Log:  to "build_release/bin/FocusForgeApp.app/Contents/Resources/qml/QtQuick/Controls/Basic/Control.qml"
Log:  copied: "/opt/homebrew/share/qt/qml/QtQuick/Controls/Basic/DayOfWeekRow.qml"
Log:  to "build_release/bin/FocusForgeApp.app/Contents/Resources/qml/QtQuick/Controls/Basic/DayOfWeekRow.qml"
Log:  copied: "/opt/homebrew/share/qt/qml/QtQuick/Controls/Basic/DelayButton.qml"
Log:  to "build_release/bin/FocusForgeApp.app/Contents/Resources/qml/QtQuick/Controls/Basic/DelayButton.qml"
Log:  copied: "/opt/homebrew/share/qt/qml/QtQuick/Controls/Basic/Dial.qml"
Log:  to "build_release/bin/FocusForgeApp.app/Contents/Resources/qml/QtQuick/Controls/Basic/Dial.qml"
Log:  copied: "/opt/homebrew/share/qt/qml/QtQuick/Controls/Basic/Dialog.qml"
Log:  to "build_release/bin/FocusForgeApp.app/Contents/Resources/qml/QtQuick/Controls/Basic/Dialog.qml"
Log:  copied: "/opt/homebrew/share/qt/qml/QtQuick/Controls/Basic/DialogButtonBox.qml"
Log:  to "build_release/bin/FocusForgeApp.app/Contents/Resources/qml/QtQuick/Controls/Basic/DialogButtonBox.qml"
Log:  copied: "/opt/homebrew/share/qt/qml/QtQuick/Controls/Basic/Drawer.qml"
Log:  to "build_release/bin/FocusForgeApp.app/Contents/Resources/qml/QtQuick/Controls/Basic/Drawer.qml"
Log:  copied: "/opt/homebrew/share/qt/qml/QtQuick/Controls/Basic/Frame.qml"
Log:  to "build_release/bin/FocusForgeApp.app/Contents/Resources/qml/QtQuick/Controls/Basic/Frame.qml"
Log:  copied: "/opt/homebrew/share/qt/qml/QtQuick/Controls/Basic/GroupBox.qml"
Log:  to "build_release/bin/FocusForgeApp.app/Contents/Resources/qml/QtQuick/Controls/Basic/GroupBox.qml"
Log:  copied: "/opt/homebrew/share/qt/qml/QtQuick/Controls/Basic/HorizontalHeaderView.qml"
Log:  to "build_release/bin/FocusForgeApp.app/Contents/Resources/qml/QtQuick/Controls/Basic/HorizontalHeaderView.qml"
Log:  copied: "/opt/homebrew/share/qt/qml/QtQuick/Controls/Basic/ItemDelegate.qml"
Log:  to "build_release/bin/FocusForgeApp.app/Contents/Resources/qml/QtQuick/Controls/Basic/ItemDelegate.qml"
Log:  copied: "/opt/homebrew/share/qt/qml/QtQuick/Controls/Basic/Label.qml"
Log:  to "build_release/bin/FocusForgeApp.app/Contents/Resources/qml/QtQuick/Controls/Basic/Label.qml"
Log:  copied: "/opt/homebrew/share/qt/qml/QtQuick/Controls/Basic/libqtquickcontrols2basicstyleplugin.dylib"
Log:  to "build_release/bin/FocusForgeApp.app/Contents/PlugIns/quick/libqtquickcontrols2basicstyleplugin.dylib"
Log:  symlink "build_release/bin/FocusForgeApp.app/Contents/Resources/qml/QtQuick/Controls/Basic/libqtquickcontrols2basicstyleplugin.dylib"
Log:  points to "../../../../../PlugIns/quick/libqtquickcontrols2basicstyleplugin.dylib"
ERROR: Cannot resolve rpath "@rpath/QtQuickControls2Basic.framework/Versions/A/QtQuickControls2Basic"
ERROR:  using QList("/Users/plokm/Downloads/focus-forge/lib")
ERROR: Cannot resolve rpath "@rpath/QtQuickControls2.framework/Versions/A/QtQuickControls2"
ERROR:  using QList("/Users/plokm/Downloads/focus-forge/lib")
ERROR: Cannot resolve rpath "@rpath/QtQuick.framework/Versions/A/QtQuick"
ERROR:  using QList("/Users/plokm/Downloads/focus-forge/lib")
ERROR: Cannot resolve rpath "@rpath/QtQmlMeta.framework/Versions/A/QtQmlMeta"
ERROR:  using QList("/Users/plokm/Downloads/focus-forge/lib")
ERROR: Cannot resolve rpath "@rpath/QtQmlWorkerScript.framework/Versions/A/QtQmlWorkerScript"
ERROR:  using QList("/Users/plokm/Downloads/focus-forge/lib")
ERROR: Cannot resolve rpath "@rpath/QtOpenGL.framework/Versions/A/QtOpenGL"
ERROR:  using QList("/Users/plokm/Downloads/focus-forge/lib")
ERROR: Cannot resolve rpath "@rpath/QtGui.framework/Versions/A/QtGui"
ERROR:  using QList("/Users/plokm/Downloads/focus-forge/lib")
ERROR: Cannot resolve rpath "@rpath/QtQmlModels.framework/Versions/A/QtQmlModels"
ERROR:  using QList("/Users/plokm/Downloads/focus-forge/lib")
ERROR: Cannot resolve rpath "@rpath/QtQml.framework/Versions/A/QtQml"
ERROR:  using QList("/Users/plokm/Downloads/focus-forge/lib")
ERROR: Cannot resolve rpath "@rpath/QtNetwork.framework/Versions/A/QtNetwork"
ERROR:  using QList("/Users/plokm/Downloads/focus-forge/lib")
ERROR: Cannot resolve rpath "@rpath/QtCore.framework/Versions/A/QtCore"
ERROR:  using QList("/Users/plokm/Downloads/focus-forge/lib")
Log:
Log: Deploying Qt frameworks found inside: QList("build_release/bin/FocusForgeApp.app/Contents/PlugIns/quick/libqtquickcontrols2basicstyleplugin.dylib")
Log:  copied: "/opt/homebrew/share/qt/qml/QtQuick/Controls/Basic/Menu.qml"
Log:  to "build_release/bin/FocusForgeApp.app/Contents/Resources/qml/QtQuick/Controls/Basic/Menu.qml"
Log:  copied: "/opt/homebrew/share/qt/qml/QtQuick/Controls/Basic/MenuBar.qml"
Log:  to "build_release/bin/FocusForgeApp.app/Contents/Resources/qml/QtQuick/Controls/Basic/MenuBar.qml"
Log:  copied: "/opt/homebrew/share/qt/qml/QtQuick/Controls/Basic/MenuBarItem.qml"
Log:  to "build_release/bin/FocusForgeApp.app/Contents/Resources/qml/QtQuick/Controls/Basic/MenuBarItem.qml"
Log:  copied: "/opt/homebrew/share/qt/qml/QtQuick/Controls/Basic/MenuItem.qml"
Log:  to "build_release/bin/FocusForgeApp.app/Contents/Resources/qml/QtQuick/Controls/Basic/MenuItem.qml"
Log:  copied: "/opt/homebrew/share/qt/qml/QtQuick/Controls/Basic/MenuSeparator.qml"
Log:  to "build_release/bin/FocusForgeApp.app/Contents/Resources/qml/QtQuick/Controls/Basic/MenuSeparator.qml"
Log:  copied: "/opt/homebrew/share/qt/qml/QtQuick/Controls/Basic/MonthGrid.qml"
Log:  to "build_release/bin/FocusForgeApp.app/Contents/Resources/qml/QtQuick/Controls/Basic/MonthGrid.qml"
Log:  copied: "/opt/homebrew/share/qt/qml/QtQuick/Controls/Basic/Page.qml"
Log:  to "build_release/bin/FocusForgeApp.app/Contents/Resources/qml/QtQuick/Controls/Basic/Page.qml"
Log:  copied: "/opt/homebrew/share/qt/qml/QtQuick/Controls/Basic/PageIndicator.qml"
Log:  to "build_release/bin/FocusForgeApp.app/Contents/Resources/qml/QtQuick/Controls/Basic/PageIndicator.qml"
Log:  copied: "/opt/homebrew/share/qt/qml/QtQuick/Controls/Basic/Pane.qml"
Log:  to "build_release/bin/FocusForgeApp.app/Contents/Resources/qml/QtQuick/Controls/Basic/Pane.qml"
Log:  copied: "/opt/homebrew/share/qt/qml/QtQuick/Controls/Basic/plugins.qmltypes"
Log:  to "build_release/bin/FocusForgeApp.app/Contents/Resources/qml/QtQuick/Controls/Basic/plugins.qmltypes"
Log:  copied: "/opt/homebrew/share/qt/qml/QtQuick/Controls/Basic/Popup.qml"
Log:  to "build_release/bin/FocusForgeApp.app/Contents/Resources/qml/QtQuick/Controls/Basic/Popup.qml"
Log:  copied: "/opt/homebrew/share/qt/qml/QtQuick/Controls/Basic/ProgressBar.qml"
Log:  to "build_release/bin/FocusForgeApp.app/Contents/Resources/qml/QtQuick/Controls/Basic/ProgressBar.qml"
Log:  copied: "/opt/homebrew/share/qt/qml/QtQuick/Controls/Basic/qmldir"
Log:  to "build_release/bin/FocusForgeApp.app/Contents/Resources/qml/QtQuick/Controls/Basic/qmldir"
Log:  copied: "/opt/homebrew/share/qt/qml/QtQuick/Controls/Basic/RadioButton.qml"
Log:  to "build_release/bin/FocusForgeApp.app/Contents/Resources/qml/QtQuick/Controls/Basic/RadioButton.qml"
Log:  copied: "/opt/homebrew/share/qt/qml/QtQuick/Controls/Basic/RadioDelegate.qml"
Log:  to "build_release/bin/FocusForgeApp.app/Contents/Resources/qml/QtQuick/Controls/Basic/RadioDelegate.qml"
Log:  copied: "/opt/homebrew/share/qt/qml/QtQuick/Controls/Basic/RangeSlider.qml"
Log:  to "build_release/bin/FocusForgeApp.app/Contents/Resources/qml/QtQuick/Controls/Basic/RangeSlider.qml"
Log:  copied: "/opt/homebrew/share/qt/qml/QtQuick/Controls/Basic/RoundButton.qml"
Log:  to "build_release/bin/FocusForgeApp.app/Contents/Resources/qml/QtQuick/Controls/Basic/RoundButton.qml"
Log:  copied: "/opt/homebrew/share/qt/qml/QtQuick/Controls/Basic/ScrollBar.qml"
Log:  to "build_release/bin/FocusForgeApp.app/Contents/Resources/qml/QtQuick/Controls/Basic/ScrollBar.qml"
Log:  copied: "/opt/homebrew/share/qt/qml/QtQuick/Controls/Basic/ScrollIndicator.qml"
Log:  to "build_release/bin/FocusForgeApp.app/Contents/Resources/qml/QtQuick/Controls/Basic/ScrollIndicator.qml"
Log:  copied: "/opt/homebrew/share/qt/qml/QtQuick/Controls/Basic/ScrollView.qml"
Log:  to "build_release/bin/FocusForgeApp.app/Contents/Resources/qml/QtQuick/Controls/Basic/ScrollView.qml"
Log:  copied: "/opt/homebrew/share/qt/qml/QtQuick/Controls/Basic/SelectionRectangle.qml"
Log:  to "build_release/bin/FocusForgeApp.app/Contents/Resources/qml/QtQuick/Controls/Basic/SelectionRectangle.qml"
Log:  copied: "/opt/homebrew/share/qt/qml/QtQuick/Controls/Basic/Slider.qml"
Log:  to "build_release/bin/FocusForgeApp.app/Contents/Resources/qml/QtQuick/Controls/Basic/Slider.qml"
Log:  copied: "/opt/homebrew/share/qt/qml/QtQuick/Controls/Basic/SpinBox.qml"
Log:  to "build_release/bin/FocusForgeApp.app/Contents/Resources/qml/QtQuick/Controls/Basic/SpinBox.qml"
Log:  copied: "/opt/homebrew/share/qt/qml/QtQuick/Controls/Basic/SplitView.qml"
Log:  to "build_release/bin/FocusForgeApp.app/Contents/Resources/qml/QtQuick/Controls/Basic/SplitView.qml"
Log:  copied: "/opt/homebrew/share/qt/qml/QtQuick/Controls/Basic/StackView.qml"
Log:  to "build_release/bin/FocusForgeApp.app/Contents/Resources/qml/QtQuick/Controls/Basic/StackView.qml"
Log:  copied: "/opt/homebrew/share/qt/qml/QtQuick/Controls/Basic/SwipeDelegate.qml"
Log:  to "build_release/bin/FocusForgeApp.app/Contents/Resources/qml/QtQuick/Controls/Basic/SwipeDelegate.qml"
Log:  copied: "/opt/homebrew/share/qt/qml/QtQuick/Controls/Basic/SwipeView.qml"
Log:  to "build_release/bin/FocusForgeApp.app/Contents/Resources/qml/QtQuick/Controls/Basic/SwipeView.qml"
Log:  copied: "/opt/homebrew/share/qt/qml/QtQuick/Controls/Basic/Switch.qml"
Log:  to "build_release/bin/FocusForgeApp.app/Contents/Resources/qml/QtQuick/Controls/Basic/Switch.qml"
Log:  copied: "/opt/homebrew/share/qt/qml/QtQuick/Controls/Basic/SwitchDelegate.qml"
Log:  to "build_release/bin/FocusForgeApp.app/Contents/Resources/qml/QtQuick/Controls/Basic/SwitchDelegate.qml"
Log:  copied: "/opt/homebrew/share/qt/qml/QtQuick/Controls/Basic/TabBar.qml"
Log:  to "build_release/bin/FocusForgeApp.app/Contents/Resources/qml/QtQuick/Controls/Basic/TabBar.qml"
Log:  copied: "/opt/homebrew/share/qt/qml/QtQuick/Controls/Basic/TabButton.qml"
Log:  to "build_release/bin/FocusForgeApp.app/Contents/Resources/qml/QtQuick/Controls/Basic/TabButton.qml"
Log:  copied: "/opt/homebrew/share/qt/qml/QtQuick/Controls/Basic/TableViewDelegate.qml"
Log:  to "build_release/bin/FocusForgeApp.app/Contents/Resources/qml/QtQuick/Controls/Basic/TableViewDelegate.qml"
Log:  copied: "/opt/homebrew/share/qt/qml/QtQuick/Controls/Basic/TextArea.qml"
Log:  to "build_release/bin/FocusForgeApp.app/Contents/Resources/qml/QtQuick/Controls/Basic/TextArea.qml"
Log:  copied: "/opt/homebrew/share/qt/qml/QtQuick/Controls/Basic/TextField.qml"
Log:  to "build_release/bin/FocusForgeApp.app/Contents/Resources/qml/QtQuick/Controls/Basic/TextField.qml"
Log:  copied: "/opt/homebrew/share/qt/qml/QtQuick/Controls/Basic/ToolBar.qml"
Log:  to "build_release/bin/FocusForgeApp.app/Contents/Resources/qml/QtQuick/Controls/Basic/ToolBar.qml"
Log:  copied: "/opt/homebrew/share/qt/qml/QtQuick/Controls/Basic/ToolButton.qml"
Log:  to "build_release/bin/FocusForgeApp.app/Contents/Resources/qml/QtQuick/Controls/Basic/ToolButton.qml"
Log:  copied: "/opt/homebrew/share/qt/qml/QtQuick/Controls/Basic/ToolSeparator.qml"
Log:  to "build_release/bin/FocusForgeApp.app/Contents/Resources/qml/QtQuick/Controls/Basic/ToolSeparator.qml"
Log:  copied: "/opt/homebrew/share/qt/qml/QtQuick/Controls/Basic/ToolTip.qml"
Log:  to "build_release/bin/FocusForgeApp.app/Contents/Resources/qml/QtQuick/Controls/Basic/ToolTip.qml"
Log:  copied: "/opt/homebrew/share/qt/qml/QtQuick/Controls/Basic/TreeViewDelegate.qml"
Log:  to "build_release/bin/FocusForgeApp.app/Contents/Resources/qml/QtQuick/Controls/Basic/TreeViewDelegate.qml"
Log:  copied: "/opt/homebrew/share/qt/qml/QtQuick/Controls/Basic/Tumbler.qml"
Log:  to "build_release/bin/FocusForgeApp.app/Contents/Resources/qml/QtQuick/Controls/Basic/Tumbler.qml"
Log:  copied: "/opt/homebrew/share/qt/qml/QtQuick/Controls/Basic/VerticalHeaderView.qml"
Log:  to "build_release/bin/FocusForgeApp.app/Contents/Resources/qml/QtQuick/Controls/Basic/VerticalHeaderView.qml"
Log:  copied: "/opt/homebrew/share/qt/qml/QtQuick/Controls/Basic/WeekNumberColumn.qml"
Log:  to "build_release/bin/FocusForgeApp.app/Contents/Resources/qml/QtQuick/Controls/Basic/WeekNumberColumn.qml"
Log: copy: "/opt/homebrew/share/qt/qml/QtQuick/Controls/Basic/impl" "build_release/bin/FocusForgeApp.app/Contents/Resources/qml/QtQuick/Controls/Basic/impl"
Log:  copied: "/opt/homebrew/share/qt/qml/QtQuick/Controls/Basic/impl/libqtquickcontrols2basicstyleimplplugin.dylib"
Log:  to "build_release/bin/FocusForgeApp.app/Contents/PlugIns/quick/libqtquickcontrols2basicstyleimplplugin.dylib"
Log:  symlink "build_release/bin/FocusForgeApp.app/Contents/Resources/qml/QtQuick/Controls/Basic/impl/libqtquickcontrols2basicstyleimplplugin.dylib"
Log:  points to "../../../../../../PlugIns/quick/libqtquickcontrols2basicstyleimplplugin.dylib"
ERROR: Cannot resolve rpath "@rpath/QtQuickControls2BasicStyleImpl.framework/Versions/A/QtQuickControls2BasicStyleImpl"
ERROR:  using QList("/Users/plokm/Downloads/lib")
ERROR: Cannot resolve rpath "@rpath/QtQml.framework/Versions/A/QtQml"
ERROR:  using QList("/Users/plokm/Downloads/lib")
ERROR: Cannot resolve rpath "@rpath/QtNetwork.framework/Versions/A/QtNetwork"
ERROR:  using QList("/Users/plokm/Downloads/lib")
ERROR: Cannot resolve rpath "@rpath/QtCore.framework/Versions/A/QtCore"
ERROR:  using QList("/Users/plokm/Downloads/lib")
Log:
Log: Deploying Qt frameworks found inside: QList("build_release/bin/FocusForgeApp.app/Contents/PlugIns/quick/libqtquickcontrols2basicstyleimplplugin.dylib")
Log:  copied: "/opt/homebrew/share/qt/qml/QtQuick/Controls/Basic/impl/plugins.qmltypes"
Log:  to "build_release/bin/FocusForgeApp.app/Contents/Resources/qml/QtQuick/Controls/Basic/impl/plugins.qmltypes"
Log:  copied: "/opt/homebrew/share/qt/qml/QtQuick/Controls/Basic/impl/qmldir"
Log:  to "build_release/bin/FocusForgeApp.app/Contents/Resources/qml/QtQuick/Controls/Basic/impl/qmldir"
Log: copy: "/opt/homebrew/share/qt/qml/QtQuick/Controls/designer" "build_release/bin/FocusForgeApp.app/Contents/Resources/qml/QtQuick/Controls/designer"
Log:  copied: "/opt/homebrew/share/qt/qml/QtQuick/Controls/designer/AbstractButtonSection.qml"
Log:  to "build_release/bin/FocusForgeApp.app/Contents/Resources/qml/QtQuick/Controls/designer/AbstractButtonSection.qml"
Log:  copied: "/opt/homebrew/share/qt/qml/QtQuick/Controls/designer/BusyIndicatorSpecifics.qml"
Log:  to "build_release/bin/FocusForgeApp.app/Contents/Resources/qml/QtQuick/Controls/designer/BusyIndicatorSpecifics.qml"
Log:  copied: "/opt/homebrew/share/qt/qml/QtQuick/Controls/designer/ButtonSection.qml"
Log:  to "build_release/bin/FocusForgeApp.app/Contents/Resources/qml/QtQuick/Controls/designer/ButtonSection.qml"
Log:  copied: "/opt/homebrew/share/qt/qml/QtQuick/Controls/designer/ButtonSpecifics.qml"
Log:  to "build_release/bin/FocusForgeApp.app/Contents/Resources/qml/QtQuick/Controls/designer/ButtonSpecifics.qml"
Log:  copied: "/opt/homebrew/share/qt/qml/QtQuick/Controls/designer/CheckBoxSpecifics.qml"
Log:  to "build_release/bin/FocusForgeApp.app/Contents/Resources/qml/QtQuick/Controls/designer/CheckBoxSpecifics.qml"
Log:  copied: "/opt/homebrew/share/qt/qml/QtQuick/Controls/designer/CheckDelegateSpecifics.qml"
Log:  to "build_release/bin/FocusForgeApp.app/Contents/Resources/qml/QtQuick/Controls/designer/CheckDelegateSpecifics.qml"
Log:  copied: "/opt/homebrew/share/qt/qml/QtQuick/Controls/designer/CheckSection.qml"
Log:  to "build_release/bin/FocusForgeApp.app/Contents/Resources/qml/QtQuick/Controls/designer/CheckSection.qml"
Log:  copied: "/opt/homebrew/share/qt/qml/QtQuick/Controls/designer/ComboBoxSpecifics.qml"
Log:  to "build_release/bin/FocusForgeApp.app/Contents/Resources/qml/QtQuick/Controls/designer/ComboBoxSpecifics.qml"
Log:  copied: "/opt/homebrew/share/qt/qml/QtQuick/Controls/designer/ContainerSection.qml"
Log:  to "build_release/bin/FocusForgeApp.app/Contents/Resources/qml/QtQuick/Controls/designer/ContainerSection.qml"
Log:  copied: "/opt/homebrew/share/qt/qml/QtQuick/Controls/designer/ControlSection.qml"
Log:  to "build_release/bin/FocusForgeApp.app/Contents/Resources/qml/QtQuick/Controls/designer/ControlSection.qml"
Log:  copied: "/opt/homebrew/share/qt/qml/QtQuick/Controls/designer/ControlSpecifics.qml"
Log:  to "build_release/bin/FocusForgeApp.app/Contents/Resources/qml/QtQuick/Controls/designer/ControlSpecifics.qml"
Log:  copied: "/opt/homebrew/share/qt/qml/QtQuick/Controls/designer/DelayButtonSpecifics.qml"
Log:  to "build_release/bin/FocusForgeApp.app/Contents/Resources/qml/QtQuick/Controls/designer/DelayButtonSpecifics.qml"
Log:  copied: "/opt/homebrew/share/qt/qml/QtQuick/Controls/designer/DialSpecifics.qml"
Log:  to "build_release/bin/FocusForgeApp.app/Contents/Resources/qml/QtQuick/Controls/designer/DialSpecifics.qml"
Log:  copied: "/opt/homebrew/share/qt/qml/QtQuick/Controls/designer/FrameSpecifics.qml"
Log:  to "build_release/bin/FocusForgeApp.app/Contents/Resources/qml/QtQuick/Controls/designer/FrameSpecifics.qml"
Log:  copied: "/opt/homebrew/share/qt/qml/QtQuick/Controls/designer/GroupBoxSpecifics.qml"
Log:  to "build_release/bin/FocusForgeApp.app/Contents/Resources/qml/QtQuick/Controls/designer/GroupBoxSpecifics.qml"
Log:  copied: "/opt/homebrew/share/qt/qml/QtQuick/Controls/designer/InsetSection.qml"
Log:  to "build_release/bin/FocusForgeApp.app/Contents/Resources/qml/QtQuick/Controls/designer/InsetSection.qml"
Log:  copied: "/opt/homebrew/share/qt/qml/QtQuick/Controls/designer/ItemDelegateSection.qml"
Log:  to "build_release/bin/FocusForgeApp.app/Contents/Resources/qml/QtQuick/Controls/designer/ItemDelegateSection.qml"
Log:  copied: "/opt/homebrew/share/qt/qml/QtQuick/Controls/designer/ItemDelegateSpecifics.qml"
Log:  to "build_release/bin/FocusForgeApp.app/Contents/Resources/qml/QtQuick/Controls/designer/ItemDelegateSpecifics.qml"
Log:  copied: "/opt/homebrew/share/qt/qml/QtQuick/Controls/designer/LabelSpecifics.qml"
Log:  to "build_release/bin/FocusForgeApp.app/Contents/Resources/qml/QtQuick/Controls/designer/LabelSpecifics.qml"
Log:  copied: "/opt/homebrew/share/qt/qml/QtQuick/Controls/designer/PaddingSection.qml"
Log:  to "build_release/bin/FocusForgeApp.app/Contents/Resources/qml/QtQuick/Controls/designer/PaddingSection.qml"
Log:  copied: "/opt/homebrew/share/qt/qml/QtQuick/Controls/designer/PageIndicatorSpecifics.qml"
Log:  to "build_release/bin/FocusForgeApp.app/Contents/Resources/qml/QtQuick/Controls/designer/PageIndicatorSpecifics.qml"
Log:  copied: "/opt/homebrew/share/qt/qml/QtQuick/Controls/designer/PageSpecifics.qml"
Log:  to "build_release/bin/FocusForgeApp.app/Contents/Resources/qml/QtQuick/Controls/designer/PageSpecifics.qml"
Log:  copied: "/opt/homebrew/share/qt/qml/QtQuick/Controls/designer/PaneSection.qml"
Log:  to "build_release/bin/FocusForgeApp.app/Contents/Resources/qml/QtQuick/Controls/designer/PaneSection.qml"
Log:  copied: "/opt/homebrew/share/qt/qml/QtQuick/Controls/designer/PaneSpecifics.qml"
Log:  to "build_release/bin/FocusForgeApp.app/Contents/Resources/qml/QtQuick/Controls/designer/PaneSpecifics.qml"
Log:  copied: "/opt/homebrew/share/qt/qml/QtQuick/Controls/designer/ProgressBarSpecifics.qml"
Log:  to "build_release/bin/FocusForgeApp.app/Contents/Resources/qml/QtQuick/Controls/designer/ProgressBarSpecifics.qml"
Log:  copied: "/opt/homebrew/share/qt/qml/QtQuick/Controls/designer/qtquickcontrols2.metainfo"
Log:  to "build_release/bin/FocusForgeApp.app/Contents/Resources/qml/QtQuick/Controls/designer/qtquickcontrols2.metainfo"
Log:  copied: "/opt/homebrew/share/qt/qml/QtQuick/Controls/designer/RadioButtonSpecifics.qml"
Log:  to "build_release/bin/FocusForgeApp.app/Contents/Resources/qml/QtQuick/Controls/designer/RadioButtonSpecifics.qml"
Log:  copied: "/opt/homebrew/share/qt/qml/QtQuick/Controls/designer/RadioDelegateSpecifics.qml"
Log:  to "build_release/bin/FocusForgeApp.app/Contents/Resources/qml/QtQuick/Controls/designer/RadioDelegateSpecifics.qml"
Log:  copied: "/opt/homebrew/share/qt/qml/QtQuick/Controls/designer/RangeSliderSpecifics.qml"
Log:  to "build_release/bin/FocusForgeApp.app/Contents/Resources/qml/QtQuick/Controls/designer/RangeSliderSpecifics.qml"
Log:  copied: "/opt/homebrew/share/qt/qml/QtQuick/Controls/designer/RoundButtonSpecifics.qml"
Log:  to "build_release/bin/FocusForgeApp.app/Contents/Resources/qml/QtQuick/Controls/designer/RoundButtonSpecifics.qml"
Log:  copied: "/opt/homebrew/share/qt/qml/QtQuick/Controls/designer/ScrollViewSpecifics.qml"
Log:  to "build_release/bin/FocusForgeApp.app/Contents/Resources/qml/QtQuick/Controls/designer/ScrollViewSpecifics.qml"
Log:  copied: "/opt/homebrew/share/qt/qml/QtQuick/Controls/designer/SliderSpecifics.qml"
Log:  to "build_release/bin/FocusForgeApp.app/Contents/Resources/qml/QtQuick/Controls/designer/SliderSpecifics.qml"
Log:  copied: "/opt/homebrew/share/qt/qml/QtQuick/Controls/designer/SpinBoxSpecifics.qml"
Log:  to "build_release/bin/FocusForgeApp.app/Contents/Resources/qml/QtQuick/Controls/designer/SpinBoxSpecifics.qml"
Log:  copied: "/opt/homebrew/share/qt/qml/QtQuick/Controls/designer/StackViewSpecifics.qml"
Log:  to "build_release/bin/FocusForgeApp.app/Contents/Resources/qml/QtQuick/Controls/designer/StackViewSpecifics.qml"
Log:  copied: "/opt/homebrew/share/qt/qml/QtQuick/Controls/designer/SwipeDelegateSpecifics.qml"
Log:  to "build_release/bin/FocusForgeApp.app/Contents/Resources/qml/QtQuick/Controls/designer/SwipeDelegateSpecifics.qml"
Log:  copied: "/opt/homebrew/share/qt/qml/QtQuick/Controls/designer/SwipeViewSpecifics.qml"
Log:  to "build_release/bin/FocusForgeApp.app/Contents/Resources/qml/QtQuick/Controls/designer/SwipeViewSpecifics.qml"
Log:  copied: "/opt/homebrew/share/qt/qml/QtQuick/Controls/designer/SwitchDelegateSpecifics.qml"
Log:  to "build_release/bin/FocusForgeApp.app/Contents/Resources/qml/QtQuick/Controls/designer/SwitchDelegateSpecifics.qml"
Log:  copied: "/opt/homebrew/share/qt/qml/QtQuick/Controls/designer/SwitchSpecifics.qml"
Log:  to "build_release/bin/FocusForgeApp.app/Contents/Resources/qml/QtQuick/Controls/designer/SwitchSpecifics.qml"
Log:  copied: "/opt/homebrew/share/qt/qml/QtQuick/Controls/designer/TabBarSpecifics.qml"
Log:  to "build_release/bin/FocusForgeApp.app/Contents/Resources/qml/QtQuick/Controls/designer/TabBarSpecifics.qml"
Log:  copied: "/opt/homebrew/share/qt/qml/QtQuick/Controls/designer/TabButtonSpecifics.qml"
Log:  to "build_release/bin/FocusForgeApp.app/Contents/Resources/qml/QtQuick/Controls/designer/TabButtonSpecifics.qml"
Log:  copied: "/opt/homebrew/share/qt/qml/QtQuick/Controls/designer/TextAreaSpecifics.qml"
Log:  to "build_release/bin/FocusForgeApp.app/Contents/Resources/qml/QtQuick/Controls/designer/TextAreaSpecifics.qml"
Log:  copied: "/opt/homebrew/share/qt/qml/QtQuick/Controls/designer/TextFieldSpecifics.qml"
Log:  to "build_release/bin/FocusForgeApp.app/Contents/Resources/qml/QtQuick/Controls/designer/TextFieldSpecifics.qml"
Log:  copied: "/opt/homebrew/share/qt/qml/QtQuick/Controls/designer/ToolBarSpecifics.qml"
Log:  to "build_release/bin/FocusForgeApp.app/Contents/Resources/qml/QtQuick/Controls/designer/ToolBarSpecifics.qml"
Log:  copied: "/opt/homebrew/share/qt/qml/QtQuick/Controls/designer/ToolButtonSpecifics.qml"
Log:  to "build_release/bin/FocusForgeApp.app/Contents/Resources/qml/QtQuick/Controls/designer/ToolButtonSpecifics.qml"
Log:  copied: "/opt/homebrew/share/qt/qml/QtQuick/Controls/designer/ToolSeparatorSpecifics.qml"
Log:  to "build_release/bin/FocusForgeApp.app/Contents/Resources/qml/QtQuick/Controls/designer/ToolSeparatorSpecifics.qml"
Log:  copied: "/opt/homebrew/share/qt/qml/QtQuick/Controls/designer/TumblerSpecifics.qml"
Log:  to "build_release/bin/FocusForgeApp.app/Contents/Resources/qml/QtQuick/Controls/designer/TumblerSpecifics.qml"
Log: copy: "/opt/homebrew/share/qt/qml/QtQuick/Controls/designer/images" "build_release/bin/FocusForgeApp.app/Contents/Resources/qml/QtQuick/Controls/designer/images"
Log:  copied: "/opt/homebrew/share/qt/qml/QtQuick/Controls/designer/images/busyindicator-icon.png"
Log:  to "build_release/bin/FocusForgeApp.app/Contents/Resources/qml/QtQuick/Controls/designer/images/busyindicator-icon.png"
Log:  copied: "/opt/homebrew/share/qt/qml/QtQuick/Controls/designer/images/busyindicator-icon16.png"
Log:  to "build_release/bin/FocusForgeApp.app/Contents/Resources/qml/QtQuick/Controls/designer/images/busyindicator-icon16.png"
Log:  copied: "/opt/homebrew/share/qt/qml/QtQuick/Controls/designer/images/busyindicator-icon@2x.png"
Log:  to "build_release/bin/FocusForgeApp.app/Contents/Resources/qml/QtQuick/Controls/designer/images/busyindicator-icon@2x.png"
Log:  copied: "/opt/homebrew/share/qt/qml/QtQuick/Controls/designer/images/button-icon.png"
Log:  to "build_release/bin/FocusForgeApp.app/Contents/Resources/qml/QtQuick/Controls/designer/images/button-icon.png"
Log:  copied: "/opt/homebrew/share/qt/qml/QtQuick/Controls/designer/images/button-icon16.png"
Log:  to "build_release/bin/FocusForgeApp.app/Contents/Resources/qml/QtQuick/Controls/designer/images/button-icon16.png"
Log:  copied: "/opt/homebrew/share/qt/qml/QtQuick/Controls/designer/images/button-icon@2x.png"
Log:  to "build_release/bin/FocusForgeApp.app/Contents/Resources/qml/QtQuick/Controls/designer/images/button-icon@2x.png"
Log:  copied: "/opt/homebrew/share/qt/qml/QtQuick/Controls/designer/images/checkbox-icon.png"
Log:  to "build_release/bin/FocusForgeApp.app/Contents/Resources/qml/QtQuick/Controls/designer/images/checkbox-icon.png"
Log:  copied: "/opt/homebrew/share/qt/qml/QtQuick/Controls/designer/images/checkbox-icon16.png"
Log:  to "build_release/bin/FocusForgeApp.app/Contents/Resources/qml/QtQuick/Controls/designer/images/checkbox-icon16.png"
Log:  copied: "/opt/homebrew/share/qt/qml/QtQuick/Controls/designer/images/checkbox-icon@2x.png"
Log:  to "build_release/bin/FocusForgeApp.app/Contents/Resources/qml/QtQuick/Controls/designer/images/checkbox-icon@2x.png"
Log:  copied: "/opt/homebrew/share/qt/qml/QtQuick/Controls/designer/images/combobox-icon.png"
Log:  to "build_release/bin/FocusForgeApp.app/Contents/Resources/qml/QtQuick/Controls/designer/images/combobox-icon.png"
Log:  copied: "/opt/homebrew/share/qt/qml/QtQuick/Controls/designer/images/combobox-icon16.png"
Log:  to "build_release/bin/FocusForgeApp.app/Contents/Resources/qml/QtQuick/Controls/designer/images/combobox-icon16.png"
Log:  copied: "/opt/homebrew/share/qt/qml/QtQuick/Controls/designer/images/combobox-icon@2x.png"
Log:  to "build_release/bin/FocusForgeApp.app/Contents/Resources/qml/QtQuick/Controls/designer/images/combobox-icon@2x.png"
Log:  copied: "/opt/homebrew/share/qt/qml/QtQuick/Controls/designer/images/control-icon.png"
Log:  to "build_release/bin/FocusForgeApp.app/Contents/Resources/qml/QtQuick/Controls/designer/images/control-icon.png"
Log:  copied: "/opt/homebrew/share/qt/qml/QtQuick/Controls/designer/images/control-icon16.png"
Log:  to "build_release/bin/FocusForgeApp.app/Contents/Resources/qml/QtQuick/Controls/designer/images/control-icon16.png"
Log:  copied: "/opt/homebrew/share/qt/qml/QtQuick/Controls/designer/images/control-icon@2x.png"
Log:  to "build_release/bin/FocusForgeApp.app/Contents/Resources/qml/QtQuick/Controls/designer/images/control-icon@2x.png"
Log:  copied: "/opt/homebrew/share/qt/qml/QtQuick/Controls/designer/images/delaybutton-icon.png"
Log:  to "build_release/bin/FocusForgeApp.app/Contents/Resources/qml/QtQuick/Controls/designer/images/delaybutton-icon.png"
Log:  copied: "/opt/homebrew/share/qt/qml/QtQuick/Controls/designer/images/delaybutton-icon16.png"
Log:  to "build_release/bin/FocusForgeApp.app/Contents/Resources/qml/QtQuick/Controls/designer/images/delaybutton-icon16.png"
Log:  copied: "/opt/homebrew/share/qt/qml/QtQuick/Controls/designer/images/delaybutton-icon@2x.png"
Log:  to "build_release/bin/FocusForgeApp.app/Contents/Resources/qml/QtQuick/Controls/designer/images/delaybutton-icon@2x.png"
Log:  copied: "/opt/homebrew/share/qt/qml/QtQuick/Controls/designer/images/dial-icon.png"
Log:  to "build_release/bin/FocusForgeApp.app/Contents/Resources/qml/QtQuick/Controls/designer/images/dial-icon.png"
Log:  copied: "/opt/homebrew/share/qt/qml/QtQuick/Controls/designer/images/dial-icon16.png"
Log:  to "build_release/bin/FocusForgeApp.app/Contents/Resources/qml/QtQuick/Controls/designer/images/dial-icon16.png"
Log:  copied: "/opt/homebrew/share/qt/qml/QtQuick/Controls/designer/images/dial-icon@2x.png"
Log:  to "build_release/bin/FocusForgeApp.app/Contents/Resources/qml/QtQuick/Controls/designer/images/dial-icon@2x.png"
Log:  copied: "/opt/homebrew/share/qt/qml/QtQuick/Controls/designer/images/frame-icon.png"
Log:  to "build_release/bin/FocusForgeApp.app/Contents/Resources/qml/QtQuick/Controls/designer/images/frame-icon.png"
Log:  copied: "/opt/homebrew/share/qt/qml/QtQuick/Controls/designer/images/frame-icon16.png"
Log:  to "build_release/bin/FocusForgeApp.app/Contents/Resources/qml/QtQuick/Controls/designer/images/frame-icon16.png"
Log:  copied: "/opt/homebrew/share/qt/qml/QtQuick/Controls/designer/images/frame-icon@2x.png"
Log:  to "build_release/bin/FocusForgeApp.app/Contents/Resources/qml/QtQuick/Controls/designer/images/frame-icon@2x.png"
Log:  copied: "/opt/homebrew/share/qt/qml/QtQuick/Controls/designer/images/groupbox-icon.png"
Log:  to "build_release/bin/FocusForgeApp.app/Contents/Resources/qml/QtQuick/Controls/designer/images/groupbox-icon.png"
Log:  copied: "/opt/homebrew/share/qt/qml/QtQuick/Controls/designer/images/groupbox-icon16.png"
Log:  to "build_release/bin/FocusForgeApp.app/Contents/Resources/qml/QtQuick/Controls/designer/images/groupbox-icon16.png"
Log:  copied: "/opt/homebrew/share/qt/qml/QtQuick/Controls/designer/images/groupbox-icon@2x.png"
Log:  to "build_release/bin/FocusForgeApp.app/Contents/Resources/qml/QtQuick/Controls/designer/images/groupbox-icon@2x.png"
Log:  copied: "/opt/homebrew/share/qt/qml/QtQuick/Controls/designer/images/itemdelegate-icon.png"
Log:  to "build_release/bin/FocusForgeApp.app/Contents/Resources/qml/QtQuick/Controls/designer/images/itemdelegate-icon.png"
Log:  copied: "/opt/homebrew/share/qt/qml/QtQuick/Controls/designer/images/itemdelegate-icon16.png"
Log:  to "build_release/bin/FocusForgeApp.app/Contents/Resources/qml/QtQuick/Controls/designer/images/itemdelegate-icon16.png"
Log:  copied: "/opt/homebrew/share/qt/qml/QtQuick/Controls/designer/images/itemdelegate-icon@2x.png"
Log:  to "build_release/bin/FocusForgeApp.app/Contents/Resources/qml/QtQuick/Controls/designer/images/itemdelegate-icon@2x.png"
Log:  copied: "/opt/homebrew/share/qt/qml/QtQuick/Controls/designer/images/label-icon.png"
Log:  to "build_release/bin/FocusForgeApp.app/Contents/Resources/qml/QtQuick/Controls/designer/images/label-icon.png"
Log:  copied: "/opt/homebrew/share/qt/qml/QtQuick/Controls/designer/images/label-icon16.png"
Log:  to "build_release/bin/FocusForgeApp.app/Contents/Resources/qml/QtQuick/Controls/designer/images/label-icon16.png"
Log:  copied: "/opt/homebrew/share/qt/qml/QtQuick/Controls/designer/images/label-icon@2x.png"
Log:  to "build_release/bin/FocusForgeApp.app/Contents/Resources/qml/QtQuick/Controls/designer/images/label-icon@2x.png"
Log:  copied: "/opt/homebrew/share/qt/qml/QtQuick/Controls/designer/images/page-icon.png"
Log:  to "build_release/bin/FocusForgeApp.app/Contents/Resources/qml/QtQuick/Controls/designer/images/page-icon.png"
Log:  copied: "/opt/homebrew/share/qt/qml/QtQuick/Controls/designer/images/page-icon16.png"
Log:  to "build_release/bin/FocusForgeApp.app/Contents/Resources/qml/QtQuick/Controls/designer/images/page-icon16.png"
Log:  copied: "/opt/homebrew/share/qt/qml/QtQuick/Controls/designer/images/page-icon@2x.png"
Log:  to "build_release/bin/FocusForgeApp.app/Contents/Resources/qml/QtQuick/Controls/designer/images/page-icon@2x.png"
Log:  copied: "/opt/homebrew/share/qt/qml/QtQuick/Controls/designer/images/pageindicator-icon.png"
Log:  to "build_release/bin/FocusForgeApp.app/Contents/Resources/qml/QtQuick/Controls/designer/images/pageindicator-icon.png"
Log:  copied: "/opt/homebrew/share/qt/qml/QtQuick/Controls/designer/images/pageindicator-icon16.png"
Log:  to "build_release/bin/FocusForgeApp.app/Contents/Resources/qml/QtQuick/Controls/designer/images/pageindicator-icon16.png"
Log:  copied: "/opt/homebrew/share/qt/qml/QtQuick/Controls/designer/images/pageindicator-icon@2x.png"
Log:  to "build_release/bin/FocusForgeApp.app/Contents/Resources/qml/QtQuick/Controls/designer/images/pageindicator-icon@2x.png"
Log:  copied: "/opt/homebrew/share/qt/qml/QtQuick/Controls/designer/images/pane-icon.png"
Log:  to "build_release/bin/FocusForgeApp.app/Contents/Resources/qml/QtQuick/Controls/designer/images/pane-icon.png"
Log:  copied: "/opt/homebrew/share/qt/qml/QtQuick/Controls/designer/images/pane-icon16.png"
Log:  to "build_release/bin/FocusForgeApp.app/Contents/Resources/qml/QtQuick/Controls/designer/images/pane-icon16.png"
Log:  copied: "/opt/homebrew/share/qt/qml/QtQuick/Controls/designer/images/pane-icon@2x.png"
Log:  to "build_release/bin/FocusForgeApp.app/Contents/Resources/qml/QtQuick/Controls/designer/images/pane-icon@2x.png"
Log:  copied: "/opt/homebrew/share/qt/qml/QtQuick/Controls/designer/images/progressbar-icon.png"
Log:  to "build_release/bin/FocusForgeApp.app/Contents/Resources/qml/QtQuick/Controls/designer/images/progressbar-icon.png"
Log:  copied: "/opt/homebrew/share/qt/qml/QtQuick/Controls/designer/images/progressbar-icon16.png"
Log:  to "build_release/bin/FocusForgeApp.app/Contents/Resources/qml/QtQuick/Controls/designer/images/progressbar-icon16.png"
Log:  copied: "/opt/homebrew/share/qt/qml/QtQuick/Controls/designer/images/progressbar-icon@2x.png"
Log:  to "build_release/bin/FocusForgeApp.app/Contents/Resources/qml/QtQuick/Controls/designer/images/progressbar-icon@2x.png"
Log:  copied: "/opt/homebrew/share/qt/qml/QtQuick/Controls/designer/images/radiobutton-icon.png"
Log:  to "build_release/bin/FocusForgeApp.app/Contents/Resources/qml/QtQuick/Controls/designer/images/radiobutton-icon.png"
Log:  copied: "/opt/homebrew/share/qt/qml/QtQuick/Controls/designer/images/radiobutton-icon16.png"
Log:  to "build_release/bin/FocusForgeApp.app/Contents/Resources/qml/QtQuick/Controls/designer/images/radiobutton-icon16.png"
Log:  copied: "/opt/homebrew/share/qt/qml/QtQuick/Controls/designer/images/radiobutton-icon@2x.png"
Log:  to "build_release/bin/FocusForgeApp.app/Contents/Resources/qml/QtQuick/Controls/designer/images/radiobutton-icon@2x.png"
Log:  copied: "/opt/homebrew/share/qt/qml/QtQuick/Controls/designer/images/rangeslider-icon.png"
Log:  to "build_release/bin/FocusForgeApp.app/Contents/Resources/qml/QtQuick/Controls/designer/images/rangeslider-icon.png"
Log:  copied: "/opt/homebrew/share/qt/qml/QtQuick/Controls/designer/images/rangeslider-icon16.png"
Log:  to "build_release/bin/FocusForgeApp.app/Contents/Resources/qml/QtQuick/Controls/designer/images/rangeslider-icon16.png"
Log:  copied: "/opt/homebrew/share/qt/qml/QtQuick/Controls/designer/images/rangeslider-icon@2x.png"
Log:  to "build_release/bin/FocusForgeApp.app/Contents/Resources/qml/QtQuick/Controls/designer/images/rangeslider-icon@2x.png"
Log:  copied: "/opt/homebrew/share/qt/qml/QtQuick/Controls/designer/images/roundbutton-icon.png"
Log:  to "build_release/bin/FocusForgeApp.app/Contents/Resources/qml/QtQuick/Controls/designer/images/roundbutton-icon.png"
Log:  copied: "/opt/homebrew/share/qt/qml/QtQuick/Controls/designer/images/roundbutton-icon16.png"
Log:  to "build_release/bin/FocusForgeApp.app/Contents/Resources/qml/QtQuick/Controls/designer/images/roundbutton-icon16.png"
Log:  copied: "/opt/homebrew/share/qt/qml/QtQuick/Controls/designer/images/roundbutton-icon@2x.png"
Log:  to "build_release/bin/FocusForgeApp.app/Contents/Resources/qml/QtQuick/Controls/designer/images/roundbutton-icon@2x.png"
Log:  copied: "/opt/homebrew/share/qt/qml/QtQuick/Controls/designer/images/scrollview-icon.png"
Log:  to "build_release/bin/FocusForgeApp.app/Contents/Resources/qml/QtQuick/Controls/designer/images/scrollview-icon.png"
Log:  copied: "/opt/homebrew/share/qt/qml/QtQuick/Controls/designer/images/scrollview-icon16.png"
Log:  to "build_release/bin/FocusForgeApp.app/Contents/Resources/qml/QtQuick/Controls/designer/images/scrollview-icon16.png"
Log:  copied: "/opt/homebrew/share/qt/qml/QtQuick/Controls/designer/images/scrollview-icon@2x.png"
Log:  to "build_release/bin/FocusForgeApp.app/Contents/Resources/qml/QtQuick/Controls/designer/images/scrollview-icon@2x.png"
Log:  copied: "/opt/homebrew/share/qt/qml/QtQuick/Controls/designer/images/slider-icon.png"
Log:  to "build_release/bin/FocusForgeApp.app/Contents/Resources/qml/QtQuick/Controls/designer/images/slider-icon.png"
Log:  copied: "/opt/homebrew/share/qt/qml/QtQuick/Controls/designer/images/slider-icon16.png"
Log:  to "build_release/bin/FocusForgeApp.app/Contents/Resources/qml/QtQuick/Controls/designer/images/slider-icon16.png"
Log:  copied: "/opt/homebrew/share/qt/qml/QtQuick/Controls/designer/images/slider-icon@2x.png"
Log:  to "build_release/bin/FocusForgeApp.app/Contents/Resources/qml/QtQuick/Controls/designer/images/slider-icon@2x.png"
Log:  copied: "/opt/homebrew/share/qt/qml/QtQuick/Controls/designer/images/spinbox-icon.png"
Log:  to "build_release/bin/FocusForgeApp.app/Contents/Resources/qml/QtQuick/Controls/designer/images/spinbox-icon.png"
Log:  copied: "/opt/homebrew/share/qt/qml/QtQuick/Controls/designer/images/spinbox-icon16.png"
Log:  to "build_release/bin/FocusForgeApp.app/Contents/Resources/qml/QtQuick/Controls/designer/images/spinbox-icon16.png"
Log:  copied: "/opt/homebrew/share/qt/qml/QtQuick/Controls/designer/images/spinbox-icon@2x.png"
Log:  to "build_release/bin/FocusForgeApp.app/Contents/Resources/qml/QtQuick/Controls/designer/images/spinbox-icon@2x.png"
Log:  copied: "/opt/homebrew/share/qt/qml/QtQuick/Controls/designer/images/stackview-icon.png"
Log:  to "build_release/bin/FocusForgeApp.app/Contents/Resources/qml/QtQuick/Controls/designer/images/stackview-icon.png"
Log:  copied: "/opt/homebrew/share/qt/qml/QtQuick/Controls/designer/images/stackview-icon16.png"
Log:  to "build_release/bin/FocusForgeApp.app/Contents/Resources/qml/QtQuick/Controls/designer/images/stackview-icon16.png"
Log:  copied: "/opt/homebrew/share/qt/qml/QtQuick/Controls/designer/images/stackview-icon@2x.png"
Log:  to "build_release/bin/FocusForgeApp.app/Contents/Resources/qml/QtQuick/Controls/designer/images/stackview-icon@2x.png"
Log:  copied: "/opt/homebrew/share/qt/qml/QtQuick/Controls/designer/images/swipeview-icon.png"
Log:  to "build_release/bin/FocusForgeApp.app/Contents/Resources/qml/QtQuick/Controls/designer/images/swipeview-icon.png"
Log:  copied: "/opt/homebrew/share/qt/qml/QtQuick/Controls/designer/images/swipeview-icon16.png"
Log:  to "build_release/bin/FocusForgeApp.app/Contents/Resources/qml/QtQuick/Controls/designer/images/swipeview-icon16.png"
Log:  copied: "/opt/homebrew/share/qt/qml/QtQuick/Controls/designer/images/swipeview-icon@2x.png"
Log:  to "build_release/bin/FocusForgeApp.app/Contents/Resources/qml/QtQuick/Controls/designer/images/swipeview-icon@2x.png"
Log:  copied: "/opt/homebrew/share/qt/qml/QtQuick/Controls/designer/images/switch-icon.png"
Log:  to "build_release/bin/FocusForgeApp.app/Contents/Resources/qml/QtQuick/Controls/designer/images/switch-icon.png"
Log:  copied: "/opt/homebrew/share/qt/qml/QtQuick/Controls/designer/images/switch-icon16.png"
Log:  to "build_release/bin/FocusForgeApp.app/Contents/Resources/qml/QtQuick/Controls/designer/images/switch-icon16.png"
Log:  copied: "/opt/homebrew/share/qt/qml/QtQuick/Controls/designer/images/switch-icon@2x.png"
Log:  to "build_release/bin/FocusForgeApp.app/Contents/Resources/qml/QtQuick/Controls/designer/images/switch-icon@2x.png"
Log:  copied: "/opt/homebrew/share/qt/qml/QtQuick/Controls/designer/images/textarea-icon.png"
Log:  to "build_release/bin/FocusForgeApp.app/Contents/Resources/qml/QtQuick/Controls/designer/images/textarea-icon.png"
Log:  copied: "/opt/homebrew/share/qt/qml/QtQuick/Controls/designer/images/textarea-icon16.png"
Log:  to "build_release/bin/FocusForgeApp.app/Contents/Resources/qml/QtQuick/Controls/designer/images/textarea-icon16.png"
Log:  copied: "/opt/homebrew/share/qt/qml/QtQuick/Controls/designer/images/textarea-icon@2x.png"
Log:  to "build_release/bin/FocusForgeApp.app/Contents/Resources/qml/QtQuick/Controls/designer/images/textarea-icon@2x.png"
Log:  copied: "/opt/homebrew/share/qt/qml/QtQuick/Controls/designer/images/textfield-icon.png"
Log:  to "build_release/bin/FocusForgeApp.app/Contents/Resources/qml/QtQuick/Controls/designer/images/textfield-icon.png"
Log:  copied: "/opt/homebrew/share/qt/qml/QtQuick/Controls/designer/images/textfield-icon16.png"
Log:  to "build_release/bin/FocusForgeApp.app/Contents/Resources/qml/QtQuick/Controls/designer/images/textfield-icon16.png"
Log:  copied: "/opt/homebrew/share/qt/qml/QtQuick/Controls/designer/images/textfield-icon@2x.png"
Log:  to "build_release/bin/FocusForgeApp.app/Contents/Resources/qml/QtQuick/Controls/designer/images/textfield-icon@2x.png"
Log:  copied: "/opt/homebrew/share/qt/qml/QtQuick/Controls/designer/images/toolbar-icon.png"
Log:  to "build_release/bin/FocusForgeApp.app/Contents/Resources/qml/QtQuick/Controls/designer/images/toolbar-icon.png"
Log:  copied: "/opt/homebrew/share/qt/qml/QtQuick/Controls/designer/images/toolbar-icon16.png"
Log:  to "build_release/bin/FocusForgeApp.app/Contents/Resources/qml/QtQuick/Controls/designer/images/toolbar-icon16.png"
Log:  copied: "/opt/homebrew/share/qt/qml/QtQuick/Controls/designer/images/toolbar-icon@2x.png"
Log:  to "build_release/bin/FocusForgeApp.app/Contents/Resources/qml/QtQuick/Controls/designer/images/toolbar-icon@2x.png"
Log:  copied: "/opt/homebrew/share/qt/qml/QtQuick/Controls/designer/images/toolbutton-icon.png"
Log:  to "build_release/bin/FocusForgeApp.app/Contents/Resources/qml/QtQuick/Controls/designer/images/toolbutton-icon.png"
Log:  copied: "/opt/homebrew/share/qt/qml/QtQuick/Controls/designer/images/toolbutton-icon16.png"
Log:  to "build_release/bin/FocusForgeApp.app/Contents/Resources/qml/QtQuick/Controls/designer/images/toolbutton-icon16.png"
Log:  copied: "/opt/homebrew/share/qt/qml/QtQuick/Controls/designer/images/toolbutton-icon@2x.png"
Log:  to "build_release/bin/FocusForgeApp.app/Contents/Resources/qml/QtQuick/Controls/designer/images/toolbutton-icon@2x.png"
Log:  copied: "/opt/homebrew/share/qt/qml/QtQuick/Controls/designer/images/toolseparator-icon.png"
Log:  to "build_release/bin/FocusForgeApp.app/Contents/Resources/qml/QtQuick/Controls/designer/images/toolseparator-icon.png"
Log:  copied: "/opt/homebrew/share/qt/qml/QtQuick/Controls/designer/images/toolseparator-icon16.png"
Log:  to "build_release/bin/FocusForgeApp.app/Contents/Resources/qml/QtQuick/Controls/designer/images/toolseparator-icon16.png"
Log:  copied: "/opt/homebrew/share/qt/qml/QtQuick/Controls/designer/images/toolseparator-icon@2x.png"
Log:  to "build_release/bin/FocusForgeApp.app/Contents/Resources/qml/QtQuick/Controls/designer/images/toolseparator-icon@2x.png"
Log:  copied: "/opt/homebrew/share/qt/qml/QtQuick/Controls/designer/images/tumbler-icon.png"
Log:  to "build_release/bin/FocusForgeApp.app/Contents/Resources/qml/QtQuick/Controls/designer/images/tumbler-icon.png"
Log:  copied: "/opt/homebrew/share/qt/qml/QtQuick/Controls/designer/images/tumbler-icon16.png"
Log:  to "build_release/bin/FocusForgeApp.app/Contents/Resources/qml/QtQuick/Controls/designer/images/tumbler-icon16.png"
Log:  copied: "/opt/homebrew/share/qt/qml/QtQuick/Controls/designer/images/tumbler-icon@2x.png"
Log:  to "build_release/bin/FocusForgeApp.app/Contents/Resources/qml/QtQuick/Controls/designer/images/tumbler-icon@2x.png"
Log: copy: "/opt/homebrew/share/qt/qml/QtQuick/Controls/FluentWinUI3" "build_release/bin/FocusForgeApp.app/Contents/Resources/qml/QtQuick/Controls/FluentWinUI3"
Log:  copied: "/opt/homebrew/share/qt/qml/QtQuick/Controls/FluentWinUI3/ApplicationWindow.qml"
Log:  to "build_release/bin/FocusForgeApp.app/Contents/Resources/qml/QtQuick/Controls/FluentWinUI3/ApplicationWindow.qml"
Log:  copied: "/opt/homebrew/share/qt/qml/QtQuick/Controls/FluentWinUI3/BusyIndicator.qml"
Log:  to "build_release/bin/FocusForgeApp.app/Contents/Resources/qml/QtQuick/Controls/FluentWinUI3/BusyIndicator.qml"
Log:  copied: "/opt/homebrew/share/qt/qml/QtQuick/Controls/FluentWinUI3/Button.qml"
Log:  to "build_release/bin/FocusForgeApp.app/Contents/Resources/qml/QtQuick/Controls/FluentWinUI3/Button.qml"
Log:  copied: "/opt/homebrew/share/qt/qml/QtQuick/Controls/FluentWinUI3/CheckBox.qml"
Log:  to "build_release/bin/FocusForgeApp.app/Contents/Resources/qml/QtQuick/Controls/FluentWinUI3/CheckBox.qml"
Log:  copied: "/opt/homebrew/share/qt/qml/QtQuick/Controls/FluentWinUI3/CheckDelegate.qml"
Log:  to "build_release/bin/FocusForgeApp.app/Contents/Resources/qml/QtQuick/Controls/FluentWinUI3/CheckDelegate.qml"
Log:  copied: "/opt/homebrew/share/qt/qml/QtQuick/Controls/FluentWinUI3/ComboBox.qml"
Log:  to "build_release/bin/FocusForgeApp.app/Contents/Resources/qml/QtQuick/Controls/FluentWinUI3/ComboBox.qml"
Log:  copied: "/opt/homebrew/share/qt/qml/QtQuick/Controls/FluentWinUI3/Config.qml"
Log:  to "build_release/bin/FocusForgeApp.app/Contents/Resources/qml/QtQuick/Controls/FluentWinUI3/Config.qml"
Log:  copied: "/opt/homebrew/share/qt/qml/QtQuick/Controls/FluentWinUI3/DelayButton.qml"
Log:  to "build_release/bin/FocusForgeApp.app/Contents/Resources/qml/QtQuick/Controls/FluentWinUI3/DelayButton.qml"
Log:  copied: "/opt/homebrew/share/qt/qml/QtQuick/Controls/FluentWinUI3/Dialog.qml"
Log:  to "build_release/bin/FocusForgeApp.app/Contents/Resources/qml/QtQuick/Controls/FluentWinUI3/Dialog.qml"
Log:  copied: "/opt/homebrew/share/qt/qml/QtQuick/Controls/FluentWinUI3/DialogButtonBox.qml"
Log:  to "build_release/bin/FocusForgeApp.app/Contents/Resources/qml/QtQuick/Controls/FluentWinUI3/DialogButtonBox.qml"
Log:  copied: "/opt/homebrew/share/qt/qml/QtQuick/Controls/FluentWinUI3/FocusFrame.qml"
Log:  to "build_release/bin/FocusForgeApp.app/Contents/Resources/qml/QtQuick/Controls/FluentWinUI3/FocusFrame.qml"
Log:  copied: "/opt/homebrew/share/qt/qml/QtQuick/Controls/FluentWinUI3/Frame.qml"
Log:  to "build_release/bin/FocusForgeApp.app/Contents/Resources/qml/QtQuick/Controls/FluentWinUI3/Frame.qml"
Log:  copied: "/opt/homebrew/share/qt/qml/QtQuick/Controls/FluentWinUI3/GroupBox.qml"
Log:  to "build_release/bin/FocusForgeApp.app/Contents/Resources/qml/QtQuick/Controls/FluentWinUI3/GroupBox.qml"
Log:  copied: "/opt/homebrew/share/qt/qml/QtQuick/Controls/FluentWinUI3/ItemDelegate.qml"
Log:  to "build_release/bin/FocusForgeApp.app/Contents/Resources/qml/QtQuick/Controls/FluentWinUI3/ItemDelegate.qml"
Log:  copied: "/opt/homebrew/share/qt/qml/QtQuick/Controls/FluentWinUI3/libqtquickcontrols2fluentwinui3styleplugin.dylib"
Log:  to "build_release/bin/FocusForgeApp.app/Contents/PlugIns/quick/libqtquickcontrols2fluentwinui3styleplugin.dylib"
Log:  symlink "build_release/bin/FocusForgeApp.app/Contents/Resources/qml/QtQuick/Controls/FluentWinUI3/libqtquickcontrols2fluentwinui3styleplugin.dylib"
Log:  points to "../../../../../PlugIns/quick/libqtquickcontrols2fluentwinui3styleplugin.dylib"
ERROR: Cannot resolve rpath "@rpath/QtQuickControls2FluentWinUI3StyleImpl.framework/Versions/A/QtQuickControls2FluentWinUI3StyleImpl"
ERROR:  using QList("/Users/plokm/Downloads/focus-forge/lib")
ERROR: Cannot resolve rpath "@rpath/QtQuickControls2Impl.framework/Versions/A/QtQuickControls2Impl"
ERROR:  using QList("/Users/plokm/Downloads/focus-forge/lib")
ERROR: Cannot resolve rpath "@rpath/QtQuickControls2.framework/Versions/A/QtQuickControls2"
ERROR:  using QList("/Users/plokm/Downloads/focus-forge/lib")
ERROR: Cannot resolve rpath "@rpath/QtQuickTemplates2.framework/Versions/A/QtQuickTemplates2"
ERROR:  using QList("/Users/plokm/Downloads/focus-forge/lib")
ERROR: Cannot resolve rpath "@rpath/QtQuick.framework/Versions/A/QtQuick"
ERROR:  using QList("/Users/plokm/Downloads/focus-forge/lib")
ERROR: Cannot resolve rpath "@rpath/QtQmlMeta.framework/Versions/A/QtQmlMeta"
ERROR:  using QList("/Users/plokm/Downloads/focus-forge/lib")
ERROR: Cannot resolve rpath "@rpath/QtQmlWorkerScript.framework/Versions/A/QtQmlWorkerScript"
ERROR:  using QList("/Users/plokm/Downloads/focus-forge/lib")
ERROR: Cannot resolve rpath "@rpath/QtOpenGL.framework/Versions/A/QtOpenGL"
ERROR:  using QList("/Users/plokm/Downloads/focus-forge/lib")
ERROR: Cannot resolve rpath "@rpath/QtGui.framework/Versions/A/QtGui"
ERROR:  using QList("/Users/plokm/Downloads/focus-forge/lib")
ERROR: Cannot resolve rpath "@rpath/QtQmlModels.framework/Versions/A/QtQmlModels"
ERROR:  using QList("/Users/plokm/Downloads/focus-forge/lib")
ERROR: Cannot resolve rpath "@rpath/QtQml.framework/Versions/A/QtQml"
ERROR:  using QList("/Users/plokm/Downloads/focus-forge/lib")
ERROR: Cannot resolve rpath "@rpath/QtNetwork.framework/Versions/A/QtNetwork"
ERROR:  using QList("/Users/plokm/Downloads/focus-forge/lib")
ERROR: Cannot resolve rpath "@rpath/QtCore.framework/Versions/A/QtCore"
ERROR:  using QList("/Users/plokm/Downloads/focus-forge/lib")
Log:
Log: Deploying Qt frameworks found inside: QList("build_release/bin/FocusForgeApp.app/Contents/PlugIns/quick/libqtquickcontrols2fluentwinui3styleplugin.dylib")
Log:  copied: "/opt/homebrew/share/qt/qml/QtQuick/Controls/FluentWinUI3/Menu.qml"
Log:  to "build_release/bin/FocusForgeApp.app/Contents/Resources/qml/QtQuick/Controls/FluentWinUI3/Menu.qml"
Log:  copied: "/opt/homebrew/share/qt/qml/QtQuick/Controls/FluentWinUI3/MenuBar.qml"
Log:  to "build_release/bin/FocusForgeApp.app/Contents/Resources/qml/QtQuick/Controls/FluentWinUI3/MenuBar.qml"
Log:  copied: "/opt/homebrew/share/qt/qml/QtQuick/Controls/FluentWinUI3/MenuBarItem.qml"
Log:  to "build_release/bin/FocusForgeApp.app/Contents/Resources/qml/QtQuick/Controls/FluentWinUI3/MenuBarItem.qml"
Log:  copied: "/opt/homebrew/share/qt/qml/QtQuick/Controls/FluentWinUI3/MenuItem.qml"
Log:  to "build_release/bin/FocusForgeApp.app/Contents/Resources/qml/QtQuick/Controls/FluentWinUI3/MenuItem.qml"
Log:  copied: "/opt/homebrew/share/qt/qml/QtQuick/Controls/FluentWinUI3/MenuSeparator.qml"
Log:  to "build_release/bin/FocusForgeApp.app/Contents/Resources/qml/QtQuick/Controls/FluentWinUI3/MenuSeparator.qml"
Log:  copied: "/opt/homebrew/share/qt/qml/QtQuick/Controls/FluentWinUI3/PageIndicator.qml"
Log:  to "build_release/bin/FocusForgeApp.app/Contents/Resources/qml/QtQuick/Controls/FluentWinUI3/PageIndicator.qml"
Log:  copied: "/opt/homebrew/share/qt/qml/QtQuick/Controls/FluentWinUI3/plugins.qmltypes"
Log:  to "build_release/bin/FocusForgeApp.app/Contents/Resources/qml/QtQuick/Controls/FluentWinUI3/plugins.qmltypes"
Log:  copied: "/opt/homebrew/share/qt/qml/QtQuick/Controls/FluentWinUI3/Popup.qml"
Log:  to "build_release/bin/FocusForgeApp.app/Contents/Resources/qml/QtQuick/Controls/FluentWinUI3/Popup.qml"
Log:  copied: "/opt/homebrew/share/qt/qml/QtQuick/Controls/FluentWinUI3/ProgressBar.qml"
Log:  to "build_release/bin/FocusForgeApp.app/Contents/Resources/qml/QtQuick/Controls/FluentWinUI3/ProgressBar.qml"
Log:  copied: "/opt/homebrew/share/qt/qml/QtQuick/Controls/FluentWinUI3/qmldir"
Log:  to "build_release/bin/FocusForgeApp.app/Contents/Resources/qml/QtQuick/Controls/FluentWinUI3/qmldir"
Log:  copied: "/opt/homebrew/share/qt/qml/QtQuick/Controls/FluentWinUI3/RadioButton.qml"
Log:  to "build_release/bin/FocusForgeApp.app/Contents/Resources/qml/QtQuick/Controls/FluentWinUI3/RadioButton.qml"
Log:  copied: "/opt/homebrew/share/qt/qml/QtQuick/Controls/FluentWinUI3/RadioDelegate.qml"
Log:  to "build_release/bin/FocusForgeApp.app/Contents/Resources/qml/QtQuick/Controls/FluentWinUI3/RadioDelegate.qml"
Log:  copied: "/opt/homebrew/share/qt/qml/QtQuick/Controls/FluentWinUI3/RangeSlider.qml"
Log:  to "build_release/bin/FocusForgeApp.app/Contents/Resources/qml/QtQuick/Controls/FluentWinUI3/RangeSlider.qml"
Log:  copied: "/opt/homebrew/share/qt/qml/QtQuick/Controls/FluentWinUI3/RoundButton.qml"
Log:  to "build_release/bin/FocusForgeApp.app/Contents/Resources/qml/QtQuick/Controls/FluentWinUI3/RoundButton.qml"
Log:  copied: "/opt/homebrew/share/qt/qml/QtQuick/Controls/FluentWinUI3/Slider.qml"
Log:  to "build_release/bin/FocusForgeApp.app/Contents/Resources/qml/QtQuick/Controls/FluentWinUI3/Slider.qml"
Log:  copied: "/opt/homebrew/share/qt/qml/QtQuick/Controls/FluentWinUI3/SpinBox.qml"
Log:  to "build_release/bin/FocusForgeApp.app/Contents/Resources/qml/QtQuick/Controls/FluentWinUI3/SpinBox.qml"
Log:  copied: "/opt/homebrew/share/qt/qml/QtQuick/Controls/FluentWinUI3/StyleImage.qml"
Log:  to "build_release/bin/FocusForgeApp.app/Contents/Resources/qml/QtQuick/Controls/FluentWinUI3/StyleImage.qml"
Log:  copied: "/opt/homebrew/share/qt/qml/QtQuick/Controls/FluentWinUI3/SwipeDelegate.qml"
Log:  to "build_release/bin/FocusForgeApp.app/Contents/Resources/qml/QtQuick/Controls/FluentWinUI3/SwipeDelegate.qml"
Log:  copied: "/opt/homebrew/share/qt/qml/QtQuick/Controls/FluentWinUI3/Switch.qml"
Log:  to "build_release/bin/FocusForgeApp.app/Contents/Resources/qml/QtQuick/Controls/FluentWinUI3/Switch.qml"
Log:  copied: "/opt/homebrew/share/qt/qml/QtQuick/Controls/FluentWinUI3/SwitchDelegate.qml"
Log:  to "build_release/bin/FocusForgeApp.app/Contents/Resources/qml/QtQuick/Controls/FluentWinUI3/SwitchDelegate.qml"
Log:  copied: "/opt/homebrew/share/qt/qml/QtQuick/Controls/FluentWinUI3/TabBar.qml"
Log:  to "build_release/bin/FocusForgeApp.app/Contents/Resources/qml/QtQuick/Controls/FluentWinUI3/TabBar.qml"
Log:  copied: "/opt/homebrew/share/qt/qml/QtQuick/Controls/FluentWinUI3/TabButton.qml"
Log:  to "build_release/bin/FocusForgeApp.app/Contents/Resources/qml/QtQuick/Controls/FluentWinUI3/TabButton.qml"
Log:  copied: "/opt/homebrew/share/qt/qml/QtQuick/Controls/FluentWinUI3/TextArea.qml"
Log:  to "build_release/bin/FocusForgeApp.app/Contents/Resources/qml/QtQuick/Controls/FluentWinUI3/TextArea.qml"
Log:  copied: "/opt/homebrew/share/qt/qml/QtQuick/Controls/FluentWinUI3/TextField.qml"
Log:  to "build_release/bin/FocusForgeApp.app/Contents/Resources/qml/QtQuick/Controls/FluentWinUI3/TextField.qml"
Log:  copied: "/opt/homebrew/share/qt/qml/QtQuick/Controls/FluentWinUI3/ToolBar.qml"
Log:  to "build_release/bin/FocusForgeApp.app/Contents/Resources/qml/QtQuick/Controls/FluentWinUI3/ToolBar.qml"
Log:  copied: "/opt/homebrew/share/qt/qml/QtQuick/Controls/FluentWinUI3/ToolButton.qml"
Log:  to "build_release/bin/FocusForgeApp.app/Contents/Resources/qml/QtQuick/Controls/FluentWinUI3/ToolButton.qml"
Log:  copied: "/opt/homebrew/share/qt/qml/QtQuick/Controls/FluentWinUI3/ToolSeparator.qml"
Log:  to "build_release/bin/FocusForgeApp.app/Contents/Resources/qml/QtQuick/Controls/FluentWinUI3/ToolSeparator.qml"
Log:  copied: "/opt/homebrew/share/qt/qml/QtQuick/Controls/FluentWinUI3/ToolTip.qml"
Log:  to "build_release/bin/FocusForgeApp.app/Contents/Resources/qml/QtQuick/Controls/FluentWinUI3/ToolTip.qml"
Log: copy: "/opt/homebrew/share/qt/qml/QtQuick/Controls/FluentWinUI3/dark" "build_release/bin/FocusForgeApp.app/Contents/Resources/qml/QtQuick/Controls/FluentWinUI3/dark"
Log: copy: "/opt/homebrew/share/qt/qml/QtQuick/Controls/FluentWinUI3/dark/images" "build_release/bin/FocusForgeApp.app/Contents/Resources/qml/QtQuick/Controls/FluentWinUI3/dark/images"
Log:  copied: "/opt/homebrew/share/qt/qml/QtQuick/Controls/FluentWinUI3/dark/images/checkbox-indicator-checked-disabled.png"
Log:  to "build_release/bin/FocusForgeApp.app/Contents/Resources/qml/QtQuick/Controls/FluentWinUI3/dark/images/checkbox-indicator-checked-disabled.png"
Log:  copied: "/opt/homebrew/share/qt/qml/QtQuick/Controls/FluentWinUI3/dark/images/checkbox-indicator-checked-disabled@2x.png"
Log:  to "build_release/bin/FocusForgeApp.app/Contents/Resources/qml/QtQuick/Controls/FluentWinUI3/dark/images/checkbox-indicator-checked-disabled@2x.png"
Log:  copied: "/opt/homebrew/share/qt/qml/QtQuick/Controls/FluentWinUI3/dark/images/checkbox-indicator-checked-disabled@3x.png"
Log:  to "build_release/bin/FocusForgeApp.app/Contents/Resources/qml/QtQuick/Controls/FluentWinUI3/dark/images/checkbox-indicator-checked-disabled@3x.png"
Log:  copied: "/opt/homebrew/share/qt/qml/QtQuick/Controls/FluentWinUI3/dark/images/checkbox-indicator-checked-hovered.png"
Log:  to "build_release/bin/FocusForgeApp.app/Contents/Resources/qml/QtQuick/Controls/FluentWinUI3/dark/images/checkbox-indicator-checked-hovered.png"
Log:  copied: "/opt/homebrew/share/qt/qml/QtQuick/Controls/FluentWinUI3/dark/images/checkbox-indicator-checked-hovered@2x.png"
Log:  to "build_release/bin/FocusForgeApp.app/Contents/Resources/qml/QtQuick/Controls/FluentWinUI3/dark/images/checkbox-indicator-checked-hovered@2x.png"
Log:  copied: "/opt/homebrew/share/qt/qml/QtQuick/Controls/FluentWinUI3/dark/images/checkbox-indicator-checked-hovered@3x.png"
Log:  to "build_release/bin/FocusForgeApp.app/Contents/Resources/qml/QtQuick/Controls/FluentWinUI3/dark/images/checkbox-indicator-checked-hovered@3x.png"
Log:  copied: "/opt/homebrew/share/qt/qml/QtQuick/Controls/FluentWinUI3/dark/images/checkbox-indicator-checked-pressed.png"
Log:  to "build_release/bin/FocusForgeApp.app/Contents/Resources/qml/QtQuick/Controls/FluentWinUI3/dark/images/checkbox-indicator-checked-pressed.png"
Log:  copied: "/opt/homebrew/share/qt/qml/QtQuick/Controls/FluentWinUI3/dark/images/checkbox-indicator-checked-pressed@2x.png"
Log:  to "build_release/bin/FocusForgeApp.app/Contents/Resources/qml/QtQuick/Controls/FluentWinUI3/dark/images/checkbox-indicator-checked-pressed@2x.png"
Log:  copied: "/opt/homebrew/share/qt/qml/QtQuick/Controls/FluentWinUI3/dark/images/checkbox-indicator-checked-pressed@3x.png"
Log:  to "build_release/bin/FocusForgeApp.app/Contents/Resources/qml/QtQuick/Controls/FluentWinUI3/dark/images/checkbox-indicator-checked-pressed@3x.png"
Log:  copied: "/opt/homebrew/share/qt/qml/QtQuick/Controls/FluentWinUI3/dark/images/checkbox-indicator-checked.png"
Log:  to "build_release/bin/FocusForgeApp.app/Contents/Resources/qml/QtQuick/Controls/FluentWinUI3/dark/images/checkbox-indicator-checked.png"
Log:  copied: "/opt/homebrew/share/qt/qml/QtQuick/Controls/FluentWinUI3/dark/images/checkbox-indicator-checked@2x.png"
Log:  to "build_release/bin/FocusForgeApp.app/Contents/Resources/qml/QtQuick/Controls/FluentWinUI3/dark/images/checkbox-indicator-checked@2x.png"
Log:  copied: "/opt/homebrew/share/qt/qml/QtQuick/Controls/FluentWinUI3/dark/images/checkbox-indicator-checked@3x.png"
Log:  to "build_release/bin/FocusForgeApp.app/Contents/Resources/qml/QtQuick/Controls/FluentWinUI3/dark/images/checkbox-indicator-checked@3x.png"
Log:  copied: "/opt/homebrew/share/qt/qml/QtQuick/Controls/FluentWinUI3/dark/images/checkbox-indicator-disabled-partiallyChecked.png"
Log:  to "build_release/bin/FocusForgeApp.app/Contents/Resources/qml/QtQuick/Controls/FluentWinUI3/dark/images/checkbox-indicator-disabled-partiallyChecked.png"
Log:  copied: "/opt/homebrew/share/qt/qml/QtQuick/Controls/FluentWinUI3/dark/images/checkbox-indicator-disabled-partiallyChecked@2x.png"
Log:  to "build_release/bin/FocusForgeApp.app/Contents/Resources/qml/QtQuick/Controls/FluentWinUI3/dark/images/checkbox-indicator-disabled-partiallyChecked@2x.png"
Log:  copied: "/opt/homebrew/share/qt/qml/QtQuick/Controls/FluentWinUI3/dark/images/checkbox-indicator-disabled-partiallyChecked@3x.png"
Log:  to "build_release/bin/FocusForgeApp.app/Contents/Resources/qml/QtQuick/Controls/FluentWinUI3/dark/images/checkbox-indicator-disabled-partiallyChecked@3x.png"
Log:  copied: "/opt/homebrew/share/qt/qml/QtQuick/Controls/FluentWinUI3/dark/images/checkbox-indicator-disabled.png"
Log:  to "build_release/bin/FocusForgeApp.app/Contents/Resources/qml/QtQuick/Controls/FluentWinUI3/dark/images/checkbox-indicator-disabled.png"
Log:  copied: "/opt/homebrew/share/qt/qml/QtQuick/Controls/FluentWinUI3/dark/images/checkbox-indicator-disabled@2x.png"
Log:  to "build_release/bin/FocusForgeApp.app/Contents/Resources/qml/QtQuick/Controls/FluentWinUI3/dark/images/checkbox-indicator-disabled@2x.png"
Log:  copied: "/opt/homebrew/share/qt/qml/QtQuick/Controls/FluentWinUI3/dark/images/checkbox-indicator-disabled@3x.png"
Log:  to "build_release/bin/FocusForgeApp.app/Contents/Resources/qml/QtQuick/Controls/FluentWinUI3/dark/images/checkbox-indicator-disabled@3x.png"
Log:  copied: "/opt/homebrew/share/qt/qml/QtQuick/Controls/FluentWinUI3/dark/images/checkbox-indicator-hovered-partiallyChecked.png"
Log:  to "build_release/bin/FocusForgeApp.app/Contents/Resources/qml/QtQuick/Controls/FluentWinUI3/dark/images/checkbox-indicator-hovered-partiallyChecked.png"
Log:  copied: "/opt/homebrew/share/qt/qml/QtQuick/Controls/FluentWinUI3/dark/images/checkbox-indicator-hovered-partiallyChecked@2x.png"
Log:  to "build_release/bin/FocusForgeApp.app/Contents/Resources/qml/QtQuick/Controls/FluentWinUI3/dark/images/checkbox-indicator-hovered-partiallyChecked@2x.png"
Log:  copied: "/opt/homebrew/share/qt/qml/QtQuick/Controls/FluentWinUI3/dark/images/checkbox-indicator-hovered-partiallyChecked@3x.png"
Log:  to "build_release/bin/FocusForgeApp.app/Contents/Resources/qml/QtQuick/Controls/FluentWinUI3/dark/images/checkbox-indicator-hovered-partiallyChecked@3x.png"
Log:  copied: "/opt/homebrew/share/qt/qml/QtQuick/Controls/FluentWinUI3/dark/images/checkbox-indicator-hovered.png"
Log:  to "build_release/bin/FocusForgeApp.app/Contents/Resources/qml/QtQuick/Controls/FluentWinUI3/dark/images/checkbox-indicator-hovered.png"
Log:  copied: "/opt/homebrew/share/qt/qml/QtQuick/Controls/FluentWinUI3/dark/images/checkbox-indicator-hovered@2x.png"
Log:  to "build_release/bin/FocusForgeApp.app/Contents/Resources/qml/QtQuick/Controls/FluentWinUI3/dark/images/checkbox-indicator-hovered@2x.png"
Log:  copied: "/opt/homebrew/share/qt/qml/QtQuick/Controls/FluentWinUI3/dark/images/checkbox-indicator-hovered@3x.png"
Log:  to "build_release/bin/FocusForgeApp.app/Contents/Resources/qml/QtQuick/Controls/FluentWinUI3/dark/images/checkbox-indicator-hovered@3x.png"
Log:  copied: "/opt/homebrew/share/qt/qml/QtQuick/Controls/FluentWinUI3/dark/images/checkbox-indicator-partiallyChecked-pressed.png"
Log:  to "build_release/bin/FocusForgeApp.app/Contents/Resources/qml/QtQuick/Controls/FluentWinUI3/dark/images/checkbox-indicator-partiallyChecked-pressed.png"
Log:  copied: "/opt/homebrew/share/qt/qml/QtQuick/Controls/FluentWinUI3/dark/images/checkbox-indicator-partiallyChecked-pressed@2x.png"
Log:  to "build_release/bin/FocusForgeApp.app/Contents/Resources/qml/QtQuick/Controls/FluentWinUI3/dark/images/checkbox-indicator-partiallyChecked-pressed@2x.png"
Log:  copied: "/opt/homebrew/share/qt/qml/QtQuick/Controls/FluentWinUI3/dark/images/checkbox-indicator-partiallyChecked-pressed@3x.png"
Log:  to "build_release/bin/FocusForgeApp.app/Contents/Resources/qml/QtQuick/Controls/FluentWinUI3/dark/images/checkbox-indicator-partiallyChecked-pressed@3x.png"
Log:  copied: "/opt/homebrew/share/qt/qml/QtQuick/Controls/FluentWinUI3/dark/images/checkbox-indicator-partiallyChecked.png"
Log:  to "build_release/bin/FocusForgeApp.app/Contents/Resources/qml/QtQuick/Controls/FluentWinUI3/dark/images/checkbox-indicator-partiallyChecked.png"
Log:  copied: "/opt/homebrew/share/qt/qml/QtQuick/Controls/FluentWinUI3/dark/images/checkbox-indicator-partiallyChecked@2x.png"
Log:  to "build_release/bin/FocusForgeApp.app/Contents/Resources/qml/QtQuick/Controls/FluentWinUI3/dark/images/checkbox-indicator-partiallyChecked@2x.png"
Log:  copied: "/opt/homebrew/share/qt/qml/QtQuick/Controls/FluentWinUI3/dark/images/checkbox-indicator-partiallyChecked@3x.png"
Log:  to "build_release/bin/FocusForgeApp.app/Contents/Resources/qml/QtQuick/Controls/FluentWinUI3/dark/images/checkbox-indicator-partiallyChecked@3x.png"
Log:  copied: "/opt/homebrew/share/qt/qml/QtQuick/Controls/FluentWinUI3/dark/images/checkbox-indicator-pressed.png"
Log:  to "build_release/bin/FocusForgeApp.app/Contents/Resources/qml/QtQuick/Controls/FluentWinUI3/dark/images/checkbox-indicator-pressed.png"
Log:  copied: "/opt/homebrew/share/qt/qml/QtQuick/Controls/FluentWinUI3/dark/images/checkbox-indicator-pressed@2x.png"
Log:  to "build_release/bin/FocusForgeApp.app/Contents/Resources/qml/QtQuick/Controls/FluentWinUI3/dark/images/checkbox-indicator-pressed@2x.png"
Log:  copied: "/opt/homebrew/share/qt/qml/QtQuick/Controls/FluentWinUI3/dark/images/checkbox-indicator-pressed@3x.png"
Log:  to "build_release/bin/FocusForgeApp.app/Contents/Resources/qml/QtQuick/Controls/FluentWinUI3/dark/images/checkbox-indicator-pressed@3x.png"
Log:  copied: "/opt/homebrew/share/qt/qml/QtQuick/Controls/FluentWinUI3/dark/images/checkbox-indicator.png"
Log:  to "build_release/bin/FocusForgeApp.app/Contents/Resources/qml/QtQuick/Controls/FluentWinUI3/dark/images/checkbox-indicator.png"
Log:  copied: "/opt/homebrew/share/qt/qml/QtQuick/Controls/FluentWinUI3/dark/images/checkbox-indicator@2x.png"
Log:  to "build_release/bin/FocusForgeApp.app/Contents/Resources/qml/QtQuick/Controls/FluentWinUI3/dark/images/checkbox-indicator@2x.png"
Log:  copied: "/opt/homebrew/share/qt/qml/QtQuick/Controls/FluentWinUI3/dark/images/checkbox-indicator@3x.png"
Log:  to "build_release/bin/FocusForgeApp.app/Contents/Resources/qml/QtQuick/Controls/FluentWinUI3/dark/images/checkbox-indicator@3x.png"
Log:  copied: "/opt/homebrew/share/qt/qml/QtQuick/Controls/FluentWinUI3/dark/images/combobox-background-disabled.png"
Log:  to "build_release/bin/FocusForgeApp.app/Contents/Resources/qml/QtQuick/Controls/FluentWinUI3/dark/images/combobox-background-disabled.png"
Log:  copied: "/opt/homebrew/share/qt/qml/QtQuick/Controls/FluentWinUI3/dark/images/combobox-background-disabled@2x.png"
Log:  to "build_release/bin/FocusForgeApp.app/Contents/Resources/qml/QtQuick/Controls/FluentWinUI3/dark/images/combobox-background-disabled@2x.png"
Log:  copied: "/opt/homebrew/share/qt/qml/QtQuick/Controls/FluentWinUI3/dark/images/combobox-background-disabled@3x.png"
Log:  to "build_release/bin/FocusForgeApp.app/Contents/Resources/qml/QtQuick/Controls/FluentWinUI3/dark/images/combobox-background-disabled@3x.png"
Log:  copied: "/opt/homebrew/share/qt/qml/QtQuick/Controls/FluentWinUI3/dark/images/combobox-background-focused.png"
Log:  to "build_release/bin/FocusForgeApp.app/Contents/Resources/qml/QtQuick/Controls/FluentWinUI3/dark/images/combobox-background-focused.png"
Log:  copied: "/opt/homebrew/share/qt/qml/QtQuick/Controls/FluentWinUI3/dark/images/combobox-background-focused@2x.png"
Log:  to "build_release/bin/FocusForgeApp.app/Contents/Resources/qml/QtQuick/Controls/FluentWinUI3/dark/images/combobox-background-focused@2x.png"
Log:  copied: "/opt/homebrew/share/qt/qml/QtQuick/Controls/FluentWinUI3/dark/images/combobox-background-focused@3x.png"
Log:  to "build_release/bin/FocusForgeApp.app/Contents/Resources/qml/QtQuick/Controls/FluentWinUI3/dark/images/combobox-background-focused@3x.png"
Log:  copied: "/opt/homebrew/share/qt/qml/QtQuick/Controls/FluentWinUI3/dark/images/combobox-background-hovered-open.png"
Log:  to "build_release/bin/FocusForgeApp.app/Contents/Resources/qml/QtQuick/Controls/FluentWinUI3/dark/images/combobox-background-hovered-open.png"
Log:  copied: "/opt/homebrew/share/qt/qml/QtQuick/Controls/FluentWinUI3/dark/images/combobox-background-hovered-open@2x.png"
Log:  to "build_release/bin/FocusForgeApp.app/Contents/Resources/qml/QtQuick/Controls/FluentWinUI3/dark/images/combobox-background-hovered-open@2x.png"
Log:  copied: "/opt/homebrew/share/qt/qml/QtQuick/Controls/FluentWinUI3/dark/images/combobox-background-hovered-open@3x.png"
Log:  to "build_release/bin/FocusForgeApp.app/Contents/Resources/qml/QtQuick/Controls/FluentWinUI3/dark/images/combobox-background-hovered-open@3x.png"
Log:  copied: "/opt/homebrew/share/qt/qml/QtQuick/Controls/FluentWinUI3/dark/images/combobox-background-hovered.png"
Log:  to "build_release/bin/FocusForgeApp.app/Contents/Resources/qml/QtQuick/Controls/FluentWinUI3/dark/images/combobox-background-hovered.png"
Log:  copied: "/opt/homebrew/share/qt/qml/QtQuick/Controls/FluentWinUI3/dark/images/combobox-background-hovered@2x.png"
Log:  to "build_release/bin/FocusForgeApp.app/Contents/Resources/qml/QtQuick/Controls/FluentWinUI3/dark/images/combobox-background-hovered@2x.png"
Log:  copied: "/opt/homebrew/share/qt/qml/QtQuick/Controls/FluentWinUI3/dark/images/combobox-background-hovered@3x.png"
Log:  to "build_release/bin/FocusForgeApp.app/Contents/Resources/qml/QtQuick/Controls/FluentWinUI3/dark/images/combobox-background-hovered@3x.png"
Log:  copied: "/opt/homebrew/share/qt/qml/QtQuick/Controls/FluentWinUI3/dark/images/combobox-background-open-pressed.png"
Log:  to "build_release/bin/FocusForgeApp.app/Contents/Resources/qml/QtQuick/Controls/FluentWinUI3/dark/images/combobox-background-open-pressed.png"
Log:  copied: "/opt/homebrew/share/qt/qml/QtQuick/Controls/FluentWinUI3/dark/images/combobox-background-open-pressed@2x.png"
Log:  to "build_release/bin/FocusForgeApp.app/Contents/Resources/qml/QtQuick/Controls/FluentWinUI3/dark/images/combobox-background-open-pressed@2x.png"
Log:  copied: "/opt/homebrew/share/qt/qml/QtQuick/Controls/FluentWinUI3/dark/images/combobox-background-open-pressed@3x.png"
Log:  to "build_release/bin/FocusForgeApp.app/Contents/Resources/qml/QtQuick/Controls/FluentWinUI3/dark/images/combobox-background-open-pressed@3x.png"
Log:  copied: "/opt/homebrew/share/qt/qml/QtQuick/Controls/FluentWinUI3/dark/images/combobox-background-open.png"
Log:  to "build_release/bin/FocusForgeApp.app/Contents/Resources/qml/QtQuick/Controls/FluentWinUI3/dark/images/combobox-background-open.png"
Log:  copied: "/opt/homebrew/share/qt/qml/QtQuick/Controls/FluentWinUI3/dark/images/combobox-background-open@2x.png"
Log:  to "build_release/bin/FocusForgeApp.app/Contents/Resources/qml/QtQuick/Controls/FluentWinUI3/dark/images/combobox-background-open@2x.png"
Log:  copied: "/opt/homebrew/share/qt/qml/QtQuick/Controls/FluentWinUI3/dark/images/combobox-background-open@3x.png"
Log:  to "build_release/bin/FocusForgeApp.app/Contents/Resources/qml/QtQuick/Controls/FluentWinUI3/dark/images/combobox-background-open@3x.png"
Log:  copied: "/opt/homebrew/share/qt/qml/QtQuick/Controls/FluentWinUI3/dark/images/combobox-background-pressed.png"
Log:  to "build_release/bin/FocusForgeApp.app/Contents/Resources/qml/QtQuick/Controls/FluentWinUI3/dark/images/combobox-background-pressed.png"
Log:  copied: "/opt/homebrew/share/qt/qml/QtQuick/Controls/FluentWinUI3/dark/images/combobox-background-pressed@2x.png"
Log:  to "build_release/bin/FocusForgeApp.app/Contents/Resources/qml/QtQuick/Controls/FluentWinUI3/dark/images/combobox-background-pressed@2x.png"
Log:  copied: "/opt/homebrew/share/qt/qml/QtQuick/Controls/FluentWinUI3/dark/images/combobox-background-pressed@3x.png"
Log:  to "build_release/bin/FocusForgeApp.app/Contents/Resources/qml/QtQuick/Controls/FluentWinUI3/dark/images/combobox-background-pressed@3x.png"
Log:  copied: "/opt/homebrew/share/qt/qml/QtQuick/Controls/FluentWinUI3/dark/images/combobox-background.png"
Log:  to "build_release/bin/FocusForgeApp.app/Contents/Resources/qml/QtQuick/Controls/FluentWinUI3/dark/images/combobox-background.png"
Log:  copied: "/opt/homebrew/share/qt/qml/QtQuick/Controls/FluentWinUI3/dark/images/combobox-background@2x.png"
Log:  to "build_release/bin/FocusForgeApp.app/Contents/Resources/qml/QtQuick/Controls/FluentWinUI3/dark/images/combobox-background@2x.png"
Log:  copied: "/opt/homebrew/share/qt/qml/QtQuick/Controls/FluentWinUI3/dark/images/combobox-background@3x.png"
Log:  to "build_release/bin/FocusForgeApp.app/Contents/Resources/qml/QtQuick/Controls/FluentWinUI3/dark/images/combobox-background@3x.png"
Log:  copied: "/opt/homebrew/share/qt/qml/QtQuick/Controls/FluentWinUI3/dark/images/combobox-indicator-disabled.png"
Log:  to "build_release/bin/FocusForgeApp.app/Contents/Resources/qml/QtQuick/Controls/FluentWinUI3/dark/images/combobox-indicator-disabled.png"
Log:  copied: "/opt/homebrew/share/qt/qml/QtQuick/Controls/FluentWinUI3/dark/images/combobox-indicator-disabled@2x.png"
Log:  to "build_release/bin/FocusForgeApp.app/Contents/Resources/qml/QtQuick/Controls/FluentWinUI3/dark/images/combobox-indicator-disabled@2x.png"
Log:  copied: "/opt/homebrew/share/qt/qml/QtQuick/Controls/FluentWinUI3/dark/images/combobox-indicator-disabled@3x.png"
Log:  to "build_release/bin/FocusForgeApp.app/Contents/Resources/qml/QtQuick/Controls/FluentWinUI3/dark/images/combobox-indicator-disabled@3x.png"
Log:  copied: "/opt/homebrew/share/qt/qml/QtQuick/Controls/FluentWinUI3/dark/images/combobox-indicator-focused.png"
Log:  to "build_release/bin/FocusForgeApp.app/Contents/Resources/qml/QtQuick/Controls/FluentWinUI3/dark/images/combobox-indicator-focused.png"
Log:  copied: "/opt/homebrew/share/qt/qml/QtQuick/Controls/FluentWinUI3/dark/images/combobox-indicator-focused@2x.png"
Log:  to "build_release/bin/FocusForgeApp.app/Contents/Resources/qml/QtQuick/Controls/FluentWinUI3/dark/images/combobox-indicator-focused@2x.png"
Log:  copied: "/opt/homebrew/share/qt/qml/QtQuick/Controls/FluentWinUI3/dark/images/combobox-indicator-focused@3x.png"
Log:  to "build_release/bin/FocusForgeApp.app/Contents/Resources/qml/QtQuick/Controls/FluentWinUI3/dark/images/combobox-indicator-focused@3x.png"
Log:  copied: "/opt/homebrew/share/qt/qml/QtQuick/Controls/FluentWinUI3/dark/images/combobox-indicator-hovered-open.png"
Log:  to "build_release/bin/FocusForgeApp.app/Contents/Resources/qml/QtQuick/Controls/FluentWinUI3/dark/images/combobox-indicator-hovered-open.png"
Log:  copied: "/opt/homebrew/share/qt/qml/QtQuick/Controls/FluentWinUI3/dark/images/combobox-indicator-hovered-open@2x.png"
Log:  to "build_release/bin/FocusForgeApp.app/Contents/Resources/qml/QtQuick/Controls/FluentWinUI3/dark/images/combobox-indicator-hovered-open@2x.png"
Log:  copied: "/opt/homebrew/share/qt/qml/QtQuick/Controls/FluentWinUI3/dark/images/combobox-indicator-hovered-open@3x.png"
Log:  to "build_release/bin/FocusForgeApp.app/Contents/Resources/qml/QtQuick/Controls/FluentWinUI3/dark/images/combobox-indicator-hovered-open@3x.png"
Log:  copied: "/opt/homebrew/share/qt/qml/QtQuick/Controls/FluentWinUI3/dark/images/combobox-indicator-hovered.png"
Log:  to "build_release/bin/FocusForgeApp.app/Contents/Resources/qml/QtQuick/Controls/FluentWinUI3/dark/images/combobox-indicator-hovered.png"
Log:  copied: "/opt/homebrew/share/qt/qml/QtQuick/Controls/FluentWinUI3/dark/images/combobox-indicator-hovered@2x.png"
Log:  to "build_release/bin/FocusForgeApp.app/Contents/Resources/qml/QtQuick/Controls/FluentWinUI3/dark/images/combobox-indicator-hovered@2x.png"
Log:  copied: "/opt/homebrew/share/qt/qml/QtQuick/Controls/FluentWinUI3/dark/images/combobox-indicator-hovered@3x.png"
Log:  to "build_release/bin/FocusForgeApp.app/Contents/Resources/qml/QtQuick/Controls/FluentWinUI3/dark/images/combobox-indicator-hovered@3x.png"
Log:  copied: "/opt/homebrew/share/qt/qml/QtQuick/Controls/FluentWinUI3/dark/images/combobox-indicator-open-pressed.png"
Log:  to "build_release/bin/FocusForgeApp.app/Contents/Resources/qml/QtQuick/Controls/FluentWinUI3/dark/images/combobox-indicator-open-pressed.png"
Log:  copied: "/opt/homebrew/share/qt/qml/QtQuick/Controls/FluentWinUI3/dark/images/combobox-indicator-open-pressed@2x.png"
Log:  to "build_release/bin/FocusForgeApp.app/Contents/Resources/qml/QtQuick/Controls/FluentWinUI3/dark/images/combobox-indicator-open-pressed@2x.png"
Log:  copied: "/opt/homebrew/share/qt/qml/QtQuick/Controls/FluentWinUI3/dark/images/combobox-indicator-open-pressed@3x.png"
Log:  to "build_release/bin/FocusForgeApp.app/Contents/Resources/qml/QtQuick/Controls/FluentWinUI3/dark/images/combobox-indicator-open-pressed@3x.png"
Log:  copied: "/opt/homebrew/share/qt/qml/QtQuick/Controls/FluentWinUI3/dark/images/combobox-indicator-open.png"
Log:  to "build_release/bin/FocusForgeApp.app/Contents/Resources/qml/QtQuick/Controls/FluentWinUI3/dark/images/combobox-indicator-open.png"
Log:  copied: "/opt/homebrew/share/qt/qml/QtQuick/Controls/FluentWinUI3/dark/images/combobox-indicator-open@2x.png"
Log:  to "build_release/bin/FocusForgeApp.app/Contents/Resources/qml/QtQuick/Controls/FluentWinUI3/dark/images/combobox-indicator-open@2x.png"
Log:  copied: "/opt/homebrew/share/qt/qml/QtQuick/Controls/FluentWinUI3/dark/images/combobox-indicator-open@3x.png"
Log:  to "build_release/bin/FocusForgeApp.app/Contents/Resources/qml/QtQuick/Controls/FluentWinUI3/dark/images/combobox-indicator-open@3x.png"
Log:  copied: "/opt/homebrew/share/qt/qml/QtQuick/Controls/FluentWinUI3/dark/images/combobox-indicator-pressed.png"
Log:  to "build_release/bin/FocusForgeApp.app/Contents/Resources/qml/QtQuick/Controls/FluentWinUI3/dark/images/combobox-indicator-pressed.png"
Log:  copied: "/opt/homebrew/share/qt/qml/QtQuick/Controls/FluentWinUI3/dark/images/combobox-indicator-pressed@2x.png"
Log:  to "build_release/bin/FocusForgeApp.app/Contents/Resources/qml/QtQuick/Controls/FluentWinUI3/dark/images/combobox-indicator-pressed@2x.png"
Log:  copied: "/opt/homebrew/share/qt/qml/QtQuick/Controls/FluentWinUI3/dark/images/combobox-indicator-pressed@3x.png"
Log:  to "build_release/bin/FocusForgeApp.app/Contents/Resources/qml/QtQuick/Controls/FluentWinUI3/dark/images/combobox-indicator-pressed@3x.png"
Log:  copied: "/opt/homebrew/share/qt/qml/QtQuick/Controls/FluentWinUI3/dark/images/combobox-indicator.png"
Log:  to "build_release/bin/FocusForgeApp.app/Contents/Resources/qml/QtQuick/Controls/FluentWinUI3/dark/images/combobox-indicator.png"
Log:  copied: "/opt/homebrew/share/qt/qml/QtQuick/Controls/FluentWinUI3/dark/images/combobox-indicator@2x.png"
Log:  to "build_release/bin/FocusForgeApp.app/Contents/Resources/qml/QtQuick/Controls/FluentWinUI3/dark/images/combobox-indicator@2x.png"
Log:  copied: "/opt/homebrew/share/qt/qml/QtQuick/Controls/FluentWinUI3/dark/images/combobox-indicator@3x.png"
Log:  to "build_release/bin/FocusForgeApp.app/Contents/Resources/qml/QtQuick/Controls/FluentWinUI3/dark/images/combobox-indicator@3x.png"
Log:  copied: "/opt/homebrew/share/qt/qml/QtQuick/Controls/FluentWinUI3/dark/images/editablecombobox-background-hovered-open.png"
Log:  to "build_release/bin/FocusForgeApp.app/Contents/Resources/qml/QtQuick/Controls/FluentWinUI3/dark/images/editablecombobox-background-hovered-open.png"
Log:  copied: "/opt/homebrew/share/qt/qml/QtQuick/Controls/FluentWinUI3/dark/images/editablecombobox-background-hovered-open@2x.png"
Log:  to "build_release/bin/FocusForgeApp.app/Contents/Resources/qml/QtQuick/Controls/FluentWinUI3/dark/images/editablecombobox-background-hovered-open@2x.png"
Log:  copied: "/opt/homebrew/share/qt/qml/QtQuick/Controls/FluentWinUI3/dark/images/editablecombobox-background-hovered-open@3x.png"
Log:  to "build_release/bin/FocusForgeApp.app/Contents/Resources/qml/QtQuick/Controls/FluentWinUI3/dark/images/editablecombobox-background-hovered-open@3x.png"
Log:  copied: "/opt/homebrew/share/qt/qml/QtQuick/Controls/FluentWinUI3/dark/images/editablecombobox-background-open-pressed.png"
Log:  to "build_release/bin/FocusForgeApp.app/Contents/Resources/qml/QtQuick/Controls/FluentWinUI3/dark/images/editablecombobox-background-open-pressed.png"
Log:  copied: "/opt/homebrew/share/qt/qml/QtQuick/Controls/FluentWinUI3/dark/images/editablecombobox-background-open-pressed@2x.png"
Log:  to "build_release/bin/FocusForgeApp.app/Contents/Resources/qml/QtQuick/Controls/FluentWinUI3/dark/images/editablecombobox-background-open-pressed@2x.png"
Log:  copied: "/opt/homebrew/share/qt/qml/QtQuick/Controls/FluentWinUI3/dark/images/editablecombobox-background-open-pressed@3x.png"
Log:  to "build_release/bin/FocusForgeApp.app/Contents/Resources/qml/QtQuick/Controls/FluentWinUI3/dark/images/editablecombobox-background-open-pressed@3x.png"
Log:  copied: "/opt/homebrew/share/qt/qml/QtQuick/Controls/FluentWinUI3/dark/images/editablecombobox-background-open.png"
Log:  to "build_release/bin/FocusForgeApp.app/Contents/Resources/qml/QtQuick/Controls/FluentWinUI3/dark/images/editablecombobox-background-open.png"
Log:  copied: "/opt/homebrew/share/qt/qml/QtQuick/Controls/FluentWinUI3/dark/images/editablecombobox-background-open@2x.png"
Log:  to "build_release/bin/FocusForgeApp.app/Contents/Resources/qml/QtQuick/Controls/FluentWinUI3/dark/images/editablecombobox-background-open@2x.png"
Log:  copied: "/opt/homebrew/share/qt/qml/QtQuick/Controls/FluentWinUI3/dark/images/editablecombobox-background-open@3x.png"
Log:  to "build_release/bin/FocusForgeApp.app/Contents/Resources/qml/QtQuick/Controls/FluentWinUI3/dark/images/editablecombobox-background-open@3x.png"
Log:  copied: "/opt/homebrew/share/qt/qml/QtQuick/Controls/FluentWinUI3/dark/images/editablecombobox-indicator-hovered-open.png"
Log:  to "build_release/bin/FocusForgeApp.app/Contents/Resources/qml/QtQuick/Controls/FluentWinUI3/dark/images/editablecombobox-indicator-hovered-open.png"
Log:  copied: "/opt/homebrew/share/qt/qml/QtQuick/Controls/FluentWinUI3/dark/images/editablecombobox-indicator-hovered-open@2x.png"
Log:  to "build_release/bin/FocusForgeApp.app/Contents/Resources/qml/QtQuick/Controls/FluentWinUI3/dark/images/editablecombobox-indicator-hovered-open@2x.png"
Log:  copied: "/opt/homebrew/share/qt/qml/QtQuick/Controls/FluentWinUI3/dark/images/editablecombobox-indicator-hovered-open@3x.png"
Log:  to "build_release/bin/FocusForgeApp.app/Contents/Resources/qml/QtQuick/Controls/FluentWinUI3/dark/images/editablecombobox-indicator-hovered-open@3x.png"
Log:  copied: "/opt/homebrew/share/qt/qml/QtQuick/Controls/FluentWinUI3/dark/images/editablecombobox-indicator-open-pressed.png"
Log:  to "build_release/bin/FocusForgeApp.app/Contents/Resources/qml/QtQuick/Controls/FluentWinUI3/dark/images/editablecombobox-indicator-open-pressed.png"
Log:  copied: "/opt/homebrew/share/qt/qml/QtQuick/Controls/FluentWinUI3/dark/images/editablecombobox-indicator-open-pressed@2x.png"
Log:  to "build_release/bin/FocusForgeApp.app/Contents/Resources/qml/QtQuick/Controls/FluentWinUI3/dark/images/editablecombobox-indicator-open-pressed@2x.png"
Log:  copied: "/opt/homebrew/share/qt/qml/QtQuick/Controls/FluentWinUI3/dark/images/editablecombobox-indicator-open-pressed@3x.png"
Log:  to "build_release/bin/FocusForgeApp.app/Contents/Resources/qml/QtQuick/Controls/FluentWinUI3/dark/images/editablecombobox-indicator-open-pressed@3x.png"
Log:  copied: "/opt/homebrew/share/qt/qml/QtQuick/Controls/FluentWinUI3/dark/images/editablecombobox-indicator-open.png"
Log:  to "build_release/bin/FocusForgeApp.app/Contents/Resources/qml/QtQuick/Controls/FluentWinUI3/dark/images/editablecombobox-indicator-open.png"
Log:  copied: "/opt/homebrew/share/qt/qml/QtQuick/Controls/FluentWinUI3/dark/images/editablecombobox-indicator-open@2x.png"
Log:  to "build_release/bin/FocusForgeApp.app/Contents/Resources/qml/QtQuick/Controls/FluentWinUI3/dark/images/editablecombobox-indicator-open@2x.png"
Log:  copied: "/opt/homebrew/share/qt/qml/QtQuick/Controls/FluentWinUI3/dark/images/editablecombobox-indicator-open@3x.png"
Log:  to "build_release/bin/FocusForgeApp.app/Contents/Resources/qml/QtQuick/Controls/FluentWinUI3/dark/images/editablecombobox-indicator-open@3x.png"
Log:  copied: "/opt/homebrew/share/qt/qml/QtQuick/Controls/FluentWinUI3/dark/images/editablecombobox-popup-background-hovered-open.png"
Log:  to "build_release/bin/FocusForgeApp.app/Contents/Resources/qml/QtQuick/Controls/FluentWinUI3/dark/images/editablecombobox-popup-background-hovered-open.png"
Log:  copied: "/opt/homebrew/share/qt/qml/QtQuick/Controls/FluentWinUI3/dark/images/editablecombobox-popup-background-hovered-open@2x.png"
Log:  to "build_release/bin/FocusForgeApp.app/Contents/Resources/qml/QtQuick/Controls/FluentWinUI3/dark/images/editablecombobox-popup-background-hovered-open@2x.png"
Log:  copied: "/opt/homebrew/share/qt/qml/QtQuick/Controls/FluentWinUI3/dark/images/editablecombobox-popup-background-hovered-open@3x.png"
Log:  to "build_release/bin/FocusForgeApp.app/Contents/Resources/qml/QtQuick/Controls/FluentWinUI3/dark/images/editablecombobox-popup-background-hovered-open@3x.png"
Log:  copied: "/opt/homebrew/share/qt/qml/QtQuick/Controls/FluentWinUI3/dark/images/editablecombobox-popup-background-open-pressed.png"
Log:  to "build_release/bin/FocusForgeApp.app/Contents/Resources/qml/QtQuick/Controls/FluentWinUI3/dark/images/editablecombobox-popup-background-open-pressed.png"
Log:  copied: "/opt/homebrew/share/qt/qml/QtQuick/Controls/FluentWinUI3/dark/images/editablecombobox-popup-background-open-pressed@2x.png"
Log:  to "build_release/bin/FocusForgeApp.app/Contents/Resources/qml/QtQuick/Controls/FluentWinUI3/dark/images/editablecombobox-popup-background-open-pressed@2x.png"
Log:  copied: "/opt/homebrew/share/qt/qml/QtQuick/Controls/FluentWinUI3/dark/images/editablecombobox-popup-background-open-pressed@3x.png"
Log:  to "build_release/bin/FocusForgeApp.app/Contents/Resources/qml/QtQuick/Controls/FluentWinUI3/dark/images/editablecombobox-popup-background-open-pressed@3x.png"
Log:  copied: "/opt/homebrew/share/qt/qml/QtQuick/Controls/FluentWinUI3/dark/images/editablecombobox-popup-background-open.png"
Log:  to "build_release/bin/FocusForgeApp.app/Contents/Resources/qml/QtQuick/Controls/FluentWinUI3/dark/images/editablecombobox-popup-background-open.png"
Log:  copied: "/opt/homebrew/share/qt/qml/QtQuick/Controls/FluentWinUI3/dark/images/editablecombobox-popup-background-open@2x.png"
Log:  to "build_release/bin/FocusForgeApp.app/Contents/Resources/qml/QtQuick/Controls/FluentWinUI3/dark/images/editablecombobox-popup-background-open@2x.png"
Log:  copied: "/opt/homebrew/share/qt/qml/QtQuick/Controls/FluentWinUI3/dark/images/editablecombobox-popup-background-open@3x.png"
Log:  to "build_release/bin/FocusForgeApp.app/Contents/Resources/qml/QtQuick/Controls/FluentWinUI3/dark/images/editablecombobox-popup-background-open@3x.png"
Log:  copied: "/opt/homebrew/share/qt/qml/QtQuick/Controls/FluentWinUI3/dark/images/frame-background-disabled.png"
Log:  to "build_release/bin/FocusForgeApp.app/Contents/Resources/qml/QtQuick/Controls/FluentWinUI3/dark/images/frame-background-disabled.png"
Log:  copied: "/opt/homebrew/share/qt/qml/QtQuick/Controls/FluentWinUI3/dark/images/frame-background-disabled@2x.png"
Log:  to "build_release/bin/FocusForgeApp.app/Contents/Resources/qml/QtQuick/Controls/FluentWinUI3/dark/images/frame-background-disabled@2x.png"
Log:  copied: "/opt/homebrew/share/qt/qml/QtQuick/Controls/FluentWinUI3/dark/images/frame-background-disabled@3x.png"
Log:  to "build_release/bin/FocusForgeApp.app/Contents/Resources/qml/QtQuick/Controls/FluentWinUI3/dark/images/frame-background-disabled@3x.png"
Log:  copied: "/opt/homebrew/share/qt/qml/QtQuick/Controls/FluentWinUI3/dark/images/frame-background.png"
Log:  to "build_release/bin/FocusForgeApp.app/Contents/Resources/qml/QtQuick/Controls/FluentWinUI3/dark/images/frame-background.png"
Log:  copied: "/opt/homebrew/share/qt/qml/QtQuick/Controls/FluentWinUI3/dark/images/frame-background@2x.png"
Log:  to "build_release/bin/FocusForgeApp.app/Contents/Resources/qml/QtQuick/Controls/FluentWinUI3/dark/images/frame-background@2x.png"
Log:  copied: "/opt/homebrew/share/qt/qml/QtQuick/Controls/FluentWinUI3/dark/images/frame-background@3x.png"
Log:  to "build_release/bin/FocusForgeApp.app/Contents/Resources/qml/QtQuick/Controls/FluentWinUI3/dark/images/frame-background@3x.png"
Log:  copied: "/opt/homebrew/share/qt/qml/QtQuick/Controls/FluentWinUI3/dark/images/itemdelegate-background-highlighted-hovered.png"
Log:  to "build_release/bin/FocusForgeApp.app/Contents/Resources/qml/QtQuick/Controls/FluentWinUI3/dark/images/itemdelegate-background-highlighted-hovered.png"
Log:  copied: "/opt/homebrew/share/qt/qml/QtQuick/Controls/FluentWinUI3/dark/images/itemdelegate-background-highlighted-hovered@2x.png"
Log:  to "build_release/bin/FocusForgeApp.app/Contents/Resources/qml/QtQuick/Controls/FluentWinUI3/dark/images/itemdelegate-background-highlighted-hovered@2x.png"
Log:  copied: "/opt/homebrew/share/qt/qml/QtQuick/Controls/FluentWinUI3/dark/images/itemdelegate-background-highlighted-hovered@3x.png"
Log:  to "build_release/bin/FocusForgeApp.app/Contents/Resources/qml/QtQuick/Controls/FluentWinUI3/dark/images/itemdelegate-background-highlighted-hovered@3x.png"
Log:  copied: "/opt/homebrew/share/qt/qml/QtQuick/Controls/FluentWinUI3/dark/images/itemdelegate-background-highlighted-pressed.png"
Log:  to "build_release/bin/FocusForgeApp.app/Contents/Resources/qml/QtQuick/Controls/FluentWinUI3/dark/images/itemdelegate-background-highlighted-pressed.png"
Log:  copied: "/opt/homebrew/share/qt/qml/QtQuick/Controls/FluentWinUI3/dark/images/itemdelegate-background-highlighted-pressed@2x.png"
Log:  to "build_release/bin/FocusForgeApp.app/Contents/Resources/qml/QtQuick/Controls/FluentWinUI3/dark/images/itemdelegate-background-highlighted-pressed@2x.png"
Log:  copied: "/opt/homebrew/share/qt/qml/QtQuick/Controls/FluentWinUI3/dark/images/itemdelegate-background-highlighted-pressed@3x.png"
Log:  to "build_release/bin/FocusForgeApp.app/Contents/Resources/qml/QtQuick/Controls/FluentWinUI3/dark/images/itemdelegate-background-highlighted-pressed@3x.png"
Log:  copied: "/opt/homebrew/share/qt/qml/QtQuick/Controls/FluentWinUI3/dark/images/itemdelegate-background-highlighted.png"
Log:  to "build_release/bin/FocusForgeApp.app/Contents/Resources/qml/QtQuick/Controls/FluentWinUI3/dark/images/itemdelegate-background-highlighted.png"
Log:  copied: "/opt/homebrew/share/qt/qml/QtQuick/Controls/FluentWinUI3/dark/images/itemdelegate-background-highlighted@2x.png"
Log:  to "build_release/bin/FocusForgeApp.app/Contents/Resources/qml/QtQuick/Controls/FluentWinUI3/dark/images/itemdelegate-background-highlighted@2x.png"
Log:  copied: "/opt/homebrew/share/qt/qml/QtQuick/Controls/FluentWinUI3/dark/images/itemdelegate-background-highlighted@3x.png"
Log:  to "build_release/bin/FocusForgeApp.app/Contents/Resources/qml/QtQuick/Controls/FluentWinUI3/dark/images/itemdelegate-background-highlighted@3x.png"
Log:  copied: "/opt/homebrew/share/qt/qml/QtQuick/Controls/FluentWinUI3/dark/images/itemdelegate-background-hovered.png"
Log:  to "build_release/bin/FocusForgeApp.app/Contents/Resources/qml/QtQuick/Controls/FluentWinUI3/dark/images/itemdelegate-background-hovered.png"
Log:  copied: "/opt/homebrew/share/qt/qml/QtQuick/Controls/FluentWinUI3/dark/images/itemdelegate-background-hovered@2x.png"
Log:  to "build_release/bin/FocusForgeApp.app/Contents/Resources/qml/QtQuick/Controls/FluentWinUI3/dark/images/itemdelegate-background-hovered@2x.png"
Log:  copied: "/opt/homebrew/share/qt/qml/QtQuick/Controls/FluentWinUI3/dark/images/itemdelegate-background-hovered@3x.png"
Log:  to "build_release/bin/FocusForgeApp.app/Contents/Resources/qml/QtQuick/Controls/FluentWinUI3/dark/images/itemdelegate-background-hovered@3x.png"
Log:  copied: "/opt/homebrew/share/qt/qml/QtQuick/Controls/FluentWinUI3/dark/images/itemdelegate-background-pressed.png"
Log:  to "build_release/bin/FocusForgeApp.app/Contents/Resources/qml/QtQuick/Controls/FluentWinUI3/dark/images/itemdelegate-background-pressed.png"
Log:  copied: "/opt/homebrew/share/qt/qml/QtQuick/Controls/FluentWinUI3/dark/images/itemdelegate-background-pressed@2x.png"
Log:  to "build_release/bin/FocusForgeApp.app/Contents/Resources/qml/QtQuick/Controls/FluentWinUI3/dark/images/itemdelegate-background-pressed@2x.png"
Log:  copied: "/opt/homebrew/share/qt/qml/QtQuick/Controls/FluentWinUI3/dark/images/itemdelegate-background-pressed@3x.png"
Log:  to "build_release/bin/FocusForgeApp.app/Contents/Resources/qml/QtQuick/Controls/FluentWinUI3/dark/images/itemdelegate-background-pressed@3x.png"
Log:  copied: "/opt/homebrew/share/qt/qml/QtQuick/Controls/FluentWinUI3/dark/images/pageindicatordelegate-indicator-delegate-current-hovered.png"
Log:  to "build_release/bin/FocusForgeApp.app/Contents/Resources/qml/QtQuick/Controls/FluentWinUI3/dark/images/pageindicatordelegate-indicator-delegate-current-hovered.png"
Log:  copied: "/opt/homebrew/share/qt/qml/QtQuick/Controls/FluentWinUI3/dark/images/pageindicatordelegate-indicator-delegate-current-hovered@2x.png"
Log:  to "build_release/bin/FocusForgeApp.app/Contents/Resources/qml/QtQuick/Controls/FluentWinUI3/dark/images/pageindicatordelegate-indicator-delegate-current-hovered@2x.png"
Log:  copied: "/opt/homebrew/share/qt/qml/QtQuick/Controls/FluentWinUI3/dark/images/pageindicatordelegate-indicator-delegate-current-hovered@3x.png"
Log:  to "build_release/bin/FocusForgeApp.app/Contents/Resources/qml/QtQuick/Controls/FluentWinUI3/dark/images/pageindicatordelegate-indicator-delegate-current-hovered@3x.png"
Log:  copied: "/opt/homebrew/share/qt/qml/QtQuick/Controls/FluentWinUI3/dark/images/pageindicatordelegate-indicator-delegate-current-pressed.png"
Log:  to "build_release/bin/FocusForgeApp.app/Contents/Resources/qml/QtQuick/Controls/FluentWinUI3/dark/images/pageindicatordelegate-indicator-delegate-current-pressed.png"
Log:  copied: "/opt/homebrew/share/qt/qml/QtQuick/Controls/FluentWinUI3/dark/images/pageindicatordelegate-indicator-delegate-current-pressed@2x.png"
Log:  to "build_release/bin/FocusForgeApp.app/Contents/Resources/qml/QtQuick/Controls/FluentWinUI3/dark/images/pageindicatordelegate-indicator-delegate-current-pressed@2x.png"
Log:  copied: "/opt/homebrew/share/qt/qml/QtQuick/Controls/FluentWinUI3/dark/images/pageindicatordelegate-indicator-delegate-current-pressed@3x.png"
Log:  to "build_release/bin/FocusForgeApp.app/Contents/Resources/qml/QtQuick/Controls/FluentWinUI3/dark/images/pageindicatordelegate-indicator-delegate-current-pressed@3x.png"
Log:  copied: "/opt/homebrew/share/qt/qml/QtQuick/Controls/FluentWinUI3/dark/images/pageindicatordelegate-indicator-delegate-current.png"
Log:  to "build_release/bin/FocusForgeApp.app/Contents/Resources/qml/QtQuick/Controls/FluentWinUI3/dark/images/pageindicatordelegate-indicator-delegate-current.png"
Log:  copied: "/opt/homebrew/share/qt/qml/QtQuick/Controls/FluentWinUI3/dark/images/pageindicatordelegate-indicator-delegate-current@2x.png"
Log:  to "build_release/bin/FocusForgeApp.app/Contents/Resources/qml/QtQuick/Controls/FluentWinUI3/dark/images/pageindicatordelegate-indicator-delegate-current@2x.png"
Log:  copied: "/opt/homebrew/share/qt/qml/QtQuick/Controls/FluentWinUI3/dark/images/pageindicatordelegate-indicator-delegate-current@3x.png"
Log:  to "build_release/bin/FocusForgeApp.app/Contents/Resources/qml/QtQuick/Controls/FluentWinUI3/dark/images/pageindicatordelegate-indicator-delegate-current@3x.png"
Log:  copied: "/opt/homebrew/share/qt/qml/QtQuick/Controls/FluentWinUI3/dark/images/pageindicatordelegate-indicator-delegate-pressed.png"
Log:  to "build_release/bin/FocusForgeApp.app/Contents/Resources/qml/QtQuick/Controls/FluentWinUI3/dark/images/pageindicatordelegate-indicator-delegate-pressed.png"
Log:  copied: "/opt/homebrew/share/qt/qml/QtQuick/Controls/FluentWinUI3/dark/images/pageindicatordelegate-indicator-delegate-pressed@2x.png"
Log:  to "build_release/bin/FocusForgeApp.app/Contents/Resources/qml/QtQuick/Controls/FluentWinUI3/dark/images/pageindicatordelegate-indicator-delegate-pressed@2x.png"
Log:  copied: "/opt/homebrew/share/qt/qml/QtQuick/Controls/FluentWinUI3/dark/images/pageindicatordelegate-indicator-delegate-pressed@3x.png"
Log:  to "build_release/bin/FocusForgeApp.app/Contents/Resources/qml/QtQuick/Controls/FluentWinUI3/dark/images/pageindicatordelegate-indicator-delegate-pressed@3x.png"
Log:  copied: "/opt/homebrew/share/qt/qml/QtQuick/Controls/FluentWinUI3/dark/images/pageindicatordelegate-indicator-disabled.png"
Log:  to "build_release/bin/FocusForgeApp.app/Contents/Resources/qml/QtQuick/Controls/FluentWinUI3/dark/images/pageindicatordelegate-indicator-disabled.png"
Log:  copied: "/opt/homebrew/share/qt/qml/QtQuick/Controls/FluentWinUI3/dark/images/pageindicatordelegate-indicator-disabled@2x.png"
Log:  to "build_release/bin/FocusForgeApp.app/Contents/Resources/qml/QtQuick/Controls/FluentWinUI3/dark/images/pageindicatordelegate-indicator-disabled@2x.png"
Log:  copied: "/opt/homebrew/share/qt/qml/QtQuick/Controls/FluentWinUI3/dark/images/pageindicatordelegate-indicator-disabled@3x.png"
Log:  to "build_release/bin/FocusForgeApp.app/Contents/Resources/qml/QtQuick/Controls/FluentWinUI3/dark/images/pageindicatordelegate-indicator-disabled@3x.png"
Log:  copied: "/opt/homebrew/share/qt/qml/QtQuick/Controls/FluentWinUI3/dark/images/pageindicatordelegate-indicator-hovered.png"
Log:  to "build_release/bin/FocusForgeApp.app/Contents/Resources/qml/QtQuick/Controls/FluentWinUI3/dark/images/pageindicatordelegate-indicator-hovered.png"
Log:  copied: "/opt/homebrew/share/qt/qml/QtQuick/Controls/FluentWinUI3/dark/images/pageindicatordelegate-indicator-hovered@2x.png"
Log:  to "build_release/bin/FocusForgeApp.app/Contents/Resources/qml/QtQuick/Controls/FluentWinUI3/dark/images/pageindicatordelegate-indicator-hovered@2x.png"
Log:  copied: "/opt/homebrew/share/qt/qml/QtQuick/Controls/FluentWinUI3/dark/images/pageindicatordelegate-indicator-hovered@3x.png"
Log:  to "build_release/bin/FocusForgeApp.app/Contents/Resources/qml/QtQuick/Controls/FluentWinUI3/dark/images/pageindicatordelegate-indicator-hovered@3x.png"
Log:  copied: "/opt/homebrew/share/qt/qml/QtQuick/Controls/FluentWinUI3/dark/images/pageindicatordelegate-indicator.png"
Log:  to "build_release/bin/FocusForgeApp.app/Contents/Resources/qml/QtQuick/Controls/FluentWinUI3/dark/images/pageindicatordelegate-indicator.png"
Log:  copied: "/opt/homebrew/share/qt/qml/QtQuick/Controls/FluentWinUI3/dark/images/pageindicatordelegate-indicator@2x.png"
Log:  to "build_release/bin/FocusForgeApp.app/Contents/Resources/qml/QtQuick/Controls/FluentWinUI3/dark/images/pageindicatordelegate-indicator@2x.png"
Log:  copied: "/opt/homebrew/share/qt/qml/QtQuick/Controls/FluentWinUI3/dark/images/pageindicatordelegate-indicator@3x.png"
Log:  to "build_release/bin/FocusForgeApp.app/Contents/Resources/qml/QtQuick/Controls/FluentWinUI3/dark/images/pageindicatordelegate-indicator@3x.png"
Log:  copied: "/opt/homebrew/share/qt/qml/QtQuick/Controls/FluentWinUI3/dark/images/popup-background.png"
Log:  to "build_release/bin/FocusForgeApp.app/Contents/Resources/qml/QtQuick/Controls/FluentWinUI3/dark/images/popup-background.png"
Log:  copied: "/opt/homebrew/share/qt/qml/QtQuick/Controls/FluentWinUI3/dark/images/popup-background@2x.png"
Log:  to "build_release/bin/FocusForgeApp.app/Contents/Resources/qml/QtQuick/Controls/FluentWinUI3/dark/images/popup-background@2x.png"
Log:  copied: "/opt/homebrew/share/qt/qml/QtQuick/Controls/FluentWinUI3/dark/images/popup-background@3x.png"
Log:  to "build_release/bin/FocusForgeApp.app/Contents/Resources/qml/QtQuick/Controls/FluentWinUI3/dark/images/popup-background@3x.png"
Log:  copied: "/opt/homebrew/share/qt/qml/QtQuick/Controls/FluentWinUI3/dark/images/progressbar-groove-disabled.png"
Log:  to "build_release/bin/FocusForgeApp.app/Contents/Resources/qml/QtQuick/Controls/FluentWinUI3/dark/images/progressbar-groove-disabled.png"
Log:  copied: "/opt/homebrew/share/qt/qml/QtQuick/Controls/FluentWinUI3/dark/images/progressbar-groove-disabled@2x.png"
Log:  to "build_release/bin/FocusForgeApp.app/Contents/Resources/qml/QtQuick/Controls/FluentWinUI3/dark/images/progressbar-groove-disabled@2x.png"
Log:  copied: "/opt/homebrew/share/qt/qml/QtQuick/Controls/FluentWinUI3/dark/images/progressbar-groove-disabled@3x.png"
Log:  to "build_release/bin/FocusForgeApp.app/Contents/Resources/qml/QtQuick/Controls/FluentWinUI3/dark/images/progressbar-groove-disabled@3x.png"
Log:  copied: "/opt/homebrew/share/qt/qml/QtQuick/Controls/FluentWinUI3/dark/images/progressbar-groove.png"
Log:  to "build_release/bin/FocusForgeApp.app/Contents/Resources/qml/QtQuick/Controls/FluentWinUI3/dark/images/progressbar-groove.png"
Log:  copied: "/opt/homebrew/share/qt/qml/QtQuick/Controls/FluentWinUI3/dark/images/progressbar-groove@2x.png"
Log:  to "build_release/bin/FocusForgeApp.app/Contents/Resources/qml/QtQuick/Controls/FluentWinUI3/dark/images/progressbar-groove@2x.png"
Log:  copied: "/opt/homebrew/share/qt/qml/QtQuick/Controls/FluentWinUI3/dark/images/progressbar-groove@3x.png"
Log:  to "build_release/bin/FocusForgeApp.app/Contents/Resources/qml/QtQuick/Controls/FluentWinUI3/dark/images/progressbar-groove@3x.png"
Log:  copied: "/opt/homebrew/share/qt/qml/QtQuick/Controls/FluentWinUI3/dark/images/radiobutton-indicator-checked-disabled.png"
Log:  to "build_release/bin/FocusForgeApp.app/Contents/Resources/qml/QtQuick/Controls/FluentWinUI3/dark/images/radiobutton-indicator-checked-disabled.png"
Log:  copied: "/opt/homebrew/share/qt/qml/QtQuick/Controls/FluentWinUI3/dark/images/radiobutton-indicator-checked-disabled@2x.png"
Log:  to "build_release/bin/FocusForgeApp.app/Contents/Resources/qml/QtQuick/Controls/FluentWinUI3/dark/images/radiobutton-indicator-checked-disabled@2x.png"
Log:  copied: "/opt/homebrew/share/qt/qml/QtQuick/Controls/FluentWinUI3/dark/images/radiobutton-indicator-checked-disabled@3x.png"
Log:  to "build_release/bin/FocusForgeApp.app/Contents/Resources/qml/QtQuick/Controls/FluentWinUI3/dark/images/radiobutton-indicator-checked-disabled@3x.png"
Log:  copied: "/opt/homebrew/share/qt/qml/QtQuick/Controls/FluentWinUI3/dark/images/radiobutton-indicator-checked-hovered.png"
Log:  to "build_release/bin/FocusForgeApp.app/Contents/Resources/qml/QtQuick/Controls/FluentWinUI3/dark/images/radiobutton-indicator-checked-hovered.png"
Log:  copied: "/opt/homebrew/share/qt/qml/QtQuick/Controls/FluentWinUI3/dark/images/radiobutton-indicator-checked-hovered@2x.png"
Log:  to "build_release/bin/FocusForgeApp.app/Contents/Resources/qml/QtQuick/Controls/FluentWinUI3/dark/images/radiobutton-indicator-checked-hovered@2x.png"
Log:  copied: "/opt/homebrew/share/qt/qml/QtQuick/Controls/FluentWinUI3/dark/images/radiobutton-indicator-checked-hovered@3x.png"
Log:  to "build_release/bin/FocusForgeApp.app/Contents/Resources/qml/QtQuick/Controls/FluentWinUI3/dark/images/radiobutton-indicator-checked-hovered@3x.png"
Log:  copied: "/opt/homebrew/share/qt/qml/QtQuick/Controls/FluentWinUI3/dark/images/radiobutton-indicator-checked-pressed.png"
Log:  to "build_release/bin/FocusForgeApp.app/Contents/Resources/qml/QtQuick/Controls/FluentWinUI3/dark/images/radiobutton-indicator-checked-pressed.png"
Log:  copied: "/opt/homebrew/share/qt/qml/QtQuick/Controls/FluentWinUI3/dark/images/radiobutton-indicator-checked-pressed@2x.png"
Log:  to "build_release/bin/FocusForgeApp.app/Contents/Resources/qml/QtQuick/Controls/FluentWinUI3/dark/images/radiobutton-indicator-checked-pressed@2x.png"
Log:  copied: "/opt/homebrew/share/qt/qml/QtQuick/Controls/FluentWinUI3/dark/images/radiobutton-indicator-checked-pressed@3x.png"
Log:  to "build_release/bin/FocusForgeApp.app/Contents/Resources/qml/QtQuick/Controls/FluentWinUI3/dark/images/radiobutton-indicator-checked-pressed@3x.png"
Log:  copied: "/opt/homebrew/share/qt/qml/QtQuick/Controls/FluentWinUI3/dark/images/radiobutton-indicator-checked.png"
Log:  to "build_release/bin/FocusForgeApp.app/Contents/Resources/qml/QtQuick/Controls/FluentWinUI3/dark/images/radiobutton-indicator-checked.png"
Log:  copied: "/opt/homebrew/share/qt/qml/QtQuick/Controls/FluentWinUI3/dark/images/radiobutton-indicator-checked@2x.png"
Log:  to "build_release/bin/FocusForgeApp.app/Contents/Resources/qml/QtQuick/Controls/FluentWinUI3/dark/images/radiobutton-indicator-checked@2x.png"
Log:  copied: "/opt/homebrew/share/qt/qml/QtQuick/Controls/FluentWinUI3/dark/images/radiobutton-indicator-checked@3x.png"
Log:  to "build_release/bin/FocusForgeApp.app/Contents/Resources/qml/QtQuick/Controls/FluentWinUI3/dark/images/radiobutton-indicator-checked@3x.png"
Log:  copied: "/opt/homebrew/share/qt/qml/QtQuick/Controls/FluentWinUI3/dark/images/radiobutton-indicator-disabled.png"
Log:  to "build_release/bin/FocusForgeApp.app/Contents/Resources/qml/QtQuick/Controls/FluentWinUI3/dark/images/radiobutton-indicator-disabled.png"
Log:  copied: "/opt/homebrew/share/qt/qml/QtQuick/Controls/FluentWinUI3/dark/images/radiobutton-indicator-disabled@2x.png"
Log:  to "build_release/bin/FocusForgeApp.app/Contents/Resources/qml/QtQuick/Controls/FluentWinUI3/dark/images/radiobutton-indicator-disabled@2x.png"
Log:  copied: "/opt/homebrew/share/qt/qml/QtQuick/Controls/FluentWinUI3/dark/images/radiobutton-indicator-disabled@3x.png"
Log:  to "build_release/bin/FocusForgeApp.app/Contents/Resources/qml/QtQuick/Controls/FluentWinUI3/dark/images/radiobutton-indicator-disabled@3x.png"
Log:  copied: "/opt/homebrew/share/qt/qml/QtQuick/Controls/FluentWinUI3/dark/images/radiobutton-indicator-hovered.png"
Log:  to "build_release/bin/FocusForgeApp.app/Contents/Resources/qml/QtQuick/Controls/FluentWinUI3/dark/images/radiobutton-indicator-hovered.png"
Log:  copied: "/opt/homebrew/share/qt/qml/QtQuick/Controls/FluentWinUI3/dark/images/radiobutton-indicator-hovered@2x.png"
Log:  to "build_release/bin/FocusForgeApp.app/Contents/Resources/qml/QtQuick/Controls/FluentWinUI3/dark/images/radiobutton-indicator-hovered@2x.png"
Log:  copied: "/opt/homebrew/share/qt/qml/QtQuick/Controls/FluentWinUI3/dark/images/radiobutton-indicator-hovered@3x.png"
Log:  to "build_release/bin/FocusForgeApp.app/Contents/Resources/qml/QtQuick/Controls/FluentWinUI3/dark/images/radiobutton-indicator-hovered@3x.png"
Log:  copied: "/opt/homebrew/share/qt/qml/QtQuick/Controls/FluentWinUI3/dark/images/radiobutton-indicator-pressed.png"
Log:  to "build_release/bin/FocusForgeApp.app/Contents/Resources/qml/QtQuick/Controls/FluentWinUI3/dark/images/radiobutton-indicator-pressed.png"
Log:  copied: "/opt/homebrew/share/qt/qml/QtQuick/Controls/FluentWinUI3/dark/images/radiobutton-indicator-pressed@2x.png"
Log:  to "build_release/bin/FocusForgeApp.app/Contents/Resources/qml/QtQuick/Controls/FluentWinUI3/dark/images/radiobutton-indicator-pressed@2x.png"
Log:  copied: "/opt/homebrew/share/qt/qml/QtQuick/Controls/FluentWinUI3/dark/images/radiobutton-indicator-pressed@3x.png"
Log:  to "build_release/bin/FocusForgeApp.app/Contents/Resources/qml/QtQuick/Controls/FluentWinUI3/dark/images/radiobutton-indicator-pressed@3x.png"
Log:  copied: "/opt/homebrew/share/qt/qml/QtQuick/Controls/FluentWinUI3/dark/images/radiobutton-indicator.png"
Log:  to "build_release/bin/FocusForgeApp.app/Contents/Resources/qml/QtQuick/Controls/FluentWinUI3/dark/images/radiobutton-indicator.png"
Log:  copied: "/opt/homebrew/share/qt/qml/QtQuick/Controls/FluentWinUI3/dark/images/radiobutton-indicator@2x.png"
Log:  to "build_release/bin/FocusForgeApp.app/Contents/Resources/qml/QtQuick/Controls/FluentWinUI3/dark/images/radiobutton-indicator@2x.png"
Log:  copied: "/opt/homebrew/share/qt/qml/QtQuick/Controls/FluentWinUI3/dark/images/radiobutton-indicator@3x.png"
Log:  to "build_release/bin/FocusForgeApp.app/Contents/Resources/qml/QtQuick/Controls/FluentWinUI3/dark/images/radiobutton-indicator@3x.png"
Log:  copied: "/opt/homebrew/share/qt/qml/QtQuick/Controls/FluentWinUI3/dark/images/rangeslider-first-handle-disabled.png"
Log:  to "build_release/bin/FocusForgeApp.app/Contents/Resources/qml/QtQuick/Controls/FluentWinUI3/dark/images/rangeslider-first-handle-disabled.png"
Log:  copied: "/opt/homebrew/share/qt/qml/QtQuick/Controls/FluentWinUI3/dark/images/rangeslider-first-handle-disabled@2x.png"
Log:  to "build_release/bin/FocusForgeApp.app/Contents/Resources/qml/QtQuick/Controls/FluentWinUI3/dark/images/rangeslider-first-handle-disabled@2x.png"
Log:  copied: "/opt/homebrew/share/qt/qml/QtQuick/Controls/FluentWinUI3/dark/images/rangeslider-first-handle-disabled@3x.png"
Log:  to "build_release/bin/FocusForgeApp.app/Contents/Resources/qml/QtQuick/Controls/FluentWinUI3/dark/images/rangeslider-first-handle-disabled@3x.png"
Log:  copied: "/opt/homebrew/share/qt/qml/QtQuick/Controls/FluentWinUI3/dark/images/rangeslider-first-handle-handle-pressed.png"
Log:  to "build_release/bin/FocusForgeApp.app/Contents/Resources/qml/QtQuick/Controls/FluentWinUI3/dark/images/rangeslider-first-handle-handle-pressed.png"
Log:  copied: "/opt/homebrew/share/qt/qml/QtQuick/Controls/FluentWinUI3/dark/images/rangeslider-first-handle-handle-pressed@2x.png"
Log:  to "build_release/bin/FocusForgeApp.app/Contents/Resources/qml/QtQuick/Controls/FluentWinUI3/dark/images/rangeslider-first-handle-handle-pressed@2x.png"
Log:  copied: "/opt/homebrew/share/qt/qml/QtQuick/Controls/FluentWinUI3/dark/images/rangeslider-first-handle-handle-pressed@3x.png"
Log:  to "build_release/bin/FocusForgeApp.app/Contents/Resources/qml/QtQuick/Controls/FluentWinUI3/dark/images/rangeslider-first-handle-handle-pressed@3x.png"
Log:  copied: "/opt/homebrew/share/qt/qml/QtQuick/Controls/FluentWinUI3/dark/images/rangeslider-first-handle-hovered.png"
Log:  to "build_release/bin/FocusForgeApp.app/Contents/Resources/qml/QtQuick/Controls/FluentWinUI3/dark/images/rangeslider-first-handle-hovered.png"
Log:  copied: "/opt/homebrew/share/qt/qml/QtQuick/Controls/FluentWinUI3/dark/images/rangeslider-first-handle-hovered@2x.png"
Log:  to "build_release/bin/FocusForgeApp.app/Contents/Resources/qml/QtQuick/Controls/FluentWinUI3/dark/images/rangeslider-first-handle-hovered@2x.png"
Log:  copied: "/opt/homebrew/share/qt/qml/QtQuick/Controls/FluentWinUI3/dark/images/rangeslider-first-handle-hovered@3x.png"
Log:  to "build_release/bin/FocusForgeApp.app/Contents/Resources/qml/QtQuick/Controls/FluentWinUI3/dark/images/rangeslider-first-handle-hovered@3x.png"
Log:  copied: "/opt/homebrew/share/qt/qml/QtQuick/Controls/FluentWinUI3/dark/images/rangeslider-first-handle.png"
Log:  to "build_release/bin/FocusForgeApp.app/Contents/Resources/qml/QtQuick/Controls/FluentWinUI3/dark/images/rangeslider-first-handle.png"
Log:  copied: "/opt/homebrew/share/qt/qml/QtQuick/Controls/FluentWinUI3/dark/images/rangeslider-first-handle@2x.png"
Log:  to "build_release/bin/FocusForgeApp.app/Contents/Resources/qml/QtQuick/Controls/FluentWinUI3/dark/images/rangeslider-first-handle@2x.png"
Log:  copied: "/opt/homebrew/share/qt/qml/QtQuick/Controls/FluentWinUI3/dark/images/rangeslider-first-handle@3x.png"
Log:  to "build_release/bin/FocusForgeApp.app/Contents/Resources/qml/QtQuick/Controls/FluentWinUI3/dark/images/rangeslider-first-handle@3x.png"
Log:  copied: "/opt/homebrew/share/qt/qml/QtQuick/Controls/FluentWinUI3/dark/images/rangeslider-groove-disabled.png"
Log:  to "build_release/bin/FocusForgeApp.app/Contents/Resources/qml/QtQuick/Controls/FluentWinUI3/dark/images/rangeslider-groove-disabled.png"
Log:  copied: "/opt/homebrew/share/qt/qml/QtQuick/Controls/FluentWinUI3/dark/images/rangeslider-groove-disabled@2x.png"
Log:  to "build_release/bin/FocusForgeApp.app/Contents/Resources/qml/QtQuick/Controls/FluentWinUI3/dark/images/rangeslider-groove-disabled@2x.png"
Log:  copied: "/opt/homebrew/share/qt/qml/QtQuick/Controls/FluentWinUI3/dark/images/rangeslider-groove-disabled@3x.png"
Log:  to "build_release/bin/FocusForgeApp.app/Contents/Resources/qml/QtQuick/Controls/FluentWinUI3/dark/images/rangeslider-groove-disabled@3x.png"
Log:  copied: "/opt/homebrew/share/qt/qml/QtQuick/Controls/FluentWinUI3/dark/images/rangeslider-groove-handle-pressed.png"
Log:  to "build_release/bin/FocusForgeApp.app/Contents/Resources/qml/QtQuick/Controls/FluentWinUI3/dark/images/rangeslider-groove-handle-pressed.png"
Log:  copied: "/opt/homebrew/share/qt/qml/QtQuick/Controls/FluentWinUI3/dark/images/rangeslider-groove-handle-pressed@2x.png"
Log:  to "build_release/bin/FocusForgeApp.app/Contents/Resources/qml/QtQuick/Controls/FluentWinUI3/dark/images/rangeslider-groove-handle-pressed@2x.png"
Log:  copied: "/opt/homebrew/share/qt/qml/QtQuick/Controls/FluentWinUI3/dark/images/rangeslider-groove-handle-pressed@3x.png"
Log:  to "build_release/bin/FocusForgeApp.app/Contents/Resources/qml/QtQuick/Controls/FluentWinUI3/dark/images/rangeslider-groove-handle-pressed@3x.png"
Log:  copied: "/opt/homebrew/share/qt/qml/QtQuick/Controls/FluentWinUI3/dark/images/rangeslider-groove-hovered.png"
Log:  to "build_release/bin/FocusForgeApp.app/Contents/Resources/qml/QtQuick/Controls/FluentWinUI3/dark/images/rangeslider-groove-hovered.png"
Log:  copied: "/opt/homebrew/share/qt/qml/QtQuick/Controls/FluentWinUI3/dark/images/rangeslider-groove-hovered@2x.png"
Log:  to "build_release/bin/FocusForgeApp.app/Contents/Resources/qml/QtQuick/Controls/FluentWinUI3/dark/images/rangeslider-groove-hovered@2x.png"
Log:  copied: "/opt/homebrew/share/qt/qml/QtQuick/Controls/FluentWinUI3/dark/images/rangeslider-groove-hovered@3x.png"
Log:  to "build_release/bin/FocusForgeApp.app/Contents/Resources/qml/QtQuick/Controls/FluentWinUI3/dark/images/rangeslider-groove-hovered@3x.png"
Log:  copied: "/opt/homebrew/share/qt/qml/QtQuick/Controls/FluentWinUI3/dark/images/rangeslider-groove.png"
Log:  to "build_release/bin/FocusForgeApp.app/Contents/Resources/qml/QtQuick/Controls/FluentWinUI3/dark/images/rangeslider-groove.png"
Log:  copied: "/opt/homebrew/share/qt/qml/QtQuick/Controls/FluentWinUI3/dark/images/rangeslider-groove@2x.png"
Log:  to "build_release/bin/FocusForgeApp.app/Contents/Resources/qml/QtQuick/Controls/FluentWinUI3/dark/images/rangeslider-groove@2x.png"
Log:  copied: "/opt/homebrew/share/qt/qml/QtQuick/Controls/FluentWinUI3/dark/images/rangeslider-groove@3x.png"
Log:  to "build_release/bin/FocusForgeApp.app/Contents/Resources/qml/QtQuick/Controls/FluentWinUI3/dark/images/rangeslider-groove@3x.png"
Log:  copied: "/opt/homebrew/share/qt/qml/QtQuick/Controls/FluentWinUI3/dark/images/rangeslider-second-handle-disabled.png"
Log:  to "build_release/bin/FocusForgeApp.app/Contents/Resources/qml/QtQuick/Controls/FluentWinUI3/dark/images/rangeslider-second-handle-disabled.png"
Log:  copied: "/opt/homebrew/share/qt/qml/QtQuick/Controls/FluentWinUI3/dark/images/rangeslider-second-handle-disabled@2x.png"
Log:  to "build_release/bin/FocusForgeApp.app/Contents/Resources/qml/QtQuick/Controls/FluentWinUI3/dark/images/rangeslider-second-handle-disabled@2x.png"
Log:  copied: "/opt/homebrew/share/qt/qml/QtQuick/Controls/FluentWinUI3/dark/images/rangeslider-second-handle-disabled@3x.png"
Log:  to "build_release/bin/FocusForgeApp.app/Contents/Resources/qml/QtQuick/Controls/FluentWinUI3/dark/images/rangeslider-second-handle-disabled@3x.png"
Log:  copied: "/opt/homebrew/share/qt/qml/QtQuick/Controls/FluentWinUI3/dark/images/rangeslider-second-handle-handle-pressed.png"
Log:  to "build_release/bin/FocusForgeApp.app/Contents/Resources/qml/QtQuick/Controls/FluentWinUI3/dark/images/rangeslider-second-handle-handle-pressed.png"
Log:  copied: "/opt/homebrew/share/qt/qml/QtQuick/Controls/FluentWinUI3/dark/images/rangeslider-second-handle-handle-pressed@2x.png"
Log:  to "build_release/bin/FocusForgeApp.app/Contents/Resources/qml/QtQuick/Controls/FluentWinUI3/dark/images/rangeslider-second-handle-handle-pressed@2x.png"
Log:  copied: "/opt/homebrew/share/qt/qml/QtQuick/Controls/FluentWinUI3/dark/images/rangeslider-second-handle-handle-pressed@3x.png"
Log:  to "build_release/bin/FocusForgeApp.app/Contents/Resources/qml/QtQuick/Controls/FluentWinUI3/dark/images/rangeslider-second-handle-handle-pressed@3x.png"
Log:  copied: "/opt/homebrew/share/qt/qml/QtQuick/Controls/FluentWinUI3/dark/images/rangeslider-second-handle-hovered.png"
Log:  to "build_release/bin/FocusForgeApp.app/Contents/Resources/qml/QtQuick/Controls/FluentWinUI3/dark/images/rangeslider-second-handle-hovered.png"
Log:  copied: "/opt/homebrew/share/qt/qml/QtQuick/Controls/FluentWinUI3/dark/images/rangeslider-second-handle-hovered@2x.png"
Log:  to "build_release/bin/FocusForgeApp.app/Contents/Resources/qml/QtQuick/Controls/FluentWinUI3/dark/images/rangeslider-second-handle-hovered@2x.png"
Log:  copied: "/opt/homebrew/share/qt/qml/QtQuick/Controls/FluentWinUI3/dark/images/rangeslider-second-handle-hovered@3x.png"
Log:  to "build_release/bin/FocusForgeApp.app/Contents/Resources/qml/QtQuick/Controls/FluentWinUI3/dark/images/rangeslider-second-handle-hovered@3x.png"
Log:  copied: "/opt/homebrew/share/qt/qml/QtQuick/Controls/FluentWinUI3/dark/images/rangeslider-second-handle.png"
Log:  to "build_release/bin/FocusForgeApp.app/Contents/Resources/qml/QtQuick/Controls/FluentWinUI3/dark/images/rangeslider-second-handle.png"
Log:  copied: "/opt/homebrew/share/qt/qml/QtQuick/Controls/FluentWinUI3/dark/images/rangeslider-second-handle@2x.png"
Log:  to "build_release/bin/FocusForgeApp.app/Contents/Resources/qml/QtQuick/Controls/FluentWinUI3/dark/images/rangeslider-second-handle@2x.png"
Log:  copied: "/opt/homebrew/share/qt/qml/QtQuick/Controls/FluentWinUI3/dark/images/rangeslider-second-handle@3x.png"
Log:  to "build_release/bin/FocusForgeApp.app/Contents/Resources/qml/QtQuick/Controls/FluentWinUI3/dark/images/rangeslider-second-handle@3x.png"
Log:  copied: "/opt/homebrew/share/qt/qml/QtQuick/Controls/FluentWinUI3/dark/images/slider-groove-disabled.png"
Log:  to "build_release/bin/FocusForgeApp.app/Contents/Resources/qml/QtQuick/Controls/FluentWinUI3/dark/images/slider-groove-disabled.png"
Log:  copied: "/opt/homebrew/share/qt/qml/QtQuick/Controls/FluentWinUI3/dark/images/slider-groove-disabled@2x.png"
Log:  to "build_release/bin/FocusForgeApp.app/Contents/Resources/qml/QtQuick/Controls/FluentWinUI3/dark/images/slider-groove-disabled@2x.png"
Log:  copied: "/opt/homebrew/share/qt/qml/QtQuick/Controls/FluentWinUI3/dark/images/slider-groove-disabled@3x.png"
Log:  to "build_release/bin/FocusForgeApp.app/Contents/Resources/qml/QtQuick/Controls/FluentWinUI3/dark/images/slider-groove-disabled@3x.png"
Log:  copied: "/opt/homebrew/share/qt/qml/QtQuick/Controls/FluentWinUI3/dark/images/slider-groove-hovered.png"
Log:  to "build_release/bin/FocusForgeApp.app/Contents/Resources/qml/QtQuick/Controls/FluentWinUI3/dark/images/slider-groove-hovered.png"
Log:  copied: "/opt/homebrew/share/qt/qml/QtQuick/Controls/FluentWinUI3/dark/images/slider-groove-hovered@2x.png"
Log:  to "build_release/bin/FocusForgeApp.app/Contents/Resources/qml/QtQuick/Controls/FluentWinUI3/dark/images/slider-groove-hovered@2x.png"
Log:  copied: "/opt/homebrew/share/qt/qml/QtQuick/Controls/FluentWinUI3/dark/images/slider-groove-hovered@3x.png"
Log:  to "build_release/bin/FocusForgeApp.app/Contents/Resources/qml/QtQuick/Controls/FluentWinUI3/dark/images/slider-groove-hovered@3x.png"
Log:  copied: "/opt/homebrew/share/qt/qml/QtQuick/Controls/FluentWinUI3/dark/images/slider-groove-pressed.png"
Log:  to "build_release/bin/FocusForgeApp.app/Contents/Resources/qml/QtQuick/Controls/FluentWinUI3/dark/images/slider-groove-pressed.png"
Log:  copied: "/opt/homebrew/share/qt/qml/QtQuick/Controls/FluentWinUI3/dark/images/slider-groove-pressed@2x.png"
Log:  to "build_release/bin/FocusForgeApp.app/Contents/Resources/qml/QtQuick/Controls/FluentWinUI3/dark/images/slider-groove-pressed@2x.png"
Log:  copied: "/opt/homebrew/share/qt/qml/QtQuick/Controls/FluentWinUI3/dark/images/slider-groove-pressed@3x.png"
Log:  to "build_release/bin/FocusForgeApp.app/Contents/Resources/qml/QtQuick/Controls/FluentWinUI3/dark/images/slider-groove-pressed@3x.png"
Log:  copied: "/opt/homebrew/share/qt/qml/QtQuick/Controls/FluentWinUI3/dark/images/slider-groove.png"
Log:  to "build_release/bin/FocusForgeApp.app/Contents/Resources/qml/QtQuick/Controls/FluentWinUI3/dark/images/slider-groove.png"
Log:  copied: "/opt/homebrew/share/qt/qml/QtQuick/Controls/FluentWinUI3/dark/images/slider-groove@2x.png"
Log:  to "build_release/bin/FocusForgeApp.app/Contents/Resources/qml/QtQuick/Controls/FluentWinUI3/dark/images/slider-groove@2x.png"
Log:  copied: "/opt/homebrew/share/qt/qml/QtQuick/Controls/FluentWinUI3/dark/images/slider-groove@3x.png"
Log:  to "build_release/bin/FocusForgeApp.app/Contents/Resources/qml/QtQuick/Controls/FluentWinUI3/dark/images/slider-groove@3x.png"
Log:  copied: "/opt/homebrew/share/qt/qml/QtQuick/Controls/FluentWinUI3/dark/images/slider-handle-disabled.png"
Log:  to "build_release/bin/FocusForgeApp.app/Contents/Resources/qml/QtQuick/Controls/FluentWinUI3/dark/images/slider-handle-disabled.png"
Log:  copied: "/opt/homebrew/share/qt/qml/QtQuick/Controls/FluentWinUI3/dark/images/slider-handle-disabled@2x.png"
Log:  to "build_release/bin/FocusForgeApp.app/Contents/Resources/qml/QtQuick/Controls/FluentWinUI3/dark/images/slider-handle-disabled@2x.png"
Log:  copied: "/opt/homebrew/share/qt/qml/QtQuick/Controls/FluentWinUI3/dark/images/slider-handle-disabled@3x.png"
Log:  to "build_release/bin/FocusForgeApp.app/Contents/Resources/qml/QtQuick/Controls/FluentWinUI3/dark/images/slider-handle-disabled@3x.png"
Log:  copied: "/opt/homebrew/share/qt/qml/QtQuick/Controls/FluentWinUI3/dark/images/slider-handle-hovered.png"
Log:  to "build_release/bin/FocusForgeApp.app/Contents/Resources/qml/QtQuick/Controls/FluentWinUI3/dark/images/slider-handle-hovered.png"
Log:  copied: "/opt/homebrew/share/qt/qml/QtQuick/Controls/FluentWinUI3/dark/images/slider-handle-hovered@2x.png"
Log:  to "build_release/bin/FocusForgeApp.app/Contents/Resources/qml/QtQuick/Controls/FluentWinUI3/dark/images/slider-handle-hovered@2x.png"
Log:  copied: "/opt/homebrew/share/qt/qml/QtQuick/Controls/FluentWinUI3/dark/images/slider-handle-hovered@3x.png"
Log:  to "build_release/bin/FocusForgeApp.app/Contents/Resources/qml/QtQuick/Controls/FluentWinUI3/dark/images/slider-handle-hovered@3x.png"
Log:  copied: "/opt/homebrew/share/qt/qml/QtQuick/Controls/FluentWinUI3/dark/images/slider-handle-pressed.png"
Log:  to "build_release/bin/FocusForgeApp.app/Contents/Resources/qml/QtQuick/Controls/FluentWinUI3/dark/images/slider-handle-pressed.png"
Log:  copied: "/opt/homebrew/share/qt/qml/QtQuick/Controls/FluentWinUI3/dark/images/slider-handle-pressed@2x.png"
Log:  to "build_release/bin/FocusForgeApp.app/Contents/Resources/qml/QtQuick/Controls/FluentWinUI3/dark/images/slider-handle-pressed@2x.png"
Log:  copied: "/opt/homebrew/share/qt/qml/QtQuick/Controls/FluentWinUI3/dark/images/slider-handle-pressed@3x.png"
Log:  to "build_release/bin/FocusForgeApp.app/Contents/Resources/qml/QtQuick/Controls/FluentWinUI3/dark/images/slider-handle-pressed@3x.png"
Log:  copied: "/opt/homebrew/share/qt/qml/QtQuick/Controls/FluentWinUI3/dark/images/slider-handle.png"
Log:  to "build_release/bin/FocusForgeApp.app/Contents/Resources/qml/QtQuick/Controls/FluentWinUI3/dark/images/slider-handle.png"
Log:  copied: "/opt/homebrew/share/qt/qml/QtQuick/Controls/FluentWinUI3/dark/images/slider-handle@2x.png"
Log:  to "build_release/bin/FocusForgeApp.app/Contents/Resources/qml/QtQuick/Controls/FluentWinUI3/dark/images/slider-handle@2x.png"
Log:  copied: "/opt/homebrew/share/qt/qml/QtQuick/Controls/FluentWinUI3/dark/images/slider-handle@3x.png"
Log:  to "build_release/bin/FocusForgeApp.app/Contents/Resources/qml/QtQuick/Controls/FluentWinUI3/dark/images/slider-handle@3x.png"
Log:  copied: "/opt/homebrew/share/qt/qml/QtQuick/Controls/FluentWinUI3/dark/images/spinbox-background-atlimit.png"
Log:  to "build_release/bin/FocusForgeApp.app/Contents/Resources/qml/QtQuick/Controls/FluentWinUI3/dark/images/spinbox-background-atlimit.png"
Log:  copied: "/opt/homebrew/share/qt/qml/QtQuick/Controls/FluentWinUI3/dark/images/spinbox-background-atlimit@2x.png"
Log:  to "build_release/bin/FocusForgeApp.app/Contents/Resources/qml/QtQuick/Controls/FluentWinUI3/dark/images/spinbox-background-atlimit@2x.png"
Log:  copied: "/opt/homebrew/share/qt/qml/QtQuick/Controls/FluentWinUI3/dark/images/spinbox-background-atlimit@3x.png"
Log:  to "build_release/bin/FocusForgeApp.app/Contents/Resources/qml/QtQuick/Controls/FluentWinUI3/dark/images/spinbox-background-atlimit@3x.png"
Log:  copied: "/opt/homebrew/share/qt/qml/QtQuick/Controls/FluentWinUI3/dark/images/spinbox-background-disabled.png"
Log:  to "build_release/bin/FocusForgeApp.app/Contents/Resources/qml/QtQuick/Controls/FluentWinUI3/dark/images/spinbox-background-disabled.png"
Log:  copied: "/opt/homebrew/share/qt/qml/QtQuick/Controls/FluentWinUI3/dark/images/spinbox-background-disabled@2x.png"
Log:  to "build_release/bin/FocusForgeApp.app/Contents/Resources/qml/QtQuick/Controls/FluentWinUI3/dark/images/spinbox-background-disabled@2x.png"
Log:  copied: "/opt/homebrew/share/qt/qml/QtQuick/Controls/FluentWinUI3/dark/images/spinbox-background-disabled@3x.png"
Log:  to "build_release/bin/FocusForgeApp.app/Contents/Resources/qml/QtQuick/Controls/FluentWinUI3/dark/images/spinbox-background-disabled@3x.png"
Log:  copied: "/opt/homebrew/share/qt/qml/QtQuick/Controls/FluentWinUI3/dark/images/spinbox-background-down-hovered.png"
Log:  to "build_release/bin/FocusForgeApp.app/Contents/Resources/qml/QtQuick/Controls/FluentWinUI3/dark/images/spinbox-background-down-hovered.png"
Log:  copied: "/opt/homebrew/share/qt/qml/QtQuick/Controls/FluentWinUI3/dark/images/spinbox-background-down-hovered@2x.png"
Log:  to "build_release/bin/FocusForgeApp.app/Contents/Resources/qml/QtQuick/Controls/FluentWinUI3/dark/images/spinbox-background-down-hovered@2x.png"
Log:  copied: "/opt/homebrew/share/qt/qml/QtQuick/Controls/FluentWinUI3/dark/images/spinbox-background-down-hovered@3x.png"
Log:  to "build_release/bin/FocusForgeApp.app/Contents/Resources/qml/QtQuick/Controls/FluentWinUI3/dark/images/spinbox-background-down-hovered@3x.png"
Log:  copied: "/opt/homebrew/share/qt/qml/QtQuick/Controls/FluentWinUI3/dark/images/spinbox-background-down-pressed.png"
Log:  to "build_release/bin/FocusForgeApp.app/Contents/Resources/qml/QtQuick/Controls/FluentWinUI3/dark/images/spinbox-background-down-pressed.png"
Log:  copied: "/opt/homebrew/share/qt/qml/QtQuick/Controls/FluentWinUI3/dark/images/spinbox-background-down-pressed@2x.png"
Log:  to "build_release/bin/FocusForgeApp.app/Contents/Resources/qml/QtQuick/Controls/FluentWinUI3/dark/images/spinbox-background-down-pressed@2x.png"
Log:  copied: "/opt/homebrew/share/qt/qml/QtQuick/Controls/FluentWinUI3/dark/images/spinbox-background-down-pressed@3x.png"
Log:  to "build_release/bin/FocusForgeApp.app/Contents/Resources/qml/QtQuick/Controls/FluentWinUI3/dark/images/spinbox-background-down-pressed@3x.png"
Log:  copied: "/opt/homebrew/share/qt/qml/QtQuick/Controls/FluentWinUI3/dark/images/spinbox-background-hovered.png"
Log:  to "build_release/bin/FocusForgeApp.app/Contents/Resources/qml/QtQuick/Controls/FluentWinUI3/dark/images/spinbox-background-hovered.png"
Log:  copied: "/opt/homebrew/share/qt/qml/QtQuick/Controls/FluentWinUI3/dark/images/spinbox-background-hovered@2x.png"
Log:  to "build_release/bin/FocusForgeApp.app/Contents/Resources/qml/QtQuick/Controls/FluentWinUI3/dark/images/spinbox-background-hovered@2x.png"
Log:  copied: "/opt/homebrew/share/qt/qml/QtQuick/Controls/FluentWinUI3/dark/images/spinbox-background-hovered@3x.png"
Log:  to "build_release/bin/FocusForgeApp.app/Contents/Resources/qml/QtQuick/Controls/FluentWinUI3/dark/images/spinbox-background-hovered@3x.png"
Log:  copied: "/opt/homebrew/share/qt/qml/QtQuick/Controls/FluentWinUI3/dark/images/spinbox-background-up-hovered.png"
Log:  to "build_release/bin/FocusForgeApp.app/Contents/Resources/qml/QtQuick/Controls/FluentWinUI3/dark/images/spinbox-background-up-hovered.png"
Log:  copied: "/opt/homebrew/share/qt/qml/QtQuick/Controls/FluentWinUI3/dark/images/spinbox-background-up-hovered@2x.png"
Log:  to "build_release/bin/FocusForgeApp.app/Contents/Resources/qml/QtQuick/Controls/FluentWinUI3/dark/images/spinbox-background-up-hovered@2x.png"
Log:  copied: "/opt/homebrew/share/qt/qml/QtQuick/Controls/FluentWinUI3/dark/images/spinbox-background-up-hovered@3x.png"
Log:  to "build_release/bin/FocusForgeApp.app/Contents/Resources/qml/QtQuick/Controls/FluentWinUI3/dark/images/spinbox-background-up-hovered@3x.png"
Log:  copied: "/opt/homebrew/share/qt/qml/QtQuick/Controls/FluentWinUI3/dark/images/spinbox-background-up-pressed.png"
Log:  to "build_release/bin/FocusForgeApp.app/Contents/Resources/qml/QtQuick/Controls/FluentWinUI3/dark/images/spinbox-background-up-pressed.png"
Log:  copied: "/opt/homebrew/share/qt/qml/QtQuick/Controls/FluentWinUI3/dark/images/spinbox-background-up-pressed@2x.png"
Log:  to "build_release/bin/FocusForgeApp.app/Contents/Resources/qml/QtQuick/Controls/FluentWinUI3/dark/images/spinbox-background-up-pressed@2x.png"
Log:  copied: "/opt/homebrew/share/qt/qml/QtQuick/Controls/FluentWinUI3/dark/images/spinbox-background-up-pressed@3x.png"
Log:  to "build_release/bin/FocusForgeApp.app/Contents/Resources/qml/QtQuick/Controls/FluentWinUI3/dark/images/spinbox-background-up-pressed@3x.png"
Log:  copied: "/opt/homebrew/share/qt/qml/QtQuick/Controls/FluentWinUI3/dark/images/spinbox-background.png"
Log:  to "build_release/bin/FocusForgeApp.app/Contents/Resources/qml/QtQuick/Controls/FluentWinUI3/dark/images/spinbox-background.png"
Log:  copied: "/opt/homebrew/share/qt/qml/QtQuick/Controls/FluentWinUI3/dark/images/spinbox-background@2x.png"
Log:  to "build_release/bin/FocusForgeApp.app/Contents/Resources/qml/QtQuick/Controls/FluentWinUI3/dark/images/spinbox-background@2x.png"
Log:  copied: "/opt/homebrew/share/qt/qml/QtQuick/Controls/FluentWinUI3/dark/images/spinbox-background@3x.png"
Log:  to "build_release/bin/FocusForgeApp.app/Contents/Resources/qml/QtQuick/Controls/FluentWinUI3/dark/images/spinbox-background@3x.png"
Log:  copied: "/opt/homebrew/share/qt/qml/QtQuick/Controls/FluentWinUI3/dark/images/spinbox-indicator-down-background-atlimit.png"
Log:  to "build_release/bin/FocusForgeApp.app/Contents/Resources/qml/QtQuick/Controls/FluentWinUI3/dark/images/spinbox-indicator-down-background-atlimit.png"
Log:  copied: "/opt/homebrew/share/qt/qml/QtQuick/Controls/FluentWinUI3/dark/images/spinbox-indicator-down-background-atlimit@2x.png"
Log:  to "build_release/bin/FocusForgeApp.app/Contents/Resources/qml/QtQuick/Controls/FluentWinUI3/dark/images/spinbox-indicator-down-background-atlimit@2x.png"
Log:  copied: "/opt/homebrew/share/qt/qml/QtQuick/Controls/FluentWinUI3/dark/images/spinbox-indicator-down-background-atlimit@3x.png"
Log:  to "build_release/bin/FocusForgeApp.app/Contents/Resources/qml/QtQuick/Controls/FluentWinUI3/dark/images/spinbox-indicator-down-background-atlimit@3x.png"
Log:  copied: "/opt/homebrew/share/qt/qml/QtQuick/Controls/FluentWinUI3/dark/images/spinbox-indicator-down-background-disabled.png"
Log:  to "build_release/bin/FocusForgeApp.app/Contents/Resources/qml/QtQuick/Controls/FluentWinUI3/dark/images/spinbox-indicator-down-background-disabled.png"
Log:  copied: "/opt/homebrew/share/qt/qml/QtQuick/Controls/FluentWinUI3/dark/images/spinbox-indicator-down-background-disabled@2x.png"
Log:  to "build_release/bin/FocusForgeApp.app/Contents/Resources/qml/QtQuick/Controls/FluentWinUI3/dark/images/spinbox-indicator-down-background-disabled@2x.png"
Log:  copied: "/opt/homebrew/share/qt/qml/QtQuick/Controls/FluentWinUI3/dark/images/spinbox-indicator-down-background-disabled@3x.png"
Log:  to "build_release/bin/FocusForgeApp.app/Contents/Resources/qml/QtQuick/Controls/FluentWinUI3/dark/images/spinbox-indicator-down-background-disabled@3x.png"
Log:  copied: "/opt/homebrew/share/qt/qml/QtQuick/Controls/FluentWinUI3/dark/images/spinbox-indicator-down-background-down-hovered.png"
Log:  to "build_release/bin/FocusForgeApp.app/Contents/Resources/qml/QtQuick/Controls/FluentWinUI3/dark/images/spinbox-indicator-down-background-down-hovered.png"
Log:  copied: "/opt/homebrew/share/qt/qml/QtQuick/Controls/FluentWinUI3/dark/images/spinbox-indicator-down-background-down-hovered@2x.png"
Log:  to "build_release/bin/FocusForgeApp.app/Contents/Resources/qml/QtQuick/Controls/FluentWinUI3/dark/images/spinbox-indicator-down-background-down-hovered@2x.png"
Log:  copied: "/opt/homebrew/share/qt/qml/QtQuick/Controls/FluentWinUI3/dark/images/spinbox-indicator-down-background-down-hovered@3x.png"
Log:  to "build_release/bin/FocusForgeApp.app/Contents/Resources/qml/QtQuick/Controls/FluentWinUI3/dark/images/spinbox-indicator-down-background-down-hovered@3x.png"
Log:  copied: "/opt/homebrew/share/qt/qml/QtQuick/Controls/FluentWinUI3/dark/images/spinbox-indicator-down-background-down-pressed.png"
Log:  to "build_release/bin/FocusForgeApp.app/Contents/Resources/qml/QtQuick/Controls/FluentWinUI3/dark/images/spinbox-indicator-down-background-down-pressed.png"
Log:  copied: "/opt/homebrew/share/qt/qml/QtQuick/Controls/FluentWinUI3/dark/images/spinbox-indicator-down-background-down-pressed@2x.png"
Log:  to "build_release/bin/FocusForgeApp.app/Contents/Resources/qml/QtQuick/Controls/FluentWinUI3/dark/images/spinbox-indicator-down-background-down-pressed@2x.png"
Log:  copied: "/opt/homebrew/share/qt/qml/QtQuick/Controls/FluentWinUI3/dark/images/spinbox-indicator-down-background-down-pressed@3x.png"
Log:  to "build_release/bin/FocusForgeApp.app/Contents/Resources/qml/QtQuick/Controls/FluentWinUI3/dark/images/spinbox-indicator-down-background-down-pressed@3x.png"
Log:  copied: "/opt/homebrew/share/qt/qml/QtQuick/Controls/FluentWinUI3/dark/images/spinbox-indicator-down-background-hovered.png"
Log:  to "build_release/bin/FocusForgeApp.app/Contents/Resources/qml/QtQuick/Controls/FluentWinUI3/dark/images/spinbox-indicator-down-background-hovered.png"
Log:  copied: "/opt/homebrew/share/qt/qml/QtQuick/Controls/FluentWinUI3/dark/images/spinbox-indicator-down-background-hovered@2x.png"
Log:  to "build_release/bin/FocusForgeApp.app/Contents/Resources/qml/QtQuick/Controls/FluentWinUI3/dark/images/spinbox-indicator-down-background-hovered@2x.png"
Log:  copied: "/opt/homebrew/share/qt/qml/QtQuick/Controls/FluentWinUI3/dark/images/spinbox-indicator-down-background-hovered@3x.png"
Log:  to "build_release/bin/FocusForgeApp.app/Contents/Resources/qml/QtQuick/Controls/FluentWinUI3/dark/images/spinbox-indicator-down-background-hovered@3x.png"
Log:  copied: "/opt/homebrew/share/qt/qml/QtQuick/Controls/FluentWinUI3/dark/images/spinbox-indicator-down-background-up-hovered.png"
Log:  to "build_release/bin/FocusForgeApp.app/Contents/Resources/qml/QtQuick/Controls/FluentWinUI3/dark/images/spinbox-indicator-down-background-up-hovered.png"
Log:  copied: "/opt/homebrew/share/qt/qml/QtQuick/Controls/FluentWinUI3/dark/images/spinbox-indicator-down-background-up-hovered@2x.png"
Log:  to "build_release/bin/FocusForgeApp.app/Contents/Resources/qml/QtQuick/Controls/FluentWinUI3/dark/images/spinbox-indicator-down-background-up-hovered@2x.png"
Log:  copied: "/opt/homebrew/share/qt/qml/QtQuick/Controls/FluentWinUI3/dark/images/spinbox-indicator-down-background-up-hovered@3x.png"
Log:  to "build_release/bin/FocusForgeApp.app/Contents/Resources/qml/QtQuick/Controls/FluentWinUI3/dark/images/spinbox-indicator-down-background-up-hovered@3x.png"
Log:  copied: "/opt/homebrew/share/qt/qml/QtQuick/Controls/FluentWinUI3/dark/images/spinbox-indicator-down-background-up-pressed.png"
Log:  to "build_release/bin/FocusForgeApp.app/Contents/Resources/qml/QtQuick/Controls/FluentWinUI3/dark/images/spinbox-indicator-down-background-up-pressed.png"
Log:  copied: "/opt/homebrew/share/qt/qml/QtQuick/Controls/FluentWinUI3/dark/images/spinbox-indicator-down-background-up-pressed@2x.png"
Log:  to "build_release/bin/FocusForgeApp.app/Contents/Resources/qml/QtQuick/Controls/FluentWinUI3/dark/images/spinbox-indicator-down-background-up-pressed@2x.png"
Log:  copied: "/opt/homebrew/share/qt/qml/QtQuick/Controls/FluentWinUI3/dark/images/spinbox-indicator-down-background-up-pressed@3x.png"
Log:  to "build_release/bin/FocusForgeApp.app/Contents/Resources/qml/QtQuick/Controls/FluentWinUI3/dark/images/spinbox-indicator-down-background-up-pressed@3x.png"
Log:  copied: "/opt/homebrew/share/qt/qml/QtQuick/Controls/FluentWinUI3/dark/images/spinbox-indicator-down-background.png"
Log:  to "build_release/bin/FocusForgeApp.app/Contents/Resources/qml/QtQuick/Controls/FluentWinUI3/dark/images/spinbox-indicator-down-background.png"
Log:  copied: "/opt/homebrew/share/qt/qml/QtQuick/Controls/FluentWinUI3/dark/images/spinbox-indicator-down-background@2x.png"
Log:  to "build_release/bin/FocusForgeApp.app/Contents/Resources/qml/QtQuick/Controls/FluentWinUI3/dark/images/spinbox-indicator-down-background@2x.png"
Log:  copied: "/opt/homebrew/share/qt/qml/QtQuick/Controls/FluentWinUI3/dark/images/spinbox-indicator-down-background@3x.png"
Log:  to "build_release/bin/FocusForgeApp.app/Contents/Resources/qml/QtQuick/Controls/FluentWinUI3/dark/images/spinbox-indicator-down-background@3x.png"
Log:  copied: "/opt/homebrew/share/qt/qml/QtQuick/Controls/FluentWinUI3/dark/images/spinbox-indicator-down-icon-atlimit.png"
Log:  to "build_release/bin/FocusForgeApp.app/Contents/Resources/qml/QtQuick/Controls/FluentWinUI3/dark/images/spinbox-indicator-down-icon-atlimit.png"
Log:  copied: "/opt/homebrew/share/qt/qml/QtQuick/Controls/FluentWinUI3/dark/images/spinbox-indicator-down-icon-atlimit@2x.png"
Log:  to "build_release/bin/FocusForgeApp.app/Contents/Resources/qml/QtQuick/Controls/FluentWinUI3/dark/images/spinbox-indicator-down-icon-atlimit@2x.png"
Log:  copied: "/opt/homebrew/share/qt/qml/QtQuick/Controls/FluentWinUI3/dark/images/spinbox-indicator-down-icon-atlimit@3x.png"
Log:  to "build_release/bin/FocusForgeApp.app/Contents/Resources/qml/QtQuick/Controls/FluentWinUI3/dark/images/spinbox-indicator-down-icon-atlimit@3x.png"
Log:  copied: "/opt/homebrew/share/qt/qml/QtQuick/Controls/FluentWinUI3/dark/images/spinbox-indicator-down-icon-disabled.png"
Log:  to "build_release/bin/FocusForgeApp.app/Contents/Resources/qml/QtQuick/Controls/FluentWinUI3/dark/images/spinbox-indicator-down-icon-disabled.png"
Log:  copied: "/opt/homebrew/share/qt/qml/QtQuick/Controls/FluentWinUI3/dark/images/spinbox-indicator-down-icon-disabled@2x.png"
Log:  to "build_release/bin/FocusForgeApp.app/Contents/Resources/qml/QtQuick/Controls/FluentWinUI3/dark/images/spinbox-indicator-down-icon-disabled@2x.png"
Log:  copied: "/opt/homebrew/share/qt/qml/QtQuick/Controls/FluentWinUI3/dark/images/spinbox-indicator-down-icon-disabled@3x.png"
Log:  to "build_release/bin/FocusForgeApp.app/Contents/Resources/qml/QtQuick/Controls/FluentWinUI3/dark/images/spinbox-indicator-down-icon-disabled@3x.png"
Log:  copied: "/opt/homebrew/share/qt/qml/QtQuick/Controls/FluentWinUI3/dark/images/spinbox-indicator-down-icon-down-hovered.png"
Log:  to "build_release/bin/FocusForgeApp.app/Contents/Resources/qml/QtQuick/Controls/FluentWinUI3/dark/images/spinbox-indicator-down-icon-down-hovered.png"
Log:  copied: "/opt/homebrew/share/qt/qml/QtQuick/Controls/FluentWinUI3/dark/images/spinbox-indicator-down-icon-down-hovered@2x.png"
Log:  to "build_release/bin/FocusForgeApp.app/Contents/Resources/qml/QtQuick/Controls/FluentWinUI3/dark/images/spinbox-indicator-down-icon-down-hovered@2x.png"
Log:  copied: "/opt/homebrew/share/qt/qml/QtQuick/Controls/FluentWinUI3/dark/images/spinbox-indicator-down-icon-down-hovered@3x.png"
Log:  to "build_release/bin/FocusForgeApp.app/Contents/Resources/qml/QtQuick/Controls/FluentWinUI3/dark/images/spinbox-indicator-down-icon-down-hovered@3x.png"
Log:  copied: "/opt/homebrew/share/qt/qml/QtQuick/Controls/FluentWinUI3/dark/images/spinbox-indicator-down-icon-down-pressed.png"
Log:  to "build_release/bin/FocusForgeApp.app/Contents/Resources/qml/QtQuick/Controls/FluentWinUI3/dark/images/spinbox-indicator-down-icon-down-pressed.png"
Log:  copied: "/opt/homebrew/share/qt/qml/QtQuick/Controls/FluentWinUI3/dark/images/spinbox-indicator-down-icon-down-pressed@2x.png"
Log:  to "build_release/bin/FocusForgeApp.app/Contents/Resources/qml/QtQuick/Controls/FluentWinUI3/dark/images/spinbox-indicator-down-icon-down-pressed@2x.png"
Log:  copied: "/opt/homebrew/share/qt/qml/QtQuick/Controls/FluentWinUI3/dark/images/spinbox-indicator-down-icon-down-pressed@3x.png"
Log:  to "build_release/bin/FocusForgeApp.app/Contents/Resources/qml/QtQuick/Controls/FluentWinUI3/dark/images/spinbox-indicator-down-icon-down-pressed@3x.png"
Log:  copied: "/opt/homebrew/share/qt/qml/QtQuick/Controls/FluentWinUI3/dark/images/spinbox-indicator-down-icon-hovered.png"
Log:  to "build_release/bin/FocusForgeApp.app/Contents/Resources/qml/QtQuick/Controls/FluentWinUI3/dark/images/spinbox-indicator-down-icon-hovered.png"
Log:  copied: "/opt/homebrew/share/qt/qml/QtQuick/Controls/FluentWinUI3/dark/images/spinbox-indicator-down-icon-hovered@2x.png"
Log:  to "build_release/bin/FocusForgeApp.app/Contents/Resources/qml/QtQuick/Controls/FluentWinUI3/dark/images/spinbox-indicator-down-icon-hovered@2x.png"
Log:  copied: "/opt/homebrew/share/qt/qml/QtQuick/Controls/FluentWinUI3/dark/images/spinbox-indicator-down-icon-hovered@3x.png"
Log:  to "build_release/bin/FocusForgeApp.app/Contents/Resources/qml/QtQuick/Controls/FluentWinUI3/dark/images/spinbox-indicator-down-icon-hovered@3x.png"
Log:  copied: "/opt/homebrew/share/qt/qml/QtQuick/Controls/FluentWinUI3/dark/images/spinbox-indicator-down-icon-up-hovered.png"
Log:  to "build_release/bin/FocusForgeApp.app/Contents/Resources/qml/QtQuick/Controls/FluentWinUI3/dark/images/spinbox-indicator-down-icon-up-hovered.png"
Log:  copied: "/opt/homebrew/share/qt/qml/QtQuick/Controls/FluentWinUI3/dark/images/spinbox-indicator-down-icon-up-hovered@2x.png"
Log:  to "build_release/bin/FocusForgeApp.app/Contents/Resources/qml/QtQuick/Controls/FluentWinUI3/dark/images/spinbox-indicator-down-icon-up-hovered@2x.png"
Log:  copied: "/opt/homebrew/share/qt/qml/QtQuick/Controls/FluentWinUI3/dark/images/spinbox-indicator-down-icon-up-hovered@3x.png"
Log:  to "build_release/bin/FocusForgeApp.app/Contents/Resources/qml/QtQuick/Controls/FluentWinUI3/dark/images/spinbox-indicator-down-icon-up-hovered@3x.png"
Log:  copied: "/opt/homebrew/share/qt/qml/QtQuick/Controls/FluentWinUI3/dark/images/spinbox-indicator-down-icon-up-pressed.png"
Log:  to "build_release/bin/FocusForgeApp.app/Contents/Resources/qml/QtQuick/Controls/FluentWinUI3/dark/images/spinbox-indicator-down-icon-up-pressed.png"
Log:  copied: "/opt/homebrew/share/qt/qml/QtQuick/Controls/FluentWinUI3/dark/images/spinbox-indicator-down-icon-up-pressed@2x.png"
Log:  to "build_release/bin/FocusForgeApp.app/Contents/Resources/qml/QtQuick/Controls/FluentWinUI3/dark/images/spinbox-indicator-down-icon-up-pressed@2x.png"
Log:  copied: "/opt/homebrew/share/qt/qml/QtQuick/Controls/FluentWinUI3/dark/images/spinbox-indicator-down-icon-up-pressed@3x.png"
Log:  to "build_release/bin/FocusForgeApp.app/Contents/Resources/qml/QtQuick/Controls/FluentWinUI3/dark/images/spinbox-indicator-down-icon-up-pressed@3x.png"
Log:  copied: "/opt/homebrew/share/qt/qml/QtQuick/Controls/FluentWinUI3/dark/images/spinbox-indicator-down-icon.png"
Log:  to "build_release/bin/FocusForgeApp.app/Contents/Resources/qml/QtQuick/Controls/FluentWinUI3/dark/images/spinbox-indicator-down-icon.png"
Log:  copied: "/opt/homebrew/share/qt/qml/QtQuick/Controls/FluentWinUI3/dark/images/spinbox-indicator-down-icon@2x.png"
Log:  to "build_release/bin/FocusForgeApp.app/Contents/Resources/qml/QtQuick/Controls/FluentWinUI3/dark/images/spinbox-indicator-down-icon@2x.png"
Log:  copied: "/opt/homebrew/share/qt/qml/QtQuick/Controls/FluentWinUI3/dark/images/spinbox-indicator-down-icon@3x.png"
Log:  to "build_release/bin/FocusForgeApp.app/Contents/Resources/qml/QtQuick/Controls/FluentWinUI3/dark/images/spinbox-indicator-down-icon@3x.png"
Log:  copied: "/opt/homebrew/share/qt/qml/QtQuick/Controls/FluentWinUI3/dark/images/spinbox-indicator-up-background-atlimit.png"
Log:  to "build_release/bin/FocusForgeApp.app/Contents/Resources/qml/QtQuick/Controls/FluentWinUI3/dark/images/spinbox-indicator-up-background-atlimit.png"
Log:  copied: "/opt/homebrew/share/qt/qml/QtQuick/Controls/FluentWinUI3/dark/images/spinbox-indicator-up-background-atlimit@2x.png"
Log:  to "build_release/bin/FocusForgeApp.app/Contents/Resources/qml/QtQuick/Controls/FluentWinUI3/dark/images/spinbox-indicator-up-background-atlimit@2x.png"
Log:  copied: "/opt/homebrew/share/qt/qml/QtQuick/Controls/FluentWinUI3/dark/images/spinbox-indicator-up-background-atlimit@3x.png"
Log:  to "build_release/bin/FocusForgeApp.app/Contents/Resources/qml/QtQuick/Controls/FluentWinUI3/dark/images/spinbox-indicator-up-background-atlimit@3x.png"
Log:  copied: "/opt/homebrew/share/qt/qml/QtQuick/Controls/FluentWinUI3/dark/images/spinbox-indicator-up-background-disabled.png"
Log:  to "build_release/bin/FocusForgeApp.app/Contents/Resources/qml/QtQuick/Controls/FluentWinUI3/dark/images/spinbox-indicator-up-background-disabled.png"
Log:  copied: "/opt/homebrew/share/qt/qml/QtQuick/Controls/FluentWinUI3/dark/images/spinbox-indicator-up-background-disabled@2x.png"
Log:  to "build_release/bin/FocusForgeApp.app/Contents/Resources/qml/QtQuick/Controls/FluentWinUI3/dark/images/spinbox-indicator-up-background-disabled@2x.png"
Log:  copied: "/opt/homebrew/share/qt/qml/QtQuick/Controls/FluentWinUI3/dark/images/spinbox-indicator-up-background-disabled@3x.png"
Log:  to "build_release/bin/FocusForgeApp.app/Contents/Resources/qml/QtQuick/Controls/FluentWinUI3/dark/images/spinbox-indicator-up-background-disabled@3x.png"
Log:  copied: "/opt/homebrew/share/qt/qml/QtQuick/Controls/FluentWinUI3/dark/images/spinbox-indicator-up-background-down-hovered.png"
Log:  to "build_release/bin/FocusForgeApp.app/Contents/Resources/qml/QtQuick/Controls/FluentWinUI3/dark/images/spinbox-indicator-up-background-down-hovered.png"
Log:  copied: "/opt/homebrew/share/qt/qml/QtQuick/Controls/FluentWinUI3/dark/images/spinbox-indicator-up-background-down-hovered@2x.png"
Log:  to "build_release/bin/FocusForgeApp.app/Contents/Resources/qml/QtQuick/Controls/FluentWinUI3/dark/images/spinbox-indicator-up-background-down-hovered@2x.png"
Log:  copied: "/opt/homebrew/share/qt/qml/QtQuick/Controls/FluentWinUI3/dark/images/spinbox-indicator-up-background-down-hovered@3x.png"
Log:  to "build_release/bin/FocusForgeApp.app/Contents/Resources/qml/QtQuick/Controls/FluentWinUI3/dark/images/spinbox-indicator-up-background-down-hovered@3x.png"
Log:  copied: "/opt/homebrew/share/qt/qml/QtQuick/Controls/FluentWinUI3/dark/images/spinbox-indicator-up-background-down-pressed.png"
Log:  to "build_release/bin/FocusForgeApp.app/Contents/Resources/qml/QtQuick/Controls/FluentWinUI3/dark/images/spinbox-indicator-up-background-down-pressed.png"
Log:  copied: "/opt/homebrew/share/qt/qml/QtQuick/Controls/FluentWinUI3/dark/images/spinbox-indicator-up-background-down-pressed@2x.png"
Log:  to "build_release/bin/FocusForgeApp.app/Contents/Resources/qml/QtQuick/Controls/FluentWinUI3/dark/images/spinbox-indicator-up-background-down-pressed@2x.png"
Log:  copied: "/opt/homebrew/share/qt/qml/QtQuick/Controls/FluentWinUI3/dark/images/spinbox-indicator-up-background-down-pressed@3x.png"
Log:  to "build_release/bin/FocusForgeApp.app/Contents/Resources/qml/QtQuick/Controls/FluentWinUI3/dark/images/spinbox-indicator-up-background-down-pressed@3x.png"
Log:  copied: "/opt/homebrew/share/qt/qml/QtQuick/Controls/FluentWinUI3/dark/images/spinbox-indicator-up-background-hovered.png"
Log:  to "build_release/bin/FocusForgeApp.app/Contents/Resources/qml/QtQuick/Controls/FluentWinUI3/dark/images/spinbox-indicator-up-background-hovered.png"
Log:  copied: "/opt/homebrew/share/qt/qml/QtQuick/Controls/FluentWinUI3/dark/images/spinbox-indicator-up-background-hovered@2x.png"
Log:  to "build_release/bin/FocusForgeApp.app/Contents/Resources/qml/QtQuick/Controls/FluentWinUI3/dark/images/spinbox-indicator-up-background-hovered@2x.png"
Log:  copied: "/opt/homebrew/share/qt/qml/QtQuick/Controls/FluentWinUI3/dark/images/spinbox-indicator-up-background-hovered@3x.png"
Log:  to "build_release/bin/FocusForgeApp.app/Contents/Resources/qml/QtQuick/Controls/FluentWinUI3/dark/images/spinbox-indicator-up-background-hovered@3x.png"
Log:  copied: "/opt/homebrew/share/qt/qml/QtQuick/Controls/FluentWinUI3/dark/images/spinbox-indicator-up-background-up-hovered.png"
Log:  to "build_release/bin/FocusForgeApp.app/Contents/Resources/qml/QtQuick/Controls/FluentWinUI3/dark/images/spinbox-indicator-up-background-up-hovered.png"
Log:  copied: "/opt/homebrew/share/qt/qml/QtQuick/Controls/FluentWinUI3/dark/images/spinbox-indicator-up-background-up-hovered@2x.png"
Log:  to "build_release/bin/FocusForgeApp.app/Contents/Resources/qml/QtQuick/Controls/FluentWinUI3/dark/images/spinbox-indicator-up-background-up-hovered@2x.png"
Log:  copied: "/opt/homebrew/share/qt/qml/QtQuick/Controls/FluentWinUI3/dark/images/spinbox-indicator-up-background-up-hovered@3x.png"
Log:  to "build_release/bin/FocusForgeApp.app/Contents/Resources/qml/QtQuick/Controls/FluentWinUI3/dark/images/spinbox-indicator-up-background-up-hovered@3x.png"
Log:  copied: "/opt/homebrew/share/qt/qml/QtQuick/Controls/FluentWinUI3/dark/images/spinbox-indicator-up-background-up-pressed.png"
Log:  to "build_release/bin/FocusForgeApp.app/Contents/Resources/qml/QtQuick/Controls/FluentWinUI3/dark/images/spinbox-indicator-up-background-up-pressed.png"
Log:  copied: "/opt/homebrew/share/qt/qml/QtQuick/Controls/FluentWinUI3/dark/images/spinbox-indicator-up-background-up-pressed@2x.png"
Log:  to "build_release/bin/FocusForgeApp.app/Contents/Resources/qml/QtQuick/Controls/FluentWinUI3/dark/images/spinbox-indicator-up-background-up-pressed@2x.png"
Log:  copied: "/opt/homebrew/share/qt/qml/QtQuick/Controls/FluentWinUI3/dark/images/spinbox-indicator-up-background-up-pressed@3x.png"
Log:  to "build_release/bin/FocusForgeApp.app/Contents/Resources/qml/QtQuick/Controls/FluentWinUI3/dark/images/spinbox-indicator-up-background-up-pressed@3x.png"
Log:  copied: "/opt/homebrew/share/qt/qml/QtQuick/Controls/FluentWinUI3/dark/images/spinbox-indicator-up-background.png"
Log:  to "build_release/bin/FocusForgeApp.app/Contents/Resources/qml/QtQuick/Controls/FluentWinUI3/dark/images/spinbox-indicator-up-background.png"
Log:  copied: "/opt/homebrew/share/qt/qml/QtQuick/Controls/FluentWinUI3/dark/images/spinbox-indicator-up-background@2x.png"
Log:  to "build_release/bin/FocusForgeApp.app/Contents/Resources/qml/QtQuick/Controls/FluentWinUI3/dark/images/spinbox-indicator-up-background@2x.png"
Log:  copied: "/opt/homebrew/share/qt/qml/QtQuick/Controls/FluentWinUI3/dark/images/spinbox-indicator-up-background@3x.png"
Log:  to "build_release/bin/FocusForgeApp.app/Contents/Resources/qml/QtQuick/Controls/FluentWinUI3/dark/images/spinbox-indicator-up-background@3x.png"
Log:  copied: "/opt/homebrew/share/qt/qml/QtQuick/Controls/FluentWinUI3/dark/images/spinbox-indicator-up-icon-atlimit.png"
Log:  to "build_release/bin/FocusForgeApp.app/Contents/Resources/qml/QtQuick/Controls/FluentWinUI3/dark/images/spinbox-indicator-up-icon-atlimit.png"
Log:  copied: "/opt/homebrew/share/qt/qml/QtQuick/Controls/FluentWinUI3/dark/images/spinbox-indicator-up-icon-atlimit@2x.png"
Log:  to "build_release/bin/FocusForgeApp.app/Contents/Resources/qml/QtQuick/Controls/FluentWinUI3/dark/images/spinbox-indicator-up-icon-atlimit@2x.png"
Log:  copied: "/opt/homebrew/share/qt/qml/QtQuick/Controls/FluentWinUI3/dark/images/spinbox-indicator-up-icon-atlimit@3x.png"
Log:  to "build_release/bin/FocusForgeApp.app/Contents/Resources/qml/QtQuick/Controls/FluentWinUI3/dark/images/spinbox-indicator-up-icon-atlimit@3x.png"
Log:  copied: "/opt/homebrew/share/qt/qml/QtQuick/Controls/FluentWinUI3/dark/images/spinbox-indicator-up-icon-disabled.png"
Log:  to "build_release/bin/FocusForgeApp.app/Contents/Resources/qml/QtQuick/Controls/FluentWinUI3/dark/images/spinbox-indicator-up-icon-disabled.png"
Log:  copied: "/opt/homebrew/share/qt/qml/QtQuick/Controls/FluentWinUI3/dark/images/spinbox-indicator-up-icon-disabled@2x.png"
Log:  to "build_release/bin/FocusForgeApp.app/Contents/Resources/qml/QtQuick/Controls/FluentWinUI3/dark/images/spinbox-indicator-up-icon-disabled@2x.png"
Log:  copied: "/opt/homebrew/share/qt/qml/QtQuick/Controls/FluentWinUI3/dark/images/spinbox-indicator-up-icon-disabled@3x.png"
Log:  to "build_release/bin/FocusForgeApp.app/Contents/Resources/qml/QtQuick/Controls/FluentWinUI3/dark/images/spinbox-indicator-up-icon-disabled@3x.png"
Log:  copied: "/opt/homebrew/share/qt/qml/QtQuick/Controls/FluentWinUI3/dark/images/spinbox-indicator-up-icon-down-hovered.png"
Log:  to "build_release/bin/FocusForgeApp.app/Contents/Resources/qml/QtQuick/Controls/FluentWinUI3/dark/images/spinbox-indicator-up-icon-down-hovered.png"
Log:  copied: "/opt/homebrew/share/qt/qml/QtQuick/Controls/FluentWinUI3/dark/images/spinbox-indicator-up-icon-down-hovered@2x.png"
Log:  to "build_release/bin/FocusForgeApp.app/Contents/Resources/qml/QtQuick/Controls/FluentWinUI3/dark/images/spinbox-indicator-up-icon-down-hovered@2x.png"
Log:  copied: "/opt/homebrew/share/qt/qml/QtQuick/Controls/FluentWinUI3/dark/images/spinbox-indicator-up-icon-down-hovered@3x.png"
Log:  to "build_release/bin/FocusForgeApp.app/Contents/Resources/qml/QtQuick/Controls/FluentWinUI3/dark/images/spinbox-indicator-up-icon-down-hovered@3x.png"
Log:  copied: "/opt/homebrew/share/qt/qml/QtQuick/Controls/FluentWinUI3/dark/images/spinbox-indicator-up-icon-down-pressed.png"
Log:  to "build_release/bin/FocusForgeApp.app/Contents/Resources/qml/QtQuick/Controls/FluentWinUI3/dark/images/spinbox-indicator-up-icon-down-pressed.png"
Log:  copied: "/opt/homebrew/share/qt/qml/QtQuick/Controls/FluentWinUI3/dark/images/spinbox-indicator-up-icon-down-pressed@2x.png"
Log:  to "build_release/bin/FocusForgeApp.app/Contents/Resources/qml/QtQuick/Controls/FluentWinUI3/dark/images/spinbox-indicator-up-icon-down-pressed@2x.png"
Log:  copied: "/opt/homebrew/share/qt/qml/QtQuick/Controls/FluentWinUI3/dark/images/spinbox-indicator-up-icon-down-pressed@3x.png"
Log:  to "build_release/bin/FocusForgeApp.app/Contents/Resources/qml/QtQuick/Controls/FluentWinUI3/dark/images/spinbox-indicator-up-icon-down-pressed@3x.png"
Log:  copied: "/opt/homebrew/share/qt/qml/QtQuick/Controls/FluentWinUI3/dark/images/spinbox-indicator-up-icon-hovered.png"
Log:  to "build_release/bin/FocusForgeApp.app/Contents/Resources/qml/QtQuick/Controls/FluentWinUI3/dark/images/spinbox-indicator-up-icon-hovered.png"
Log:  copied: "/opt/homebrew/share/qt/qml/QtQuick/Controls/FluentWinUI3/dark/images/spinbox-indicator-up-icon-hovered@2x.png"
Log:  to "build_release/bin/FocusForgeApp.app/Contents/Resources/qml/QtQuick/Controls/FluentWinUI3/dark/images/spinbox-indicator-up-icon-hovered@2x.png"
Log:  copied: "/opt/homebrew/share/qt/qml/QtQuick/Controls/FluentWinUI3/dark/images/spinbox-indicator-up-icon-hovered@3x.png"
Log:  to "build_release/bin/FocusForgeApp.app/Contents/Resources/qml/QtQuick/Controls/FluentWinUI3/dark/images/spinbox-indicator-up-icon-hovered@3x.png"
Log:  copied: "/opt/homebrew/share/qt/qml/QtQuick/Controls/FluentWinUI3/dark/images/spinbox-indicator-up-icon-up-hovered.png"
Log:  to "build_release/bin/FocusForgeApp.app/Contents/Resources/qml/QtQuick/Controls/FluentWinUI3/dark/images/spinbox-indicator-up-icon-up-hovered.png"
Log:  copied: "/opt/homebrew/share/qt/qml/QtQuick/Controls/FluentWinUI3/dark/images/spinbox-indicator-up-icon-up-hovered@2x.png"
Log:  to "build_release/bin/FocusForgeApp.app/Contents/Resources/qml/QtQuick/Controls/FluentWinUI3/dark/images/spinbox-indicator-up-icon-up-hovered@2x.png"
Log:  copied: "/opt/homebrew/share/qt/qml/QtQuick/Controls/FluentWinUI3/dark/images/spinbox-indicator-up-icon-up-hovered@3x.png"
Log:  to "build_release/bin/FocusForgeApp.app/Contents/Resources/qml/QtQuick/Controls/FluentWinUI3/dark/images/spinbox-indicator-up-icon-up-hovered@3x.png"
Log:  copied: "/opt/homebrew/share/qt/qml/QtQuick/Controls/FluentWinUI3/dark/images/spinbox-indicator-up-icon-up-pressed.png"
Log:  to "build_release/bin/FocusForgeApp.app/Contents/Resources/qml/QtQuick/Controls/FluentWinUI3/dark/images/spinbox-indicator-up-icon-up-pressed.png"
Log:  copied: "/opt/homebrew/share/qt/qml/QtQuick/Controls/FluentWinUI3/dark/images/spinbox-indicator-up-icon-up-pressed@2x.png"
Log:  to "build_release/bin/FocusForgeApp.app/Contents/Resources/qml/QtQuick/Controls/FluentWinUI3/dark/images/spinbox-indicator-up-icon-up-pressed@2x.png"
Log:  copied: "/opt/homebrew/share/qt/qml/QtQuick/Controls/FluentWinUI3/dark/images/spinbox-indicator-up-icon-up-pressed@3x.png"
Log:  to "build_release/bin/FocusForgeApp.app/Contents/Resources/qml/QtQuick/Controls/FluentWinUI3/dark/images/spinbox-indicator-up-icon-up-pressed@3x.png"
Log:  copied: "/opt/homebrew/share/qt/qml/QtQuick/Controls/FluentWinUI3/dark/images/spinbox-indicator-up-icon.png"
Log:  to "build_release/bin/FocusForgeApp.app/Contents/Resources/qml/QtQuick/Controls/FluentWinUI3/dark/images/spinbox-indicator-up-icon.png"
Log:  copied: "/opt/homebrew/share/qt/qml/QtQuick/Controls/FluentWinUI3/dark/images/spinbox-indicator-up-icon@2x.png"
Log:  to "build_release/bin/FocusForgeApp.app/Contents/Resources/qml/QtQuick/Controls/FluentWinUI3/dark/images/spinbox-indicator-up-icon@2x.png"
Log:  copied: "/opt/homebrew/share/qt/qml/QtQuick/Controls/FluentWinUI3/dark/images/spinbox-indicator-up-icon@3x.png"
Log:  to "build_release/bin/FocusForgeApp.app/Contents/Resources/qml/QtQuick/Controls/FluentWinUI3/dark/images/spinbox-indicator-up-icon@3x.png"
Log:  copied: "/opt/homebrew/share/qt/qml/QtQuick/Controls/FluentWinUI3/dark/images/textarea-background-disabled.png"
Log:  to "build_release/bin/FocusForgeApp.app/Contents/Resources/qml/QtQuick/Controls/FluentWinUI3/dark/images/textarea-background-disabled.png"
Log:  copied: "/opt/homebrew/share/qt/qml/QtQuick/Controls/FluentWinUI3/dark/images/textarea-background-disabled@2x.png"
Log:  to "build_release/bin/FocusForgeApp.app/Contents/Resources/qml/QtQuick/Controls/FluentWinUI3/dark/images/textarea-background-disabled@2x.png"
Log:  copied: "/opt/homebrew/share/qt/qml/QtQuick/Controls/FluentWinUI3/dark/images/textarea-background-disabled@3x.png"
Log:  to "build_release/bin/FocusForgeApp.app/Contents/Resources/qml/QtQuick/Controls/FluentWinUI3/dark/images/textarea-background-disabled@3x.png"
Log:  copied: "/opt/homebrew/share/qt/qml/QtQuick/Controls/FluentWinUI3/dark/images/textarea-background-focused.png"
Log:  to "build_release/bin/FocusForgeApp.app/Contents/Resources/qml/QtQuick/Controls/FluentWinUI3/dark/images/textarea-background-focused.png"
Log:  copied: "/opt/homebrew/share/qt/qml/QtQuick/Controls/FluentWinUI3/dark/images/textarea-background-focused@2x.png"
Log:  to "build_release/bin/FocusForgeApp.app/Contents/Resources/qml/QtQuick/Controls/FluentWinUI3/dark/images/textarea-background-focused@2x.png"
Log:  copied: "/opt/homebrew/share/qt/qml/QtQuick/Controls/FluentWinUI3/dark/images/textarea-background-focused@3x.png"
Log:  to "build_release/bin/FocusForgeApp.app/Contents/Resources/qml/QtQuick/Controls/FluentWinUI3/dark/images/textarea-background-focused@3x.png"
Log:  copied: "/opt/homebrew/share/qt/qml/QtQuick/Controls/FluentWinUI3/dark/images/textarea-background-hovered.png"
Log:  to "build_release/bin/FocusForgeApp.app/Contents/Resources/qml/QtQuick/Controls/FluentWinUI3/dark/images/textarea-background-hovered.png"
Log:  copied: "/opt/homebrew/share/qt/qml/QtQuick/Controls/FluentWinUI3/dark/images/textarea-background-hovered@2x.png"
Log:  to "build_release/bin/FocusForgeApp.app/Contents/Resources/qml/QtQuick/Controls/FluentWinUI3/dark/images/textarea-background-hovered@2x.png"
Log:  copied: "/opt/homebrew/share/qt/qml/QtQuick/Controls/FluentWinUI3/dark/images/textarea-background-hovered@3x.png"
Log:  to "build_release/bin/FocusForgeApp.app/Contents/Resources/qml/QtQuick/Controls/FluentWinUI3/dark/images/textarea-background-hovered@3x.png"
Log:  copied: "/opt/homebrew/share/qt/qml/QtQuick/Controls/FluentWinUI3/dark/images/textarea-background.png"
Log:  to "build_release/bin/FocusForgeApp.app/Contents/Resources/qml/QtQuick/Controls/FluentWinUI3/dark/images/textarea-background.png"
Log:  copied: "/opt/homebrew/share/qt/qml/QtQuick/Controls/FluentWinUI3/dark/images/textarea-background@2x.png"
Log:  to "build_release/bin/FocusForgeApp.app/Contents/Resources/qml/QtQuick/Controls/FluentWinUI3/dark/images/textarea-background@2x.png"
Log:  copied: "/opt/homebrew/share/qt/qml/QtQuick/Controls/FluentWinUI3/dark/images/textarea-background@3x.png"
Log:  to "build_release/bin/FocusForgeApp.app/Contents/Resources/qml/QtQuick/Controls/FluentWinUI3/dark/images/textarea-background@3x.png"
Log:  copied: "/opt/homebrew/share/qt/qml/QtQuick/Controls/FluentWinUI3/dark/images/textfield-background-disabled.png"
Log:  to "build_release/bin/FocusForgeApp.app/Contents/Resources/qml/QtQuick/Controls/FluentWinUI3/dark/images/textfield-background-disabled.png"
Log:  copied: "/opt/homebrew/share/qt/qml/QtQuick/Controls/FluentWinUI3/dark/images/textfield-background-disabled@2x.png"
Log:  to "build_release/bin/FocusForgeApp.app/Contents/Resources/qml/QtQuick/Controls/FluentWinUI3/dark/images/textfield-background-disabled@2x.png"
Log:  copied: "/opt/homebrew/share/qt/qml/QtQuick/Controls/FluentWinUI3/dark/images/textfield-background-disabled@3x.png"
Log:  to "build_release/bin/FocusForgeApp.app/Contents/Resources/qml/QtQuick/Controls/FluentWinUI3/dark/images/textfield-background-disabled@3x.png"
Log:  copied: "/opt/homebrew/share/qt/qml/QtQuick/Controls/FluentWinUI3/dark/images/textfield-background-focused.png"
Log:  to "build_release/bin/FocusForgeApp.app/Contents/Resources/qml/QtQuick/Controls/FluentWinUI3/dark/images/textfield-background-focused.png"
Log:  copied: "/opt/homebrew/share/qt/qml/QtQuick/Controls/FluentWinUI3/dark/images/textfield-background-focused@2x.png"
Log:  to "build_release/bin/FocusForgeApp.app/Contents/Resources/qml/QtQuick/Controls/FluentWinUI3/dark/images/textfield-background-focused@2x.png"
Log:  copied: "/opt/homebrew/share/qt/qml/QtQuick/Controls/FluentWinUI3/dark/images/textfield-background-focused@3x.png"
Log:  to "build_release/bin/FocusForgeApp.app/Contents/Resources/qml/QtQuick/Controls/FluentWinUI3/dark/images/textfield-background-focused@3x.png"
Log:  copied: "/opt/homebrew/share/qt/qml/QtQuick/Controls/FluentWinUI3/dark/images/textfield-background-hovered.png"
Log:  to "build_release/bin/FocusForgeApp.app/Contents/Resources/qml/QtQuick/Controls/FluentWinUI3/dark/images/textfield-background-hovered.png"
Log:  copied: "/opt/homebrew/share/qt/qml/QtQuick/Controls/FluentWinUI3/dark/images/textfield-background-hovered@2x.png"
Log:  to "build_release/bin/FocusForgeApp.app/Contents/Resources/qml/QtQuick/Controls/FluentWinUI3/dark/images/textfield-background-hovered@2x.png"
Log:  copied: "/opt/homebrew/share/qt/qml/QtQuick/Controls/FluentWinUI3/dark/images/textfield-background-hovered@3x.png"
Log:  to "build_release/bin/FocusForgeApp.app/Contents/Resources/qml/QtQuick/Controls/FluentWinUI3/dark/images/textfield-background-hovered@3x.png"
Log:  copied: "/opt/homebrew/share/qt/qml/QtQuick/Controls/FluentWinUI3/dark/images/textfield-background.png"
Log:  to "build_release/bin/FocusForgeApp.app/Contents/Resources/qml/QtQuick/Controls/FluentWinUI3/dark/images/textfield-background.png"
Log:  copied: "/opt/homebrew/share/qt/qml/QtQuick/Controls/FluentWinUI3/dark/images/textfield-background@2x.png"
Log:  to "build_release/bin/FocusForgeApp.app/Contents/Resources/qml/QtQuick/Controls/FluentWinUI3/dark/images/textfield-background@2x.png"
Log:  copied: "/opt/homebrew/share/qt/qml/QtQuick/Controls/FluentWinUI3/dark/images/textfield-background@3x.png"
Log:  to "build_release/bin/FocusForgeApp.app/Contents/Resources/qml/QtQuick/Controls/FluentWinUI3/dark/images/textfield-background@3x.png"
Log: copy: "/opt/homebrew/share/qt/qml/QtQuick/Controls/FluentWinUI3/icons" "build_release/bin/FocusForgeApp.app/Contents/Resources/qml/QtQuick/Controls/FluentWinUI3/icons"
Log:  copied: "/opt/homebrew/share/qt/qml/QtQuick/Controls/FluentWinUI3/icons/checkmark.png"
Log:  to "build_release/bin/FocusForgeApp.app/Contents/Resources/qml/QtQuick/Controls/FluentWinUI3/icons/checkmark.png"
Log:  copied: "/opt/homebrew/share/qt/qml/QtQuick/Controls/FluentWinUI3/icons/checkmark@2x.png"
Log:  to "build_release/bin/FocusForgeApp.app/Contents/Resources/qml/QtQuick/Controls/FluentWinUI3/icons/checkmark@2x.png"
Log:  copied: "/opt/homebrew/share/qt/qml/QtQuick/Controls/FluentWinUI3/icons/checkmark@3x.png"
Log:  to "build_release/bin/FocusForgeApp.app/Contents/Resources/qml/QtQuick/Controls/FluentWinUI3/icons/checkmark@3x.png"
Log:  copied: "/opt/homebrew/share/qt/qml/QtQuick/Controls/FluentWinUI3/icons/menuarrow.png"
Log:  to "build_release/bin/FocusForgeApp.app/Contents/Resources/qml/QtQuick/Controls/FluentWinUI3/icons/menuarrow.png"
Log:  copied: "/opt/homebrew/share/qt/qml/QtQuick/Controls/FluentWinUI3/icons/menuarrow@2x.png"
Log:  to "build_release/bin/FocusForgeApp.app/Contents/Resources/qml/QtQuick/Controls/FluentWinUI3/icons/menuarrow@2x.png"
Log:  copied: "/opt/homebrew/share/qt/qml/QtQuick/Controls/FluentWinUI3/icons/menuarrow@3x.png"
Log:  to "build_release/bin/FocusForgeApp.app/Contents/Resources/qml/QtQuick/Controls/FluentWinUI3/icons/menuarrow@3x.png"
Log: copy: "/opt/homebrew/share/qt/qml/QtQuick/Controls/FluentWinUI3/impl" "build_release/bin/FocusForgeApp.app/Contents/Resources/qml/QtQuick/Controls/FluentWinUI3/impl"
Log:  copied: "/opt/homebrew/share/qt/qml/QtQuick/Controls/FluentWinUI3/impl/ButtonBackground.qml"
Log:  to "build_release/bin/FocusForgeApp.app/Contents/Resources/qml/QtQuick/Controls/FluentWinUI3/impl/ButtonBackground.qml"
Log:  copied: "/opt/homebrew/share/qt/qml/QtQuick/Controls/FluentWinUI3/impl/CheckIndicator.qml"
Log:  to "build_release/bin/FocusForgeApp.app/Contents/Resources/qml/QtQuick/Controls/FluentWinUI3/impl/CheckIndicator.qml"
Log:  copied: "/opt/homebrew/share/qt/qml/QtQuick/Controls/FluentWinUI3/impl/FocusFrame.qml"
Log:  to "build_release/bin/FocusForgeApp.app/Contents/Resources/qml/QtQuick/Controls/FluentWinUI3/impl/FocusFrame.qml"
Log:  copied: "/opt/homebrew/share/qt/qml/QtQuick/Controls/FluentWinUI3/impl/libqtquickcontrols2fluentwinui3styleimplplugin.dylib"
Log:  to "build_release/bin/FocusForgeApp.app/Contents/PlugIns/quick/libqtquickcontrols2fluentwinui3styleimplplugin.dylib"
Log:  symlink "build_release/bin/FocusForgeApp.app/Contents/Resources/qml/QtQuick/Controls/FluentWinUI3/impl/libqtquickcontrols2fluentwinui3styleimplplugin.dylib"
Log:  points to "../../../../../../PlugIns/quick/libqtquickcontrols2fluentwinui3styleimplplugin.dylib"
ERROR: Cannot resolve rpath "@rpath/QtQuickControls2FluentWinUI3StyleImpl.framework/Versions/A/QtQuickControls2FluentWinUI3StyleImpl"
ERROR:  using QList("/Users/plokm/Downloads/lib")
ERROR: Cannot resolve rpath "@rpath/QtQml.framework/Versions/A/QtQml"
ERROR:  using QList("/Users/plokm/Downloads/lib")
ERROR: Cannot resolve rpath "@rpath/QtNetwork.framework/Versions/A/QtNetwork"
ERROR:  using QList("/Users/plokm/Downloads/lib")
ERROR: Cannot resolve rpath "@rpath/QtCore.framework/Versions/A/QtCore"
ERROR:  using QList("/Users/plokm/Downloads/lib")
Log:
Log: Deploying Qt frameworks found inside: QList("build_release/bin/FocusForgeApp.app/Contents/PlugIns/quick/libqtquickcontrols2fluentwinui3styleimplplugin.dylib")
Log:  copied: "/opt/homebrew/share/qt/qml/QtQuick/Controls/FluentWinUI3/impl/plugins.qmltypes"
Log:  to "build_release/bin/FocusForgeApp.app/Contents/Resources/qml/QtQuick/Controls/FluentWinUI3/impl/plugins.qmltypes"
Log:  copied: "/opt/homebrew/share/qt/qml/QtQuick/Controls/FluentWinUI3/impl/qmldir"
Log:  to "build_release/bin/FocusForgeApp.app/Contents/Resources/qml/QtQuick/Controls/FluentWinUI3/impl/qmldir"
Log:  copied: "/opt/homebrew/share/qt/qml/QtQuick/Controls/FluentWinUI3/impl/RadioIndicator.qml"
Log:  to "build_release/bin/FocusForgeApp.app/Contents/Resources/qml/QtQuick/Controls/FluentWinUI3/impl/RadioIndicator.qml"
Log:  copied: "/opt/homebrew/share/qt/qml/QtQuick/Controls/FluentWinUI3/impl/StyleImage.qml"
Log:  to "build_release/bin/FocusForgeApp.app/Contents/Resources/qml/QtQuick/Controls/FluentWinUI3/impl/StyleImage.qml"
Log:  copied: "/opt/homebrew/share/qt/qml/QtQuick/Controls/FluentWinUI3/impl/SwitchIndicator.qml"
Log:  to "build_release/bin/FocusForgeApp.app/Contents/Resources/qml/QtQuick/Controls/FluentWinUI3/impl/SwitchIndicator.qml"
Log: copy: "/opt/homebrew/share/qt/qml/QtQuick/Controls/FluentWinUI3/light" "build_release/bin/FocusForgeApp.app/Contents/Resources/qml/QtQuick/Controls/FluentWinUI3/light"
Log: copy: "/opt/homebrew/share/qt/qml/QtQuick/Controls/FluentWinUI3/light/images" "build_release/bin/FocusForgeApp.app/Contents/Resources/qml/QtQuick/Controls/FluentWinUI3/light/images"
Log:  copied: "/opt/homebrew/share/qt/qml/QtQuick/Controls/FluentWinUI3/light/images/checkbox-indicator-checked-disabled.png"
Log:  to "build_release/bin/FocusForgeApp.app/Contents/Resources/qml/QtQuick/Controls/FluentWinUI3/light/images/checkbox-indicator-checked-disabled.png"
Log:  copied: "/opt/homebrew/share/qt/qml/QtQuick/Controls/FluentWinUI3/light/images/checkbox-indicator-checked-disabled@2x.png"
Log:  to "build_release/bin/FocusForgeApp.app/Contents/Resources/qml/QtQuick/Controls/FluentWinUI3/light/images/checkbox-indicator-checked-disabled@2x.png"
Log:  copied: "/opt/homebrew/share/qt/qml/QtQuick/Controls/FluentWinUI3/light/images/checkbox-indicator-checked-disabled@3x.png"
Log:  to "build_release/bin/FocusForgeApp.app/Contents/Resources/qml/QtQuick/Controls/FluentWinUI3/light/images/checkbox-indicator-checked-disabled@3x.png"
Log:  copied: "/opt/homebrew/share/qt/qml/QtQuick/Controls/FluentWinUI3/light/images/checkbox-indicator-checked-hovered.png"
Log:  to "build_release/bin/FocusForgeApp.app/Contents/Resources/qml/QtQuick/Controls/FluentWinUI3/light/images/checkbox-indicator-checked-hovered.png"
Log:  copied: "/opt/homebrew/share/qt/qml/QtQuick/Controls/FluentWinUI3/light/images/checkbox-indicator-checked-hovered@2x.png"
Log:  to "build_release/bin/FocusForgeApp.app/Contents/Resources/qml/QtQuick/Controls/FluentWinUI3/light/images/checkbox-indicator-checked-hovered@2x.png"
Log:  copied: "/opt/homebrew/share/qt/qml/QtQuick/Controls/FluentWinUI3/light/images/checkbox-indicator-checked-hovered@3x.png"
Log:  to "build_release/bin/FocusForgeApp.app/Contents/Resources/qml/QtQuick/Controls/FluentWinUI3/light/images/checkbox-indicator-checked-hovered@3x.png"
Log:  copied: "/opt/homebrew/share/qt/qml/QtQuick/Controls/FluentWinUI3/light/images/checkbox-indicator-checked-pressed.png"
Log:  to "build_release/bin/FocusForgeApp.app/Contents/Resources/qml/QtQuick/Controls/FluentWinUI3/light/images/checkbox-indicator-checked-pressed.png"
Log:  copied: "/opt/homebrew/share/qt/qml/QtQuick/Controls/FluentWinUI3/light/images/checkbox-indicator-checked-pressed@2x.png"
Log:  to "build_release/bin/FocusForgeApp.app/Contents/Resources/qml/QtQuick/Controls/FluentWinUI3/light/images/checkbox-indicator-checked-pressed@2x.png"
Log:  copied: "/opt/homebrew/share/qt/qml/QtQuick/Controls/FluentWinUI3/light/images/checkbox-indicator-checked-pressed@3x.png"
Log:  to "build_release/bin/FocusForgeApp.app/Contents/Resources/qml/QtQuick/Controls/FluentWinUI3/light/images/checkbox-indicator-checked-pressed@3x.png"
Log:  copied: "/opt/homebrew/share/qt/qml/QtQuick/Controls/FluentWinUI3/light/images/checkbox-indicator-checked.png"
Log:  to "build_release/bin/FocusForgeApp.app/Contents/Resources/qml/QtQuick/Controls/FluentWinUI3/light/images/checkbox-indicator-checked.png"
Log:  copied: "/opt/homebrew/share/qt/qml/QtQuick/Controls/FluentWinUI3/light/images/checkbox-indicator-checked@2x.png"
Log:  to "build_release/bin/FocusForgeApp.app/Contents/Resources/qml/QtQuick/Controls/FluentWinUI3/light/images/checkbox-indicator-checked@2x.png"
Log:  copied: "/opt/homebrew/share/qt/qml/QtQuick/Controls/FluentWinUI3/light/images/checkbox-indicator-checked@3x.png"
Log:  to "build_release/bin/FocusForgeApp.app/Contents/Resources/qml/QtQuick/Controls/FluentWinUI3/light/images/checkbox-indicator-checked@3x.png"
Log:  copied: "/opt/homebrew/share/qt/qml/QtQuick/Controls/FluentWinUI3/light/images/checkbox-indicator-disabled-partiallyChecked.png"
Log:  to "build_release/bin/FocusForgeApp.app/Contents/Resources/qml/QtQuick/Controls/FluentWinUI3/light/images/checkbox-indicator-disabled-partiallyChecked.png"
Log:  copied: "/opt/homebrew/share/qt/qml/QtQuick/Controls/FluentWinUI3/light/images/checkbox-indicator-disabled-partiallyChecked@2x.png"
Log:  to "build_release/bin/FocusForgeApp.app/Contents/Resources/qml/QtQuick/Controls/FluentWinUI3/light/images/checkbox-indicator-disabled-partiallyChecked@2x.png"
Log:  copied: "/opt/homebrew/share/qt/qml/QtQuick/Controls/FluentWinUI3/light/images/checkbox-indicator-disabled-partiallyChecked@3x.png"
Log:  to "build_release/bin/FocusForgeApp.app/Contents/Resources/qml/QtQuick/Controls/FluentWinUI3/light/images/checkbox-indicator-disabled-partiallyChecked@3x.png"
Log:  copied: "/opt/homebrew/share/qt/qml/QtQuick/Controls/FluentWinUI3/light/images/checkbox-indicator-disabled.png"
Log:  to "build_release/bin/FocusForgeApp.app/Contents/Resources/qml/QtQuick/Controls/FluentWinUI3/light/images/checkbox-indicator-disabled.png"
Log:  copied: "/opt/homebrew/share/qt/qml/QtQuick/Controls/FluentWinUI3/light/images/checkbox-indicator-disabled@2x.png"
Log:  to "build_release/bin/FocusForgeApp.app/Contents/Resources/qml/QtQuick/Controls/FluentWinUI3/light/images/checkbox-indicator-disabled@2x.png"
Log:  copied: "/opt/homebrew/share/qt/qml/QtQuick/Controls/FluentWinUI3/light/images/checkbox-indicator-disabled@3x.png"
Log:  to "build_release/bin/FocusForgeApp.app/Contents/Resources/qml/QtQuick/Controls/FluentWinUI3/light/images/checkbox-indicator-disabled@3x.png"
Log:  copied: "/opt/homebrew/share/qt/qml/QtQuick/Controls/FluentWinUI3/light/images/checkbox-indicator-hovered-partiallyChecked.png"
Log:  to "build_release/bin/FocusForgeApp.app/Contents/Resources/qml/QtQuick/Controls/FluentWinUI3/light/images/checkbox-indicator-hovered-partiallyChecked.png"
Log:  copied: "/opt/homebrew/share/qt/qml/QtQuick/Controls/FluentWinUI3/light/images/checkbox-indicator-hovered-partiallyChecked@2x.png"
Log:  to "build_release/bin/FocusForgeApp.app/Contents/Resources/qml/QtQuick/Controls/FluentWinUI3/light/images/checkbox-indicator-hovered-partiallyChecked@2x.png"
Log:  copied: "/opt/homebrew/share/qt/qml/QtQuick/Controls/FluentWinUI3/light/images/checkbox-indicator-hovered-partiallyChecked@3x.png"
Log:  to "build_release/bin/FocusForgeApp.app/Contents/Resources/qml/QtQuick/Controls/FluentWinUI3/light/images/checkbox-indicator-hovered-partiallyChecked@3x.png"
Log:  copied: "/opt/homebrew/share/qt/qml/QtQuick/Controls/FluentWinUI3/light/images/checkbox-indicator-hovered.png"
Log:  to "build_release/bin/FocusForgeApp.app/Contents/Resources/qml/QtQuick/Controls/FluentWinUI3/light/images/checkbox-indicator-hovered.png"
Log:  copied: "/opt/homebrew/share/qt/qml/QtQuick/Controls/FluentWinUI3/light/images/checkbox-indicator-hovered@2x.png"
Log:  to "build_release/bin/FocusForgeApp.app/Contents/Resources/qml/QtQuick/Controls/FluentWinUI3/light/images/checkbox-indicator-hovered@2x.png"
Log:  copied: "/opt/homebrew/share/qt/qml/QtQuick/Controls/FluentWinUI3/light/images/checkbox-indicator-hovered@3x.png"
Log:  to "build_release/bin/FocusForgeApp.app/Contents/Resources/qml/QtQuick/Controls/FluentWinUI3/light/images/checkbox-indicator-hovered@3x.png"
Log:  copied: "/opt/homebrew/share/qt/qml/QtQuick/Controls/FluentWinUI3/light/images/checkbox-indicator-partiallyChecked-pressed.png"
Log:  to "build_release/bin/FocusForgeApp.app/Contents/Resources/qml/QtQuick/Controls/FluentWinUI3/light/images/checkbox-indicator-partiallyChecked-pressed.png"
Log:  copied: "/opt/homebrew/share/qt/qml/QtQuick/Controls/FluentWinUI3/light/images/checkbox-indicator-partiallyChecked-pressed@2x.png"
Log:  to "build_release/bin/FocusForgeApp.app/Contents/Resources/qml/QtQuick/Controls/FluentWinUI3/light/images/checkbox-indicator-partiallyChecked-pressed@2x.png"
Log:  copied: "/opt/homebrew/share/qt/qml/QtQuick/Controls/FluentWinUI3/light/images/checkbox-indicator-partiallyChecked-pressed@3x.png"
Log:  to "build_release/bin/FocusForgeApp.app/Contents/Resources/qml/QtQuick/Controls/FluentWinUI3/light/images/checkbox-indicator-partiallyChecked-pressed@3x.png"
Log:  copied: "/opt/homebrew/share/qt/qml/QtQuick/Controls/FluentWinUI3/light/images/checkbox-indicator-partiallyChecked.png"
Log:  to "build_release/bin/FocusForgeApp.app/Contents/Resources/qml/QtQuick/Controls/FluentWinUI3/light/images/checkbox-indicator-partiallyChecked.png"
Log:  copied: "/opt/homebrew/share/qt/qml/QtQuick/Controls/FluentWinUI3/light/images/checkbox-indicator-partiallyChecked@2x.png"
Log:  to "build_release/bin/FocusForgeApp.app/Contents/Resources/qml/QtQuick/Controls/FluentWinUI3/light/images/checkbox-indicator-partiallyChecked@2x.png"
Log:  copied: "/opt/homebrew/share/qt/qml/QtQuick/Controls/FluentWinUI3/light/images/checkbox-indicator-partiallyChecked@3x.png"
Log:  to "build_release/bin/FocusForgeApp.app/Contents/Resources/qml/QtQuick/Controls/FluentWinUI3/light/images/checkbox-indicator-partiallyChecked@3x.png"
Log:  copied: "/opt/homebrew/share/qt/qml/QtQuick/Controls/FluentWinUI3/light/images/checkbox-indicator-pressed.png"
Log:  to "build_release/bin/FocusForgeApp.app/Contents/Resources/qml/QtQuick/Controls/FluentWinUI3/light/images/checkbox-indicator-pressed.png"
Log:  copied: "/opt/homebrew/share/qt/qml/QtQuick/Controls/FluentWinUI3/light/images/checkbox-indicator-pressed@2x.png"
Log:  to "build_release/bin/FocusForgeApp.app/Contents/Resources/qml/QtQuick/Controls/FluentWinUI3/light/images/checkbox-indicator-pressed@2x.png"
Log:  copied: "/opt/homebrew/share/qt/qml/QtQuick/Controls/FluentWinUI3/light/images/checkbox-indicator-pressed@3x.png"
Log:  to "build_release/bin/FocusForgeApp.app/Contents/Resources/qml/QtQuick/Controls/FluentWinUI3/light/images/checkbox-indicator-pressed@3x.png"
Log:  copied: "/opt/homebrew/share/qt/qml/QtQuick/Controls/FluentWinUI3/light/images/checkbox-indicator.png"
Log:  to "build_release/bin/FocusForgeApp.app/Contents/Resources/qml/QtQuick/Controls/FluentWinUI3/light/images/checkbox-indicator.png"
Log:  copied: "/opt/homebrew/share/qt/qml/QtQuick/Controls/FluentWinUI3/light/images/checkbox-indicator@2x.png"
Log:  to "build_release/bin/FocusForgeApp.app/Contents/Resources/qml/QtQuick/Controls/FluentWinUI3/light/images/checkbox-indicator@2x.png"
Log:  copied: "/opt/homebrew/share/qt/qml/QtQuick/Controls/FluentWinUI3/light/images/checkbox-indicator@3x.png"
Log:  to "build_release/bin/FocusForgeApp.app/Contents/Resources/qml/QtQuick/Controls/FluentWinUI3/light/images/checkbox-indicator@3x.png"
Log:  copied: "/opt/homebrew/share/qt/qml/QtQuick/Controls/FluentWinUI3/light/images/combobox-background-disabled.png"
Log:  to "build_release/bin/FocusForgeApp.app/Contents/Resources/qml/QtQuick/Controls/FluentWinUI3/light/images/combobox-background-disabled.png"
Log:  copied: "/opt/homebrew/share/qt/qml/QtQuick/Controls/FluentWinUI3/light/images/combobox-background-disabled@2x.png"
Log:  to "build_release/bin/FocusForgeApp.app/Contents/Resources/qml/QtQuick/Controls/FluentWinUI3/light/images/combobox-background-disabled@2x.png"
Log:  copied: "/opt/homebrew/share/qt/qml/QtQuick/Controls/FluentWinUI3/light/images/combobox-background-disabled@3x.png"
Log:  to "build_release/bin/FocusForgeApp.app/Contents/Resources/qml/QtQuick/Controls/FluentWinUI3/light/images/combobox-background-disabled@3x.png"
Log:  copied: "/opt/homebrew/share/qt/qml/QtQuick/Controls/FluentWinUI3/light/images/combobox-background-focused.png"
Log:  to "build_release/bin/FocusForgeApp.app/Contents/Resources/qml/QtQuick/Controls/FluentWinUI3/light/images/combobox-background-focused.png"
Log:  copied: "/opt/homebrew/share/qt/qml/QtQuick/Controls/FluentWinUI3/light/images/combobox-background-focused@2x.png"
Log:  to "build_release/bin/FocusForgeApp.app/Contents/Resources/qml/QtQuick/Controls/FluentWinUI3/light/images/combobox-background-focused@2x.png"
Log:  copied: "/opt/homebrew/share/qt/qml/QtQuick/Controls/FluentWinUI3/light/images/combobox-background-focused@3x.png"
Log:  to "build_release/bin/FocusForgeApp.app/Contents/Resources/qml/QtQuick/Controls/FluentWinUI3/light/images/combobox-background-focused@3x.png"
Log:  copied: "/opt/homebrew/share/qt/qml/QtQuick/Controls/FluentWinUI3/light/images/combobox-background-hovered-open.png"
Log:  to "build_release/bin/FocusForgeApp.app/Contents/Resources/qml/QtQuick/Controls/FluentWinUI3/light/images/combobox-background-hovered-open.png"
Log:  copied: "/opt/homebrew/share/qt/qml/QtQuick/Controls/FluentWinUI3/light/images/combobox-background-hovered-open@2x.png"
Log:  to "build_release/bin/FocusForgeApp.app/Contents/Resources/qml/QtQuick/Controls/FluentWinUI3/light/images/combobox-background-hovered-open@2x.png"
Log:  copied: "/opt/homebrew/share/qt/qml/QtQuick/Controls/FluentWinUI3/light/images/combobox-background-hovered-open@3x.png"
Log:  to "build_release/bin/FocusForgeApp.app/Contents/Resources/qml/QtQuick/Controls/FluentWinUI3/light/images/combobox-background-hovered-open@3x.png"
Log:  copied: "/opt/homebrew/share/qt/qml/QtQuick/Controls/FluentWinUI3/light/images/combobox-background-hovered.png"
Log:  to "build_release/bin/FocusForgeApp.app/Contents/Resources/qml/QtQuick/Controls/FluentWinUI3/light/images/combobox-background-hovered.png"
Log:  copied: "/opt/homebrew/share/qt/qml/QtQuick/Controls/FluentWinUI3/light/images/combobox-background-hovered@2x.png"
Log:  to "build_release/bin/FocusForgeApp.app/Contents/Resources/qml/QtQuick/Controls/FluentWinUI3/light/images/combobox-background-hovered@2x.png"
Log:  copied: "/opt/homebrew/share/qt/qml/QtQuick/Controls/FluentWinUI3/light/images/combobox-background-hovered@3x.png"
Log:  to "build_release/bin/FocusForgeApp.app/Contents/Resources/qml/QtQuick/Controls/FluentWinUI3/light/images/combobox-background-hovered@3x.png"
Log:  copied: "/opt/homebrew/share/qt/qml/QtQuick/Controls/FluentWinUI3/light/images/combobox-background-open-pressed.png"
Log:  to "build_release/bin/FocusForgeApp.app/Contents/Resources/qml/QtQuick/Controls/FluentWinUI3/light/images/combobox-background-open-pressed.png"
Log:  copied: "/opt/homebrew/share/qt/qml/QtQuick/Controls/FluentWinUI3/light/images/combobox-background-open-pressed@2x.png"
Log:  to "build_release/bin/FocusForgeApp.app/Contents/Resources/qml/QtQuick/Controls/FluentWinUI3/light/images/combobox-background-open-pressed@2x.png"
Log:  copied: "/opt/homebrew/share/qt/qml/QtQuick/Controls/FluentWinUI3/light/images/combobox-background-open-pressed@3x.png"
Log:  to "build_release/bin/FocusForgeApp.app/Contents/Resources/qml/QtQuick/Controls/FluentWinUI3/light/images/combobox-background-open-pressed@3x.png"
Log:  copied: "/opt/homebrew/share/qt/qml/QtQuick/Controls/FluentWinUI3/light/images/combobox-background-open.png"
Log:  to "build_release/bin/FocusForgeApp.app/Contents/Resources/qml/QtQuick/Controls/FluentWinUI3/light/images/combobox-background-open.png"
Log:  copied: "/opt/homebrew/share/qt/qml/QtQuick/Controls/FluentWinUI3/light/images/combobox-background-open@2x.png"
Log:  to "build_release/bin/FocusForgeApp.app/Contents/Resources/qml/QtQuick/Controls/FluentWinUI3/light/images/combobox-background-open@2x.png"
Log:  copied: "/opt/homebrew/share/qt/qml/QtQuick/Controls/FluentWinUI3/light/images/combobox-background-open@3x.png"
Log:  to "build_release/bin/FocusForgeApp.app/Contents/Resources/qml/QtQuick/Controls/FluentWinUI3/light/images/combobox-background-open@3x.png"
Log:  copied: "/opt/homebrew/share/qt/qml/QtQuick/Controls/FluentWinUI3/light/images/combobox-background-pressed.png"
Log:  to "build_release/bin/FocusForgeApp.app/Contents/Resources/qml/QtQuick/Controls/FluentWinUI3/light/images/combobox-background-pressed.png"
Log:  copied: "/opt/homebrew/share/qt/qml/QtQuick/Controls/FluentWinUI3/light/images/combobox-background-pressed@2x.png"
Log:  to "build_release/bin/FocusForgeApp.app/Contents/Resources/qml/QtQuick/Controls/FluentWinUI3/light/images/combobox-background-pressed@2x.png"
Log:  copied: "/opt/homebrew/share/qt/qml/QtQuick/Controls/FluentWinUI3/light/images/combobox-background-pressed@3x.png"
Log:  to "build_release/bin/FocusForgeApp.app/Contents/Resources/qml/QtQuick/Controls/FluentWinUI3/light/images/combobox-background-pressed@3x.png"
Log:  copied: "/opt/homebrew/share/qt/qml/QtQuick/Controls/FluentWinUI3/light/images/combobox-background.png"
Log:  to "build_release/bin/FocusForgeApp.app/Contents/Resources/qml/QtQuick/Controls/FluentWinUI3/light/images/combobox-background.png"
Log:  copied: "/opt/homebrew/share/qt/qml/QtQuick/Controls/FluentWinUI3/light/images/combobox-background@2x.png"
Log:  to "build_release/bin/FocusForgeApp.app/Contents/Resources/qml/QtQuick/Controls/FluentWinUI3/light/images/combobox-background@2x.png"
Log:  copied: "/opt/homebrew/share/qt/qml/QtQuick/Controls/FluentWinUI3/light/images/combobox-background@3x.png"
Log:  to "build_release/bin/FocusForgeApp.app/Contents/Resources/qml/QtQuick/Controls/FluentWinUI3/light/images/combobox-background@3x.png"
Log:  copied: "/opt/homebrew/share/qt/qml/QtQuick/Controls/FluentWinUI3/light/images/combobox-indicator-disabled.png"
Log:  to "build_release/bin/FocusForgeApp.app/Contents/Resources/qml/QtQuick/Controls/FluentWinUI3/light/images/combobox-indicator-disabled.png"
Log:  copied: "/opt/homebrew/share/qt/qml/QtQuick/Controls/FluentWinUI3/light/images/combobox-indicator-disabled@2x.png"
Log:  to "build_release/bin/FocusForgeApp.app/Contents/Resources/qml/QtQuick/Controls/FluentWinUI3/light/images/combobox-indicator-disabled@2x.png"
Log:  copied: "/opt/homebrew/share/qt/qml/QtQuick/Controls/FluentWinUI3/light/images/combobox-indicator-disabled@3x.png"
Log:  to "build_release/bin/FocusForgeApp.app/Contents/Resources/qml/QtQuick/Controls/FluentWinUI3/light/images/combobox-indicator-disabled@3x.png"
Log:  copied: "/opt/homebrew/share/qt/qml/QtQuick/Controls/FluentWinUI3/light/images/combobox-indicator-focused.png"
Log:  to "build_release/bin/FocusForgeApp.app/Contents/Resources/qml/QtQuick/Controls/FluentWinUI3/light/images/combobox-indicator-focused.png"
Log:  copied: "/opt/homebrew/share/qt/qml/QtQuick/Controls/FluentWinUI3/light/images/combobox-indicator-focused@2x.png"
Log:  to "build_release/bin/FocusForgeApp.app/Contents/Resources/qml/QtQuick/Controls/FluentWinUI3/light/images/combobox-indicator-focused@2x.png"
Log:  copied: "/opt/homebrew/share/qt/qml/QtQuick/Controls/FluentWinUI3/light/images/combobox-indicator-focused@3x.png"
Log:  to "build_release/bin/FocusForgeApp.app/Contents/Resources/qml/QtQuick/Controls/FluentWinUI3/light/images/combobox-indicator-focused@3x.png"
Log:  copied: "/opt/homebrew/share/qt/qml/QtQuick/Controls/FluentWinUI3/light/images/combobox-indicator-hovered-open.png"
Log:  to "build_release/bin/FocusForgeApp.app/Contents/Resources/qml/QtQuick/Controls/FluentWinUI3/light/images/combobox-indicator-hovered-open.png"
Log:  copied: "/opt/homebrew/share/qt/qml/QtQuick/Controls/FluentWinUI3/light/images/combobox-indicator-hovered-open@2x.png"
Log:  to "build_release/bin/FocusForgeApp.app/Contents/Resources/qml/QtQuick/Controls/FluentWinUI3/light/images/combobox-indicator-hovered-open@2x.png"
Log:  copied: "/opt/homebrew/share/qt/qml/QtQuick/Controls/FluentWinUI3/light/images/combobox-indicator-hovered-open@3x.png"
Log:  to "build_release/bin/FocusForgeApp.app/Contents/Resources/qml/QtQuick/Controls/FluentWinUI3/light/images/combobox-indicator-hovered-open@3x.png"
Log:  copied: "/opt/homebrew/share/qt/qml/QtQuick/Controls/FluentWinUI3/light/images/combobox-indicator-hovered.png"
Log:  to "build_release/bin/FocusForgeApp.app/Contents/Resources/qml/QtQuick/Controls/FluentWinUI3/light/images/combobox-indicator-hovered.png"
Log:  copied: "/opt/homebrew/share/qt/qml/QtQuick/Controls/FluentWinUI3/light/images/combobox-indicator-hovered@2x.png"
Log:  to "build_release/bin/FocusForgeApp.app/Contents/Resources/qml/QtQuick/Controls/FluentWinUI3/light/images/combobox-indicator-hovered@2x.png"
Log:  copied: "/opt/homebrew/share/qt/qml/QtQuick/Controls/FluentWinUI3/light/images/combobox-indicator-hovered@3x.png"
Log:  to "build_release/bin/FocusForgeApp.app/Contents/Resources/qml/QtQuick/Controls/FluentWinUI3/light/images/combobox-indicator-hovered@3x.png"
Log:  copied: "/opt/homebrew/share/qt/qml/QtQuick/Controls/FluentWinUI3/light/images/combobox-indicator-open-pressed.png"
Log:  to "build_release/bin/FocusForgeApp.app/Contents/Resources/qml/QtQuick/Controls/FluentWinUI3/light/images/combobox-indicator-open-pressed.png"
Log:  copied: "/opt/homebrew/share/qt/qml/QtQuick/Controls/FluentWinUI3/light/images/combobox-indicator-open-pressed@2x.png"
Log:  to "build_release/bin/FocusForgeApp.app/Contents/Resources/qml/QtQuick/Controls/FluentWinUI3/light/images/combobox-indicator-open-pressed@2x.png"
Log:  copied: "/opt/homebrew/share/qt/qml/QtQuick/Controls/FluentWinUI3/light/images/combobox-indicator-open-pressed@3x.png"
Log:  to "build_release/bin/FocusForgeApp.app/Contents/Resources/qml/QtQuick/Controls/FluentWinUI3/light/images/combobox-indicator-open-pressed@3x.png"
Log:  copied: "/opt/homebrew/share/qt/qml/QtQuick/Controls/FluentWinUI3/light/images/combobox-indicator-open.png"
Log:  to "build_release/bin/FocusForgeApp.app/Contents/Resources/qml/QtQuick/Controls/FluentWinUI3/light/images/combobox-indicator-open.png"
Log:  copied: "/opt/homebrew/share/qt/qml/QtQuick/Controls/FluentWinUI3/light/images/combobox-indicator-open@2x.png"
Log:  to "build_release/bin/FocusForgeApp.app/Contents/Resources/qml/QtQuick/Controls/FluentWinUI3/light/images/combobox-indicator-open@2x.png"
Log:  copied: "/opt/homebrew/share/qt/qml/QtQuick/Controls/FluentWinUI3/light/images/combobox-indicator-open@3x.png"
Log:  to "build_release/bin/FocusForgeApp.app/Contents/Resources/qml/QtQuick/Controls/FluentWinUI3/light/images/combobox-indicator-open@3x.png"
Log:  copied: "/opt/homebrew/share/qt/qml/QtQuick/Controls/FluentWinUI3/light/images/combobox-indicator-pressed.png"
Log:  to "build_release/bin/FocusForgeApp.app/Contents/Resources/qml/QtQuick/Controls/FluentWinUI3/light/images/combobox-indicator-pressed.png"
Log:  copied: "/opt/homebrew/share/qt/qml/QtQuick/Controls/FluentWinUI3/light/images/combobox-indicator-pressed@2x.png"
Log:  to "build_release/bin/FocusForgeApp.app/Contents/Resources/qml/QtQuick/Controls/FluentWinUI3/light/images/combobox-indicator-pressed@2x.png"
Log:  copied: "/opt/homebrew/share/qt/qml/QtQuick/Controls/FluentWinUI3/light/images/combobox-indicator-pressed@3x.png"
Log:  to "build_release/bin/FocusForgeApp.app/Contents/Resources/qml/QtQuick/Controls/FluentWinUI3/light/images/combobox-indicator-pressed@3x.png"
Log:  copied: "/opt/homebrew/share/qt/qml/QtQuick/Controls/FluentWinUI3/light/images/combobox-indicator.png"
Log:  to "build_release/bin/FocusForgeApp.app/Contents/Resources/qml/QtQuick/Controls/FluentWinUI3/light/images/combobox-indicator.png"
Log:  copied: "/opt/homebrew/share/qt/qml/QtQuick/Controls/FluentWinUI3/light/images/combobox-indicator@2x.png"
Log:  to "build_release/bin/FocusForgeApp.app/Contents/Resources/qml/QtQuick/Controls/FluentWinUI3/light/images/combobox-indicator@2x.png"
Log:  copied: "/opt/homebrew/share/qt/qml/QtQuick/Controls/FluentWinUI3/light/images/combobox-indicator@3x.png"
Log:  to "build_release/bin/FocusForgeApp.app/Contents/Resources/qml/QtQuick/Controls/FluentWinUI3/light/images/combobox-indicator@3x.png"
Log:  copied: "/opt/homebrew/share/qt/qml/QtQuick/Controls/FluentWinUI3/light/images/editablecombobox-background-hovered-open.png"
Log:  to "build_release/bin/FocusForgeApp.app/Contents/Resources/qml/QtQuick/Controls/FluentWinUI3/light/images/editablecombobox-background-hovered-open.png"
Log:  copied: "/opt/homebrew/share/qt/qml/QtQuick/Controls/FluentWinUI3/light/images/editablecombobox-background-hovered-open@2x.png"
Log:  to "build_release/bin/FocusForgeApp.app/Contents/Resources/qml/QtQuick/Controls/FluentWinUI3/light/images/editablecombobox-background-hovered-open@2x.png"
Log:  copied: "/opt/homebrew/share/qt/qml/QtQuick/Controls/FluentWinUI3/light/images/editablecombobox-background-hovered-open@3x.png"
Log:  to "build_release/bin/FocusForgeApp.app/Contents/Resources/qml/QtQuick/Controls/FluentWinUI3/light/images/editablecombobox-background-hovered-open@3x.png"
Log:  copied: "/opt/homebrew/share/qt/qml/QtQuick/Controls/FluentWinUI3/light/images/editablecombobox-background-open-pressed.png"
Log:  to "build_release/bin/FocusForgeApp.app/Contents/Resources/qml/QtQuick/Controls/FluentWinUI3/light/images/editablecombobox-background-open-pressed.png"
Log:  copied: "/opt/homebrew/share/qt/qml/QtQuick/Controls/FluentWinUI3/light/images/editablecombobox-background-open-pressed@2x.png"
Log:  to "build_release/bin/FocusForgeApp.app/Contents/Resources/qml/QtQuick/Controls/FluentWinUI3/light/images/editablecombobox-background-open-pressed@2x.png"
Log:  copied: "/opt/homebrew/share/qt/qml/QtQuick/Controls/FluentWinUI3/light/images/editablecombobox-background-open-pressed@3x.png"
Log:  to "build_release/bin/FocusForgeApp.app/Contents/Resources/qml/QtQuick/Controls/FluentWinUI3/light/images/editablecombobox-background-open-pressed@3x.png"
Log:  copied: "/opt/homebrew/share/qt/qml/QtQuick/Controls/FluentWinUI3/light/images/editablecombobox-background-open.png"
Log:  to "build_release/bin/FocusForgeApp.app/Contents/Resources/qml/QtQuick/Controls/FluentWinUI3/light/images/editablecombobox-background-open.png"
Log:  copied: "/opt/homebrew/share/qt/qml/QtQuick/Controls/FluentWinUI3/light/images/editablecombobox-background-open@2x.png"
Log:  to "build_release/bin/FocusForgeApp.app/Contents/Resources/qml/QtQuick/Controls/FluentWinUI3/light/images/editablecombobox-background-open@2x.png"
Log:  copied: "/opt/homebrew/share/qt/qml/QtQuick/Controls/FluentWinUI3/light/images/editablecombobox-background-open@3x.png"
Log:  to "build_release/bin/FocusForgeApp.app/Contents/Resources/qml/QtQuick/Controls/FluentWinUI3/light/images/editablecombobox-background-open@3x.png"
Log:  copied: "/opt/homebrew/share/qt/qml/QtQuick/Controls/FluentWinUI3/light/images/editablecombobox-indicator-hovered-open.png"
Log:  to "build_release/bin/FocusForgeApp.app/Contents/Resources/qml/QtQuick/Controls/FluentWinUI3/light/images/editablecombobox-indicator-hovered-open.png"
Log:  copied: "/opt/homebrew/share/qt/qml/QtQuick/Controls/FluentWinUI3/light/images/editablecombobox-indicator-hovered-open@2x.png"
Log:  to "build_release/bin/FocusForgeApp.app/Contents/Resources/qml/QtQuick/Controls/FluentWinUI3/light/images/editablecombobox-indicator-hovered-open@2x.png"
Log:  copied: "/opt/homebrew/share/qt/qml/QtQuick/Controls/FluentWinUI3/light/images/editablecombobox-indicator-hovered-open@3x.png"
Log:  to "build_release/bin/FocusForgeApp.app/Contents/Resources/qml/QtQuick/Controls/FluentWinUI3/light/images/editablecombobox-indicator-hovered-open@3x.png"
Log:  copied: "/opt/homebrew/share/qt/qml/QtQuick/Controls/FluentWinUI3/light/images/editablecombobox-indicator-open-pressed.png"
Log:  to "build_release/bin/FocusForgeApp.app/Contents/Resources/qml/QtQuick/Controls/FluentWinUI3/light/images/editablecombobox-indicator-open-pressed.png"
Log:  copied: "/opt/homebrew/share/qt/qml/QtQuick/Controls/FluentWinUI3/light/images/editablecombobox-indicator-open-pressed@2x.png"
Log:  to "build_release/bin/FocusForgeApp.app/Contents/Resources/qml/QtQuick/Controls/FluentWinUI3/light/images/editablecombobox-indicator-open-pressed@2x.png"
Log:  copied: "/opt/homebrew/share/qt/qml/QtQuick/Controls/FluentWinUI3/light/images/editablecombobox-indicator-open-pressed@3x.png"
Log:  to "build_release/bin/FocusForgeApp.app/Contents/Resources/qml/QtQuick/Controls/FluentWinUI3/light/images/editablecombobox-indicator-open-pressed@3x.png"
Log:  copied: "/opt/homebrew/share/qt/qml/QtQuick/Controls/FluentWinUI3/light/images/editablecombobox-indicator-open.png"
Log:  to "build_release/bin/FocusForgeApp.app/Contents/Resources/qml/QtQuick/Controls/FluentWinUI3/light/images/editablecombobox-indicator-open.png"
Log:  copied: "/opt/homebrew/share/qt/qml/QtQuick/Controls/FluentWinUI3/light/images/editablecombobox-indicator-open@2x.png"
Log:  to "build_release/bin/FocusForgeApp.app/Contents/Resources/qml/QtQuick/Controls/FluentWinUI3/light/images/editablecombobox-indicator-open@2x.png"
Log:  copied: "/opt/homebrew/share/qt/qml/QtQuick/Controls/FluentWinUI3/light/images/editablecombobox-indicator-open@3x.png"
Log:  to "build_release/bin/FocusForgeApp.app/Contents/Resources/qml/QtQuick/Controls/FluentWinUI3/light/images/editablecombobox-indicator-open@3x.png"
Log:  copied: "/opt/homebrew/share/qt/qml/QtQuick/Controls/FluentWinUI3/light/images/editablecombobox-popup-background-hovered-open.png"
Log:  to "build_release/bin/FocusForgeApp.app/Contents/Resources/qml/QtQuick/Controls/FluentWinUI3/light/images/editablecombobox-popup-background-hovered-open.png"
Log:  copied: "/opt/homebrew/share/qt/qml/QtQuick/Controls/FluentWinUI3/light/images/editablecombobox-popup-background-hovered-open@2x.png"
Log:  to "build_release/bin/FocusForgeApp.app/Contents/Resources/qml/QtQuick/Controls/FluentWinUI3/light/images/editablecombobox-popup-background-hovered-open@2x.png"
Log:  copied: "/opt/homebrew/share/qt/qml/QtQuick/Controls/FluentWinUI3/light/images/editablecombobox-popup-background-hovered-open@3x.png"
Log:  to "build_release/bin/FocusForgeApp.app/Contents/Resources/qml/QtQuick/Controls/FluentWinUI3/light/images/editablecombobox-popup-background-hovered-open@3x.png"
Log:  copied: "/opt/homebrew/share/qt/qml/QtQuick/Controls/FluentWinUI3/light/images/editablecombobox-popup-background-open-pressed.png"
Log:  to "build_release/bin/FocusForgeApp.app/Contents/Resources/qml/QtQuick/Controls/FluentWinUI3/light/images/editablecombobox-popup-background-open-pressed.png"
Log:  copied: "/opt/homebrew/share/qt/qml/QtQuick/Controls/FluentWinUI3/light/images/editablecombobox-popup-background-open-pressed@2x.png"
Log:  to "build_release/bin/FocusForgeApp.app/Contents/Resources/qml/QtQuick/Controls/FluentWinUI3/light/images/editablecombobox-popup-background-open-pressed@2x.png"
Log:  copied: "/opt/homebrew/share/qt/qml/QtQuick/Controls/FluentWinUI3/light/images/editablecombobox-popup-background-open-pressed@3x.png"
Log:  to "build_release/bin/FocusForgeApp.app/Contents/Resources/qml/QtQuick/Controls/FluentWinUI3/light/images/editablecombobox-popup-background-open-pressed@3x.png"
Log:  copied: "/opt/homebrew/share/qt/qml/QtQuick/Controls/FluentWinUI3/light/images/editablecombobox-popup-background-open.png"
Log:  to "build_release/bin/FocusForgeApp.app/Contents/Resources/qml/QtQuick/Controls/FluentWinUI3/light/images/editablecombobox-popup-background-open.png"
Log:  copied: "/opt/homebrew/share/qt/qml/QtQuick/Controls/FluentWinUI3/light/images/editablecombobox-popup-background-open@2x.png"
Log:  to "build_release/bin/FocusForgeApp.app/Contents/Resources/qml/QtQuick/Controls/FluentWinUI3/light/images/editablecombobox-popup-background-open@2x.png"
Log:  copied: "/opt/homebrew/share/qt/qml/QtQuick/Controls/FluentWinUI3/light/images/editablecombobox-popup-background-open@3x.png"
Log:  to "build_release/bin/FocusForgeApp.app/Contents/Resources/qml/QtQuick/Controls/FluentWinUI3/light/images/editablecombobox-popup-background-open@3x.png"
Log:  copied: "/opt/homebrew/share/qt/qml/QtQuick/Controls/FluentWinUI3/light/images/frame-background-disabled.png"
Log:  to "build_release/bin/FocusForgeApp.app/Contents/Resources/qml/QtQuick/Controls/FluentWinUI3/light/images/frame-background-disabled.png"
Log:  copied: "/opt/homebrew/share/qt/qml/QtQuick/Controls/FluentWinUI3/light/images/frame-background-disabled@2x.png"
Log:  to "build_release/bin/FocusForgeApp.app/Contents/Resources/qml/QtQuick/Controls/FluentWinUI3/light/images/frame-background-disabled@2x.png"
Log:  copied: "/opt/homebrew/share/qt/qml/QtQuick/Controls/FluentWinUI3/light/images/frame-background-disabled@3x.png"
Log:  to "build_release/bin/FocusForgeApp.app/Contents/Resources/qml/QtQuick/Controls/FluentWinUI3/light/images/frame-background-disabled@3x.png"
Log:  copied: "/opt/homebrew/share/qt/qml/QtQuick/Controls/FluentWinUI3/light/images/frame-background.png"
Log:  to "build_release/bin/FocusForgeApp.app/Contents/Resources/qml/QtQuick/Controls/FluentWinUI3/light/images/frame-background.png"
Log:  copied: "/opt/homebrew/share/qt/qml/QtQuick/Controls/FluentWinUI3/light/images/frame-background@2x.png"
Log:  to "build_release/bin/FocusForgeApp.app/Contents/Resources/qml/QtQuick/Controls/FluentWinUI3/light/images/frame-background@2x.png"
Log:  copied: "/opt/homebrew/share/qt/qml/QtQuick/Controls/FluentWinUI3/light/images/frame-background@3x.png"
Log:  to "build_release/bin/FocusForgeApp.app/Contents/Resources/qml/QtQuick/Controls/FluentWinUI3/light/images/frame-background@3x.png"
Log:  copied: "/opt/homebrew/share/qt/qml/QtQuick/Controls/FluentWinUI3/light/images/itemdelegate-background-highlighted-hovered.png"
Log:  to "build_release/bin/FocusForgeApp.app/Contents/Resources/qml/QtQuick/Controls/FluentWinUI3/light/images/itemdelegate-background-highlighted-hovered.png"
Log:  copied: "/opt/homebrew/share/qt/qml/QtQuick/Controls/FluentWinUI3/light/images/itemdelegate-background-highlighted-hovered@2x.png"
Log:  to "build_release/bin/FocusForgeApp.app/Contents/Resources/qml/QtQuick/Controls/FluentWinUI3/light/images/itemdelegate-background-highlighted-hovered@2x.png"
Log:  copied: "/opt/homebrew/share/qt/qml/QtQuick/Controls/FluentWinUI3/light/images/itemdelegate-background-highlighted-hovered@3x.png"
Log:  to "build_release/bin/FocusForgeApp.app/Contents/Resources/qml/QtQuick/Controls/FluentWinUI3/light/images/itemdelegate-background-highlighted-hovered@3x.png"
Log:  copied: "/opt/homebrew/share/qt/qml/QtQuick/Controls/FluentWinUI3/light/images/itemdelegate-background-highlighted-pressed.png"
Log:  to "build_release/bin/FocusForgeApp.app/Contents/Resources/qml/QtQuick/Controls/FluentWinUI3/light/images/itemdelegate-background-highlighted-pressed.png"
Log:  copied: "/opt/homebrew/share/qt/qml/QtQuick/Controls/FluentWinUI3/light/images/itemdelegate-background-highlighted-pressed@2x.png"
Log:  to "build_release/bin/FocusForgeApp.app/Contents/Resources/qml/QtQuick/Controls/FluentWinUI3/light/images/itemdelegate-background-highlighted-pressed@2x.png"
Log:  copied: "/opt/homebrew/share/qt/qml/QtQuick/Controls/FluentWinUI3/light/images/itemdelegate-background-highlighted-pressed@3x.png"
Log:  to "build_release/bin/FocusForgeApp.app/Contents/Resources/qml/QtQuick/Controls/FluentWinUI3/light/images/itemdelegate-background-highlighted-pressed@3x.png"
Log:  copied: "/opt/homebrew/share/qt/qml/QtQuick/Controls/FluentWinUI3/light/images/itemdelegate-background-highlighted.png"
Log:  to "build_release/bin/FocusForgeApp.app/Contents/Resources/qml/QtQuick/Controls/FluentWinUI3/light/images/itemdelegate-background-highlighted.png"
Log:  copied: "/opt/homebrew/share/qt/qml/QtQuick/Controls/FluentWinUI3/light/images/itemdelegate-background-highlighted@2x.png"
Log:  to "build_release/bin/FocusForgeApp.app/Contents/Resources/qml/QtQuick/Controls/FluentWinUI3/light/images/itemdelegate-background-highlighted@2x.png"
Log:  copied: "/opt/homebrew/share/qt/qml/QtQuick/Controls/FluentWinUI3/light/images/itemdelegate-background-highlighted@3x.png"
Log:  to "build_release/bin/FocusForgeApp.app/Contents/Resources/qml/QtQuick/Controls/FluentWinUI3/light/images/itemdelegate-background-highlighted@3x.png"
Log:  copied: "/opt/homebrew/share/qt/qml/QtQuick/Controls/FluentWinUI3/light/images/itemdelegate-background-hovered.png"
Log:  to "build_release/bin/FocusForgeApp.app/Contents/Resources/qml/QtQuick/Controls/FluentWinUI3/light/images/itemdelegate-background-hovered.png"
Log:  copied: "/opt/homebrew/share/qt/qml/QtQuick/Controls/FluentWinUI3/light/images/itemdelegate-background-hovered@2x.png"
Log:  to "build_release/bin/FocusForgeApp.app/Contents/Resources/qml/QtQuick/Controls/FluentWinUI3/light/images/itemdelegate-background-hovered@2x.png"
Log:  copied: "/opt/homebrew/share/qt/qml/QtQuick/Controls/FluentWinUI3/light/images/itemdelegate-background-hovered@3x.png"
Log:  to "build_release/bin/FocusForgeApp.app/Contents/Resources/qml/QtQuick/Controls/FluentWinUI3/light/images/itemdelegate-background-hovered@3x.png"
Log:  copied: "/opt/homebrew/share/qt/qml/QtQuick/Controls/FluentWinUI3/light/images/itemdelegate-background-pressed.png"
Log:  to "build_release/bin/FocusForgeApp.app/Contents/Resources/qml/QtQuick/Controls/FluentWinUI3/light/images/itemdelegate-background-pressed.png"
Log:  copied: "/opt/homebrew/share/qt/qml/QtQuick/Controls/FluentWinUI3/light/images/itemdelegate-background-pressed@2x.png"
Log:  to "build_release/bin/FocusForgeApp.app/Contents/Resources/qml/QtQuick/Controls/FluentWinUI3/light/images/itemdelegate-background-pressed@2x.png"
Log:  copied: "/opt/homebrew/share/qt/qml/QtQuick/Controls/FluentWinUI3/light/images/itemdelegate-background-pressed@3x.png"
Log:  to "build_release/bin/FocusForgeApp.app/Contents/Resources/qml/QtQuick/Controls/FluentWinUI3/light/images/itemdelegate-background-pressed@3x.png"
Log:  copied: "/opt/homebrew/share/qt/qml/QtQuick/Controls/FluentWinUI3/light/images/pageindicatordelegate-indicator-delegate-current-hovered.png"
Log:  to "build_release/bin/FocusForgeApp.app/Contents/Resources/qml/QtQuick/Controls/FluentWinUI3/light/images/pageindicatordelegate-indicator-delegate-current-hovered.png"
Log:  copied: "/opt/homebrew/share/qt/qml/QtQuick/Controls/FluentWinUI3/light/images/pageindicatordelegate-indicator-delegate-current-hovered@2x.png"
Log:  to "build_release/bin/FocusForgeApp.app/Contents/Resources/qml/QtQuick/Controls/FluentWinUI3/light/images/pageindicatordelegate-indicator-delegate-current-hovered@2x.png"
Log:  copied: "/opt/homebrew/share/qt/qml/QtQuick/Controls/FluentWinUI3/light/images/pageindicatordelegate-indicator-delegate-current-hovered@3x.png"
Log:  to "build_release/bin/FocusForgeApp.app/Contents/Resources/qml/QtQuick/Controls/FluentWinUI3/light/images/pageindicatordelegate-indicator-delegate-current-hovered@3x.png"
Log:  copied: "/opt/homebrew/share/qt/qml/QtQuick/Controls/FluentWinUI3/light/images/pageindicatordelegate-indicator-delegate-current-pressed.png"
Log:  to "build_release/bin/FocusForgeApp.app/Contents/Resources/qml/QtQuick/Controls/FluentWinUI3/light/images/pageindicatordelegate-indicator-delegate-current-pressed.png"
Log:  copied: "/opt/homebrew/share/qt/qml/QtQuick/Controls/FluentWinUI3/light/images/pageindicatordelegate-indicator-delegate-current-pressed@2x.png"
Log:  to "build_release/bin/FocusForgeApp.app/Contents/Resources/qml/QtQuick/Controls/FluentWinUI3/light/images/pageindicatordelegate-indicator-delegate-current-pressed@2x.png"
Log:  copied: "/opt/homebrew/share/qt/qml/QtQuick/Controls/FluentWinUI3/light/images/pageindicatordelegate-indicator-delegate-current-pressed@3x.png"
Log:  to "build_release/bin/FocusForgeApp.app/Contents/Resources/qml/QtQuick/Controls/FluentWinUI3/light/images/pageindicatordelegate-indicator-delegate-current-pressed@3x.png"
Log:  copied: "/opt/homebrew/share/qt/qml/QtQuick/Controls/FluentWinUI3/light/images/pageindicatordelegate-indicator-delegate-current.png"
Log:  to "build_release/bin/FocusForgeApp.app/Contents/Resources/qml/QtQuick/Controls/FluentWinUI3/light/images/pageindicatordelegate-indicator-delegate-current.png"
Log:  copied: "/opt/homebrew/share/qt/qml/QtQuick/Controls/FluentWinUI3/light/images/pageindicatordelegate-indicator-delegate-current@2x.png"
Log:  to "build_release/bin/FocusForgeApp.app/Contents/Resources/qml/QtQuick/Controls/FluentWinUI3/light/images/pageindicatordelegate-indicator-delegate-current@2x.png"
Log:  copied: "/opt/homebrew/share/qt/qml/QtQuick/Controls/FluentWinUI3/light/images/pageindicatordelegate-indicator-delegate-current@3x.png"
Log:  to "build_release/bin/FocusForgeApp.app/Contents/Resources/qml/QtQuick/Controls/FluentWinUI3/light/images/pageindicatordelegate-indicator-delegate-current@3x.png"
Log:  copied: "/opt/homebrew/share/qt/qml/QtQuick/Controls/FluentWinUI3/light/images/pageindicatordelegate-indicator-delegate-pressed.png"
Log:  to "build_release/bin/FocusForgeApp.app/Contents/Resources/qml/QtQuick/Controls/FluentWinUI3/light/images/pageindicatordelegate-indicator-delegate-pressed.png"
Log:  copied: "/opt/homebrew/share/qt/qml/QtQuick/Controls/FluentWinUI3/light/images/pageindicatordelegate-indicator-delegate-pressed@2x.png"
Log:  to "build_release/bin/FocusForgeApp.app/Contents/Resources/qml/QtQuick/Controls/FluentWinUI3/light/images/pageindicatordelegate-indicator-delegate-pressed@2x.png"
Log:  copied: "/opt/homebrew/share/qt/qml/QtQuick/Controls/FluentWinUI3/light/images/pageindicatordelegate-indicator-delegate-pressed@3x.png"
Log:  to "build_release/bin/FocusForgeApp.app/Contents/Resources/qml/QtQuick/Controls/FluentWinUI3/light/images/pageindicatordelegate-indicator-delegate-pressed@3x.png"
Log:  copied: "/opt/homebrew/share/qt/qml/QtQuick/Controls/FluentWinUI3/light/images/pageindicatordelegate-indicator-disabled.png"
Log:  to "build_release/bin/FocusForgeApp.app/Contents/Resources/qml/QtQuick/Controls/FluentWinUI3/light/images/pageindicatordelegate-indicator-disabled.png"
Log:  copied: "/opt/homebrew/share/qt/qml/QtQuick/Controls/FluentWinUI3/light/images/pageindicatordelegate-indicator-disabled@2x.png"
Log:  to "build_release/bin/FocusForgeApp.app/Contents/Resources/qml/QtQuick/Controls/FluentWinUI3/light/images/pageindicatordelegate-indicator-disabled@2x.png"
Log:  copied: "/opt/homebrew/share/qt/qml/QtQuick/Controls/FluentWinUI3/light/images/pageindicatordelegate-indicator-disabled@3x.png"
Log:  to "build_release/bin/FocusForgeApp.app/Contents/Resources/qml/QtQuick/Controls/FluentWinUI3/light/images/pageindicatordelegate-indicator-disabled@3x.png"
Log:  copied: "/opt/homebrew/share/qt/qml/QtQuick/Controls/FluentWinUI3/light/images/pageindicatordelegate-indicator-hovered.png"
Log:  to "build_release/bin/FocusForgeApp.app/Contents/Resources/qml/QtQuick/Controls/FluentWinUI3/light/images/pageindicatordelegate-indicator-hovered.png"
Log:  copied: "/opt/homebrew/share/qt/qml/QtQuick/Controls/FluentWinUI3/light/images/pageindicatordelegate-indicator-hovered@2x.png"
Log:  to "build_release/bin/FocusForgeApp.app/Contents/Resources/qml/QtQuick/Controls/FluentWinUI3/light/images/pageindicatordelegate-indicator-hovered@2x.png"
Log:  copied: "/opt/homebrew/share/qt/qml/QtQuick/Controls/FluentWinUI3/light/images/pageindicatordelegate-indicator-hovered@3x.png"
Log:  to "build_release/bin/FocusForgeApp.app/Contents/Resources/qml/QtQuick/Controls/FluentWinUI3/light/images/pageindicatordelegate-indicator-hovered@3x.png"
Log:  copied: "/opt/homebrew/share/qt/qml/QtQuick/Controls/FluentWinUI3/light/images/pageindicatordelegate-indicator.png"
Log:  to "build_release/bin/FocusForgeApp.app/Contents/Resources/qml/QtQuick/Controls/FluentWinUI3/light/images/pageindicatordelegate-indicator.png"
Log:  copied: "/opt/homebrew/share/qt/qml/QtQuick/Controls/FluentWinUI3/light/images/pageindicatordelegate-indicator@2x.png"
Log:  to "build_release/bin/FocusForgeApp.app/Contents/Resources/qml/QtQuick/Controls/FluentWinUI3/light/images/pageindicatordelegate-indicator@2x.png"
Log:  copied: "/opt/homebrew/share/qt/qml/QtQuick/Controls/FluentWinUI3/light/images/pageindicatordelegate-indicator@3x.png"
Log:  to "build_release/bin/FocusForgeApp.app/Contents/Resources/qml/QtQuick/Controls/FluentWinUI3/light/images/pageindicatordelegate-indicator@3x.png"
Log:  copied: "/opt/homebrew/share/qt/qml/QtQuick/Controls/FluentWinUI3/light/images/popup-background.png"
Log:  to "build_release/bin/FocusForgeApp.app/Contents/Resources/qml/QtQuick/Controls/FluentWinUI3/light/images/popup-background.png"
Log:  copied: "/opt/homebrew/share/qt/qml/QtQuick/Controls/FluentWinUI3/light/images/popup-background@2x.png"
Log:  to "build_release/bin/FocusForgeApp.app/Contents/Resources/qml/QtQuick/Controls/FluentWinUI3/light/images/popup-background@2x.png"
Log:  copied: "/opt/homebrew/share/qt/qml/QtQuick/Controls/FluentWinUI3/light/images/popup-background@3x.png"
Log:  to "build_release/bin/FocusForgeApp.app/Contents/Resources/qml/QtQuick/Controls/FluentWinUI3/light/images/popup-background@3x.png"
Log:  copied: "/opt/homebrew/share/qt/qml/QtQuick/Controls/FluentWinUI3/light/images/progressbar-groove-disabled.png"
Log:  to "build_release/bin/FocusForgeApp.app/Contents/Resources/qml/QtQuick/Controls/FluentWinUI3/light/images/progressbar-groove-disabled.png"
Log:  copied: "/opt/homebrew/share/qt/qml/QtQuick/Controls/FluentWinUI3/light/images/progressbar-groove-disabled@2x.png"
Log:  to "build_release/bin/FocusForgeApp.app/Contents/Resources/qml/QtQuick/Controls/FluentWinUI3/light/images/progressbar-groove-disabled@2x.png"
Log:  copied: "/opt/homebrew/share/qt/qml/QtQuick/Controls/FluentWinUI3/light/images/progressbar-groove-disabled@3x.png"
Log:  to "build_release/bin/FocusForgeApp.app/Contents/Resources/qml/QtQuick/Controls/FluentWinUI3/light/images/progressbar-groove-disabled@3x.png"
Log:  copied: "/opt/homebrew/share/qt/qml/QtQuick/Controls/FluentWinUI3/light/images/progressbar-groove.png"
Log:  to "build_release/bin/FocusForgeApp.app/Contents/Resources/qml/QtQuick/Controls/FluentWinUI3/light/images/progressbar-groove.png"
Log:  copied: "/opt/homebrew/share/qt/qml/QtQuick/Controls/FluentWinUI3/light/images/progressbar-groove@2x.png"
Log:  to "build_release/bin/FocusForgeApp.app/Contents/Resources/qml/QtQuick/Controls/FluentWinUI3/light/images/progressbar-groove@2x.png"
Log:  copied: "/opt/homebrew/share/qt/qml/QtQuick/Controls/FluentWinUI3/light/images/progressbar-groove@3x.png"
Log:  to "build_release/bin/FocusForgeApp.app/Contents/Resources/qml/QtQuick/Controls/FluentWinUI3/light/images/progressbar-groove@3x.png"
Log:  copied: "/opt/homebrew/share/qt/qml/QtQuick/Controls/FluentWinUI3/light/images/radiobutton-indicator-checked-disabled.png"
Log:  to "build_release/bin/FocusForgeApp.app/Contents/Resources/qml/QtQuick/Controls/FluentWinUI3/light/images/radiobutton-indicator-checked-disabled.png"
Log:  copied: "/opt/homebrew/share/qt/qml/QtQuick/Controls/FluentWinUI3/light/images/radiobutton-indicator-checked-disabled@2x.png"
Log:  to "build_release/bin/FocusForgeApp.app/Contents/Resources/qml/QtQuick/Controls/FluentWinUI3/light/images/radiobutton-indicator-checked-disabled@2x.png"
Log:  copied: "/opt/homebrew/share/qt/qml/QtQuick/Controls/FluentWinUI3/light/images/radiobutton-indicator-checked-disabled@3x.png"
Log:  to "build_release/bin/FocusForgeApp.app/Contents/Resources/qml/QtQuick/Controls/FluentWinUI3/light/images/radiobutton-indicator-checked-disabled@3x.png"
Log:  copied: "/opt/homebrew/share/qt/qml/QtQuick/Controls/FluentWinUI3/light/images/radiobutton-indicator-checked-hovered.png"
Log:  to "build_release/bin/FocusForgeApp.app/Contents/Resources/qml/QtQuick/Controls/FluentWinUI3/light/images/radiobutton-indicator-checked-hovered.png"
Log:  copied: "/opt/homebrew/share/qt/qml/QtQuick/Controls/FluentWinUI3/light/images/radiobutton-indicator-checked-hovered@2x.png"
Log:  to "build_release/bin/FocusForgeApp.app/Contents/Resources/qml/QtQuick/Controls/FluentWinUI3/light/images/radiobutton-indicator-checked-hovered@2x.png"
Log:  copied: "/opt/homebrew/share/qt/qml/QtQuick/Controls/FluentWinUI3/light/images/radiobutton-indicator-checked-hovered@3x.png"
Log:  to "build_release/bin/FocusForgeApp.app/Contents/Resources/qml/QtQuick/Controls/FluentWinUI3/light/images/radiobutton-indicator-checked-hovered@3x.png"
Log:  copied: "/opt/homebrew/share/qt/qml/QtQuick/Controls/FluentWinUI3/light/images/radiobutton-indicator-checked-pressed.png"
Log:  to "build_release/bin/FocusForgeApp.app/Contents/Resources/qml/QtQuick/Controls/FluentWinUI3/light/images/radiobutton-indicator-checked-pressed.png"
Log:  copied: "/opt/homebrew/share/qt/qml/QtQuick/Controls/FluentWinUI3/light/images/radiobutton-indicator-checked-pressed@2x.png"
Log:  to "build_release/bin/FocusForgeApp.app/Contents/Resources/qml/QtQuick/Controls/FluentWinUI3/light/images/radiobutton-indicator-checked-pressed@2x.png"
Log:  copied: "/opt/homebrew/share/qt/qml/QtQuick/Controls/FluentWinUI3/light/images/radiobutton-indicator-checked-pressed@3x.png"
Log:  to "build_release/bin/FocusForgeApp.app/Contents/Resources/qml/QtQuick/Controls/FluentWinUI3/light/images/radiobutton-indicator-checked-pressed@3x.png"
Log:  copied: "/opt/homebrew/share/qt/qml/QtQuick/Controls/FluentWinUI3/light/images/radiobutton-indicator-checked.png"
Log:  to "build_release/bin/FocusForgeApp.app/Contents/Resources/qml/QtQuick/Controls/FluentWinUI3/light/images/radiobutton-indicator-checked.png"
Log:  copied: "/opt/homebrew/share/qt/qml/QtQuick/Controls/FluentWinUI3/light/images/radiobutton-indicator-checked@2x.png"
Log:  to "build_release/bin/FocusForgeApp.app/Contents/Resources/qml/QtQuick/Controls/FluentWinUI3/light/images/radiobutton-indicator-checked@2x.png"
Log:  copied: "/opt/homebrew/share/qt/qml/QtQuick/Controls/FluentWinUI3/light/images/radiobutton-indicator-checked@3x.png"
Log:  to "build_release/bin/FocusForgeApp.app/Contents/Resources/qml/QtQuick/Controls/FluentWinUI3/light/images/radiobutton-indicator-checked@3x.png"
Log:  copied: "/opt/homebrew/share/qt/qml/QtQuick/Controls/FluentWinUI3/light/images/radiobutton-indicator-disabled.png"
Log:  to "build_release/bin/FocusForgeApp.app/Contents/Resources/qml/QtQuick/Controls/FluentWinUI3/light/images/radiobutton-indicator-disabled.png"
Log:  copied: "/opt/homebrew/share/qt/qml/QtQuick/Controls/FluentWinUI3/light/images/radiobutton-indicator-disabled@2x.png"
Log:  to "build_release/bin/FocusForgeApp.app/Contents/Resources/qml/QtQuick/Controls/FluentWinUI3/light/images/radiobutton-indicator-disabled@2x.png"
Log:  copied: "/opt/homebrew/share/qt/qml/QtQuick/Controls/FluentWinUI3/light/images/radiobutton-indicator-disabled@3x.png"
Log:  to "build_release/bin/FocusForgeApp.app/Contents/Resources/qml/QtQuick/Controls/FluentWinUI3/light/images/radiobutton-indicator-disabled@3x.png"
Log:  copied: "/opt/homebrew/share/qt/qml/QtQuick/Controls/FluentWinUI3/light/images/radiobutton-indicator-hovered.png"
Log:  to "build_release/bin/FocusForgeApp.app/Contents/Resources/qml/QtQuick/Controls/FluentWinUI3/light/images/radiobutton-indicator-hovered.png"
Log:  copied: "/opt/homebrew/share/qt/qml/QtQuick/Controls/FluentWinUI3/light/images/radiobutton-indicator-hovered@2x.png"
Log:  to "build_release/bin/FocusForgeApp.app/Contents/Resources/qml/QtQuick/Controls/FluentWinUI3/light/images/radiobutton-indicator-hovered@2x.png"
Log:  copied: "/opt/homebrew/share/qt/qml/QtQuick/Controls/FluentWinUI3/light/images/radiobutton-indicator-hovered@3x.png"
Log:  to "build_release/bin/FocusForgeApp.app/Contents/Resources/qml/QtQuick/Controls/FluentWinUI3/light/images/radiobutton-indicator-hovered@3x.png"
Log:  copied: "/opt/homebrew/share/qt/qml/QtQuick/Controls/FluentWinUI3/light/images/radiobutton-indicator-pressed.png"
Log:  to "build_release/bin/FocusForgeApp.app/Contents/Resources/qml/QtQuick/Controls/FluentWinUI3/light/images/radiobutton-indicator-pressed.png"
Log:  copied: "/opt/homebrew/share/qt/qml/QtQuick/Controls/FluentWinUI3/light/images/radiobutton-indicator-pressed@2x.png"
Log:  to "build_release/bin/FocusForgeApp.app/Contents/Resources/qml/QtQuick/Controls/FluentWinUI3/light/images/radiobutton-indicator-pressed@2x.png"
Log:  copied: "/opt/homebrew/share/qt/qml/QtQuick/Controls/FluentWinUI3/light/images/radiobutton-indicator-pressed@3x.png"
Log:  to "build_release/bin/FocusForgeApp.app/Contents/Resources/qml/QtQuick/Controls/FluentWinUI3/light/images/radiobutton-indicator-pressed@3x.png"
Log:  copied: "/opt/homebrew/share/qt/qml/QtQuick/Controls/FluentWinUI3/light/images/radiobutton-indicator.png"
Log:  to "build_release/bin/FocusForgeApp.app/Contents/Resources/qml/QtQuick/Controls/FluentWinUI3/light/images/radiobutton-indicator.png"
Log:  copied: "/opt/homebrew/share/qt/qml/QtQuick/Controls/FluentWinUI3/light/images/radiobutton-indicator@2x.png"
Log:  to "build_release/bin/FocusForgeApp.app/Contents/Resources/qml/QtQuick/Controls/FluentWinUI3/light/images/radiobutton-indicator@2x.png"
Log:  copied: "/opt/homebrew/share/qt/qml/QtQuick/Controls/FluentWinUI3/light/images/radiobutton-indicator@3x.png"
Log:  to "build_release/bin/FocusForgeApp.app/Contents/Resources/qml/QtQuick/Controls/FluentWinUI3/light/images/radiobutton-indicator@3x.png"
Log:  copied: "/opt/homebrew/share/qt/qml/QtQuick/Controls/FluentWinUI3/light/images/rangeslider-first-handle-disabled.png"
Log:  to "build_release/bin/FocusForgeApp.app/Contents/Resources/qml/QtQuick/Controls/FluentWinUI3/light/images/rangeslider-first-handle-disabled.png"
Log:  copied: "/opt/homebrew/share/qt/qml/QtQuick/Controls/FluentWinUI3/light/images/rangeslider-first-handle-disabled@2x.png"
Log:  to "build_release/bin/FocusForgeApp.app/Contents/Resources/qml/QtQuick/Controls/FluentWinUI3/light/images/rangeslider-first-handle-disabled@2x.png"
Log:  copied: "/opt/homebrew/share/qt/qml/QtQuick/Controls/FluentWinUI3/light/images/rangeslider-first-handle-disabled@3x.png"
Log:  to "build_release/bin/FocusForgeApp.app/Contents/Resources/qml/QtQuick/Controls/FluentWinUI3/light/images/rangeslider-first-handle-disabled@3x.png"
Log:  copied: "/opt/homebrew/share/qt/qml/QtQuick/Controls/FluentWinUI3/light/images/rangeslider-first-handle-handle-pressed.png"
Log:  to "build_release/bin/FocusForgeApp.app/Contents/Resources/qml/QtQuick/Controls/FluentWinUI3/light/images/rangeslider-first-handle-handle-pressed.png"
Log:  copied: "/opt/homebrew/share/qt/qml/QtQuick/Controls/FluentWinUI3/light/images/rangeslider-first-handle-handle-pressed@2x.png"
Log:  to "build_release/bin/FocusForgeApp.app/Contents/Resources/qml/QtQuick/Controls/FluentWinUI3/light/images/rangeslider-first-handle-handle-pressed@2x.png"
Log:  copied: "/opt/homebrew/share/qt/qml/QtQuick/Controls/FluentWinUI3/light/images/rangeslider-first-handle-handle-pressed@3x.png"
Log:  to "build_release/bin/FocusForgeApp.app/Contents/Resources/qml/QtQuick/Controls/FluentWinUI3/light/images/rangeslider-first-handle-handle-pressed@3x.png"
Log:  copied: "/opt/homebrew/share/qt/qml/QtQuick/Controls/FluentWinUI3/light/images/rangeslider-first-handle-hovered.png"
Log:  to "build_release/bin/FocusForgeApp.app/Contents/Resources/qml/QtQuick/Controls/FluentWinUI3/light/images/rangeslider-first-handle-hovered.png"
Log:  copied: "/opt/homebrew/share/qt/qml/QtQuick/Controls/FluentWinUI3/light/images/rangeslider-first-handle-hovered@2x.png"
Log:  to "build_release/bin/FocusForgeApp.app/Contents/Resources/qml/QtQuick/Controls/FluentWinUI3/light/images/rangeslider-first-handle-hovered@2x.png"
Log:  copied: "/opt/homebrew/share/qt/qml/QtQuick/Controls/FluentWinUI3/light/images/rangeslider-first-handle-hovered@3x.png"
Log:  to "build_release/bin/FocusForgeApp.app/Contents/Resources/qml/QtQuick/Controls/FluentWinUI3/light/images/rangeslider-first-handle-hovered@3x.png"
Log:  copied: "/opt/homebrew/share/qt/qml/QtQuick/Controls/FluentWinUI3/light/images/rangeslider-first-handle.png"
Log:  to "build_release/bin/FocusForgeApp.app/Contents/Resources/qml/QtQuick/Controls/FluentWinUI3/light/images/rangeslider-first-handle.png"
Log:  copied: "/opt/homebrew/share/qt/qml/QtQuick/Controls/FluentWinUI3/light/images/rangeslider-first-handle@2x.png"
Log:  to "build_release/bin/FocusForgeApp.app/Contents/Resources/qml/QtQuick/Controls/FluentWinUI3/light/images/rangeslider-first-handle@2x.png"
Log:  copied: "/opt/homebrew/share/qt/qml/QtQuick/Controls/FluentWinUI3/light/images/rangeslider-first-handle@3x.png"
Log:  to "build_release/bin/FocusForgeApp.app/Contents/Resources/qml/QtQuick/Controls/FluentWinUI3/light/images/rangeslider-first-handle@3x.png"
Log:  copied: "/opt/homebrew/share/qt/qml/QtQuick/Controls/FluentWinUI3/light/images/rangeslider-groove-disabled.png"
Log:  to "build_release/bin/FocusForgeApp.app/Contents/Resources/qml/QtQuick/Controls/FluentWinUI3/light/images/rangeslider-groove-disabled.png"
Log:  copied: "/opt/homebrew/share/qt/qml/QtQuick/Controls/FluentWinUI3/light/images/rangeslider-groove-disabled@2x.png"
Log:  to "build_release/bin/FocusForgeApp.app/Contents/Resources/qml/QtQuick/Controls/FluentWinUI3/light/images/rangeslider-groove-disabled@2x.png"
Log:  copied: "/opt/homebrew/share/qt/qml/QtQuick/Controls/FluentWinUI3/light/images/rangeslider-groove-disabled@3x.png"
Log:  to "build_release/bin/FocusForgeApp.app/Contents/Resources/qml/QtQuick/Controls/FluentWinUI3/light/images/rangeslider-groove-disabled@3x.png"
Log:  copied: "/opt/homebrew/share/qt/qml/QtQuick/Controls/FluentWinUI3/light/images/rangeslider-groove-handle-pressed.png"
Log:  to "build_release/bin/FocusForgeApp.app/Contents/Resources/qml/QtQuick/Controls/FluentWinUI3/light/images/rangeslider-groove-handle-pressed.png"
Log:  copied: "/opt/homebrew/share/qt/qml/QtQuick/Controls/FluentWinUI3/light/images/rangeslider-groove-handle-pressed@2x.png"
Log:  to "build_release/bin/FocusForgeApp.app/Contents/Resources/qml/QtQuick/Controls/FluentWinUI3/light/images/rangeslider-groove-handle-pressed@2x.png"
Log:  copied: "/opt/homebrew/share/qt/qml/QtQuick/Controls/FluentWinUI3/light/images/rangeslider-groove-handle-pressed@3x.png"
Log:  to "build_release/bin/FocusForgeApp.app/Contents/Resources/qml/QtQuick/Controls/FluentWinUI3/light/images/rangeslider-groove-handle-pressed@3x.png"
Log:  copied: "/opt/homebrew/share/qt/qml/QtQuick/Controls/FluentWinUI3/light/images/rangeslider-groove-hovered.png"
Log:  to "build_release/bin/FocusForgeApp.app/Contents/Resources/qml/QtQuick/Controls/FluentWinUI3/light/images/rangeslider-groove-hovered.png"
Log:  copied: "/opt/homebrew/share/qt/qml/QtQuick/Controls/FluentWinUI3/light/images/rangeslider-groove-hovered@2x.png"
Log:  to "build_release/bin/FocusForgeApp.app/Contents/Resources/qml/QtQuick/Controls/FluentWinUI3/light/images/rangeslider-groove-hovered@2x.png"
Log:  copied: "/opt/homebrew/share/qt/qml/QtQuick/Controls/FluentWinUI3/light/images/rangeslider-groove-hovered@3x.png"
Log:  to "build_release/bin/FocusForgeApp.app/Contents/Resources/qml/QtQuick/Controls/FluentWinUI3/light/images/rangeslider-groove-hovered@3x.png"
Log:  copied: "/opt/homebrew/share/qt/qml/QtQuick/Controls/FluentWinUI3/light/images/rangeslider-groove.png"
Log:  to "build_release/bin/FocusForgeApp.app/Contents/Resources/qml/QtQuick/Controls/FluentWinUI3/light/images/rangeslider-groove.png"
Log:  copied: "/opt/homebrew/share/qt/qml/QtQuick/Controls/FluentWinUI3/light/images/rangeslider-groove@2x.png"
Log:  to "build_release/bin/FocusForgeApp.app/Contents/Resources/qml/QtQuick/Controls/FluentWinUI3/light/images/rangeslider-groove@2x.png"
Log:  copied: "/opt/homebrew/share/qt/qml/QtQuick/Controls/FluentWinUI3/light/images/rangeslider-groove@3x.png"
Log:  to "build_release/bin/FocusForgeApp.app/Contents/Resources/qml/QtQuick/Controls/FluentWinUI3/light/images/rangeslider-groove@3x.png"
Log:  copied: "/opt/homebrew/share/qt/qml/QtQuick/Controls/FluentWinUI3/light/images/rangeslider-second-handle-disabled.png"
Log:  to "build_release/bin/FocusForgeApp.app/Contents/Resources/qml/QtQuick/Controls/FluentWinUI3/light/images/rangeslider-second-handle-disabled.png"
Log:  copied: "/opt/homebrew/share/qt/qml/QtQuick/Controls/FluentWinUI3/light/images/rangeslider-second-handle-disabled@2x.png"
Log:  to "build_release/bin/FocusForgeApp.app/Contents/Resources/qml/QtQuick/Controls/FluentWinUI3/light/images/rangeslider-second-handle-disabled@2x.png"
Log:  copied: "/opt/homebrew/share/qt/qml/QtQuick/Controls/FluentWinUI3/light/images/rangeslider-second-handle-disabled@3x.png"
Log:  to "build_release/bin/FocusForgeApp.app/Contents/Resources/qml/QtQuick/Controls/FluentWinUI3/light/images/rangeslider-second-handle-disabled@3x.png"
Log:  copied: "/opt/homebrew/share/qt/qml/QtQuick/Controls/FluentWinUI3/light/images/rangeslider-second-handle-handle-pressed.png"
Log:  to "build_release/bin/FocusForgeApp.app/Contents/Resources/qml/QtQuick/Controls/FluentWinUI3/light/images/rangeslider-second-handle-handle-pressed.png"
Log:  copied: "/opt/homebrew/share/qt/qml/QtQuick/Controls/FluentWinUI3/light/images/rangeslider-second-handle-handle-pressed@2x.png"
Log:  to "build_release/bin/FocusForgeApp.app/Contents/Resources/qml/QtQuick/Controls/FluentWinUI3/light/images/rangeslider-second-handle-handle-pressed@2x.png"
Log:  copied: "/opt/homebrew/share/qt/qml/QtQuick/Controls/FluentWinUI3/light/images/rangeslider-second-handle-handle-pressed@3x.png"
Log:  to "build_release/bin/FocusForgeApp.app/Contents/Resources/qml/QtQuick/Controls/FluentWinUI3/light/images/rangeslider-second-handle-handle-pressed@3x.png"
Log:  copied: "/opt/homebrew/share/qt/qml/QtQuick/Controls/FluentWinUI3/light/images/rangeslider-second-handle-hovered.png"
Log:  to "build_release/bin/FocusForgeApp.app/Contents/Resources/qml/QtQuick/Controls/FluentWinUI3/light/images/rangeslider-second-handle-hovered.png"
Log:  copied: "/opt/homebrew/share/qt/qml/QtQuick/Controls/FluentWinUI3/light/images/rangeslider-second-handle-hovered@2x.png"
Log:  to "build_release/bin/FocusForgeApp.app/Contents/Resources/qml/QtQuick/Controls/FluentWinUI3/light/images/rangeslider-second-handle-hovered@2x.png"
Log:  copied: "/opt/homebrew/share/qt/qml/QtQuick/Controls/FluentWinUI3/light/images/rangeslider-second-handle-hovered@3x.png"
Log:  to "build_release/bin/FocusForgeApp.app/Contents/Resources/qml/QtQuick/Controls/FluentWinUI3/light/images/rangeslider-second-handle-hovered@3x.png"
Log:  copied: "/opt/homebrew/share/qt/qml/QtQuick/Controls/FluentWinUI3/light/images/rangeslider-second-handle.png"
Log:  to "build_release/bin/FocusForgeApp.app/Contents/Resources/qml/QtQuick/Controls/FluentWinUI3/light/images/rangeslider-second-handle.png"
Log:  copied: "/opt/homebrew/share/qt/qml/QtQuick/Controls/FluentWinUI3/light/images/rangeslider-second-handle@2x.png"
Log:  to "build_release/bin/FocusForgeApp.app/Contents/Resources/qml/QtQuick/Controls/FluentWinUI3/light/images/rangeslider-second-handle@2x.png"
Log:  copied: "/opt/homebrew/share/qt/qml/QtQuick/Controls/FluentWinUI3/light/images/rangeslider-second-handle@3x.png"
Log:  to "build_release/bin/FocusForgeApp.app/Contents/Resources/qml/QtQuick/Controls/FluentWinUI3/light/images/rangeslider-second-handle@3x.png"
Log:  copied: "/opt/homebrew/share/qt/qml/QtQuick/Controls/FluentWinUI3/light/images/slider-groove-disabled.png"
Log:  to "build_release/bin/FocusForgeApp.app/Contents/Resources/qml/QtQuick/Controls/FluentWinUI3/light/images/slider-groove-disabled.png"
Log:  copied: "/opt/homebrew/share/qt/qml/QtQuick/Controls/FluentWinUI3/light/images/slider-groove-disabled@2x.png"
Log:  to "build_release/bin/FocusForgeApp.app/Contents/Resources/qml/QtQuick/Controls/FluentWinUI3/light/images/slider-groove-disabled@2x.png"
Log:  copied: "/opt/homebrew/share/qt/qml/QtQuick/Controls/FluentWinUI3/light/images/slider-groove-disabled@3x.png"
Log:  to "build_release/bin/FocusForgeApp.app/Contents/Resources/qml/QtQuick/Controls/FluentWinUI3/light/images/slider-groove-disabled@3x.png"
Log:  copied: "/opt/homebrew/share/qt/qml/QtQuick/Controls/FluentWinUI3/light/images/slider-groove-hovered.png"
Log:  to "build_release/bin/FocusForgeApp.app/Contents/Resources/qml/QtQuick/Controls/FluentWinUI3/light/images/slider-groove-hovered.png"
Log:  copied: "/opt/homebrew/share/qt/qml/QtQuick/Controls/FluentWinUI3/light/images/slider-groove-hovered@2x.png"
Log:  to "build_release/bin/FocusForgeApp.app/Contents/Resources/qml/QtQuick/Controls/FluentWinUI3/light/images/slider-groove-hovered@2x.png"
Log:  copied: "/opt/homebrew/share/qt/qml/QtQuick/Controls/FluentWinUI3/light/images/slider-groove-hovered@3x.png"
Log:  to "build_release/bin/FocusForgeApp.app/Contents/Resources/qml/QtQuick/Controls/FluentWinUI3/light/images/slider-groove-hovered@3x.png"
Log:  copied: "/opt/homebrew/share/qt/qml/QtQuick/Controls/FluentWinUI3/light/images/slider-groove-pressed.png"
Log:  to "build_release/bin/FocusForgeApp.app/Contents/Resources/qml/QtQuick/Controls/FluentWinUI3/light/images/slider-groove-pressed.png"
Log:  copied: "/opt/homebrew/share/qt/qml/QtQuick/Controls/FluentWinUI3/light/images/slider-groove-pressed@2x.png"
Log:  to "build_release/bin/FocusForgeApp.app/Contents/Resources/qml/QtQuick/Controls/FluentWinUI3/light/images/slider-groove-pressed@2x.png"
Log:  copied: "/opt/homebrew/share/qt/qml/QtQuick/Controls/FluentWinUI3/light/images/slider-groove-pressed@3x.png"
Log:  to "build_release/bin/FocusForgeApp.app/Contents/Resources/qml/QtQuick/Controls/FluentWinUI3/light/images/slider-groove-pressed@3x.png"
Log:  copied: "/opt/homebrew/share/qt/qml/QtQuick/Controls/FluentWinUI3/light/images/slider-groove.png"
Log:  to "build_release/bin/FocusForgeApp.app/Contents/Resources/qml/QtQuick/Controls/FluentWinUI3/light/images/slider-groove.png"
Log:  copied: "/opt/homebrew/share/qt/qml/QtQuick/Controls/FluentWinUI3/light/images/slider-groove@2x.png"
Log:  to "build_release/bin/FocusForgeApp.app/Contents/Resources/qml/QtQuick/Controls/FluentWinUI3/light/images/slider-groove@2x.png"
Log:  copied: "/opt/homebrew/share/qt/qml/QtQuick/Controls/FluentWinUI3/light/images/slider-groove@3x.png"
Log:  to "build_release/bin/FocusForgeApp.app/Contents/Resources/qml/QtQuick/Controls/FluentWinUI3/light/images/slider-groove@3x.png"
Log:  copied: "/opt/homebrew/share/qt/qml/QtQuick/Controls/FluentWinUI3/light/images/slider-handle-disabled.png"
Log:  to "build_release/bin/FocusForgeApp.app/Contents/Resources/qml/QtQuick/Controls/FluentWinUI3/light/images/slider-handle-disabled.png"
Log:  copied: "/opt/homebrew/share/qt/qml/QtQuick/Controls/FluentWinUI3/light/images/slider-handle-disabled@2x.png"
Log:  to "build_release/bin/FocusForgeApp.app/Contents/Resources/qml/QtQuick/Controls/FluentWinUI3/light/images/slider-handle-disabled@2x.png"
Log:  copied: "/opt/homebrew/share/qt/qml/QtQuick/Controls/FluentWinUI3/light/images/slider-handle-disabled@3x.png"
Log:  to "build_release/bin/FocusForgeApp.app/Contents/Resources/qml/QtQuick/Controls/FluentWinUI3/light/images/slider-handle-disabled@3x.png"
Log:  copied: "/opt/homebrew/share/qt/qml/QtQuick/Controls/FluentWinUI3/light/images/slider-handle-hovered.png"
Log:  to "build_release/bin/FocusForgeApp.app/Contents/Resources/qml/QtQuick/Controls/FluentWinUI3/light/images/slider-handle-hovered.png"
Log:  copied: "/opt/homebrew/share/qt/qml/QtQuick/Controls/FluentWinUI3/light/images/slider-handle-hovered@2x.png"
Log:  to "build_release/bin/FocusForgeApp.app/Contents/Resources/qml/QtQuick/Controls/FluentWinUI3/light/images/slider-handle-hovered@2x.png"
Log:  copied: "/opt/homebrew/share/qt/qml/QtQuick/Controls/FluentWinUI3/light/images/slider-handle-hovered@3x.png"
Log:  to "build_release/bin/FocusForgeApp.app/Contents/Resources/qml/QtQuick/Controls/FluentWinUI3/light/images/slider-handle-hovered@3x.png"
Log:  copied: "/opt/homebrew/share/qt/qml/QtQuick/Controls/FluentWinUI3/light/images/slider-handle-pressed.png"
Log:  to "build_release/bin/FocusForgeApp.app/Contents/Resources/qml/QtQuick/Controls/FluentWinUI3/light/images/slider-handle-pressed.png"
Log:  copied: "/opt/homebrew/share/qt/qml/QtQuick/Controls/FluentWinUI3/light/images/slider-handle-pressed@2x.png"
Log:  to "build_release/bin/FocusForgeApp.app/Contents/Resources/qml/QtQuick/Controls/FluentWinUI3/light/images/slider-handle-pressed@2x.png"
Log:  copied: "/opt/homebrew/share/qt/qml/QtQuick/Controls/FluentWinUI3/light/images/slider-handle-pressed@3x.png"
Log:  to "build_release/bin/FocusForgeApp.app/Contents/Resources/qml/QtQuick/Controls/FluentWinUI3/light/images/slider-handle-pressed@3x.png"
Log:  copied: "/opt/homebrew/share/qt/qml/QtQuick/Controls/FluentWinUI3/light/images/slider-handle.png"
Log:  to "build_release/bin/FocusForgeApp.app/Contents/Resources/qml/QtQuick/Controls/FluentWinUI3/light/images/slider-handle.png"
Log:  copied: "/opt/homebrew/share/qt/qml/QtQuick/Controls/FluentWinUI3/light/images/slider-handle@2x.png"
Log:  to "build_release/bin/FocusForgeApp.app/Contents/Resources/qml/QtQuick/Controls/FluentWinUI3/light/images/slider-handle@2x.png"
Log:  copied: "/opt/homebrew/share/qt/qml/QtQuick/Controls/FluentWinUI3/light/images/slider-handle@3x.png"
Log:  to "build_release/bin/FocusForgeApp.app/Contents/Resources/qml/QtQuick/Controls/FluentWinUI3/light/images/slider-handle@3x.png"
Log:  copied: "/opt/homebrew/share/qt/qml/QtQuick/Controls/FluentWinUI3/light/images/spinbox-background-atlimit.png"
Log:  to "build_release/bin/FocusForgeApp.app/Contents/Resources/qml/QtQuick/Controls/FluentWinUI3/light/images/spinbox-background-atlimit.png"
Log:  copied: "/opt/homebrew/share/qt/qml/QtQuick/Controls/FluentWinUI3/light/images/spinbox-background-atlimit@2x.png"
Log:  to "build_release/bin/FocusForgeApp.app/Contents/Resources/qml/QtQuick/Controls/FluentWinUI3/light/images/spinbox-background-atlimit@2x.png"
Log:  copied: "/opt/homebrew/share/qt/qml/QtQuick/Controls/FluentWinUI3/light/images/spinbox-background-atlimit@3x.png"
Log:  to "build_release/bin/FocusForgeApp.app/Contents/Resources/qml/QtQuick/Controls/FluentWinUI3/light/images/spinbox-background-atlimit@3x.png"
Log:  copied: "/opt/homebrew/share/qt/qml/QtQuick/Controls/FluentWinUI3/light/images/spinbox-background-disabled.png"
Log:  to "build_release/bin/FocusForgeApp.app/Contents/Resources/qml/QtQuick/Controls/FluentWinUI3/light/images/spinbox-background-disabled.png"
Log:  copied: "/opt/homebrew/share/qt/qml/QtQuick/Controls/FluentWinUI3/light/images/spinbox-background-disabled@2x.png"
Log:  to "build_release/bin/FocusForgeApp.app/Contents/Resources/qml/QtQuick/Controls/FluentWinUI3/light/images/spinbox-background-disabled@2x.png"
Log:  copied: "/opt/homebrew/share/qt/qml/QtQuick/Controls/FluentWinUI3/light/images/spinbox-background-disabled@3x.png"
Log:  to "build_release/bin/FocusForgeApp.app/Contents/Resources/qml/QtQuick/Controls/FluentWinUI3/light/images/spinbox-background-disabled@3x.png"
Log:  copied: "/opt/homebrew/share/qt/qml/QtQuick/Controls/FluentWinUI3/light/images/spinbox-background-down-hovered.png"
Log:  to "build_release/bin/FocusForgeApp.app/Contents/Resources/qml/QtQuick/Controls/FluentWinUI3/light/images/spinbox-background-down-hovered.png"
Log:  copied: "/opt/homebrew/share/qt/qml/QtQuick/Controls/FluentWinUI3/light/images/spinbox-background-down-hovered@2x.png"
Log:  to "build_release/bin/FocusForgeApp.app/Contents/Resources/qml/QtQuick/Controls/FluentWinUI3/light/images/spinbox-background-down-hovered@2x.png"
Log:  copied: "/opt/homebrew/share/qt/qml/QtQuick/Controls/FluentWinUI3/light/images/spinbox-background-down-hovered@3x.png"
Log:  to "build_release/bin/FocusForgeApp.app/Contents/Resources/qml/QtQuick/Controls/FluentWinUI3/light/images/spinbox-background-down-hovered@3x.png"
Log:  copied: "/opt/homebrew/share/qt/qml/QtQuick/Controls/FluentWinUI3/light/images/spinbox-background-down-pressed.png"
Log:  to "build_release/bin/FocusForgeApp.app/Contents/Resources/qml/QtQuick/Controls/FluentWinUI3/light/images/spinbox-background-down-pressed.png"
Log:  copied: "/opt/homebrew/share/qt/qml/QtQuick/Controls/FluentWinUI3/light/images/spinbox-background-down-pressed@2x.png"
Log:  to "build_release/bin/FocusForgeApp.app/Contents/Resources/qml/QtQuick/Controls/FluentWinUI3/light/images/spinbox-background-down-pressed@2x.png"
Log:  copied: "/opt/homebrew/share/qt/qml/QtQuick/Controls/FluentWinUI3/light/images/spinbox-background-down-pressed@3x.png"
Log:  to "build_release/bin/FocusForgeApp.app/Contents/Resources/qml/QtQuick/Controls/FluentWinUI3/light/images/spinbox-background-down-pressed@3x.png"
Log:  copied: "/opt/homebrew/share/qt/qml/QtQuick/Controls/FluentWinUI3/light/images/spinbox-background-hovered.png"
Log:  to "build_release/bin/FocusForgeApp.app/Contents/Resources/qml/QtQuick/Controls/FluentWinUI3/light/images/spinbox-background-hovered.png"
Log:  copied: "/opt/homebrew/share/qt/qml/QtQuick/Controls/FluentWinUI3/light/images/spinbox-background-hovered@2x.png"
Log:  to "build_release/bin/FocusForgeApp.app/Contents/Resources/qml/QtQuick/Controls/FluentWinUI3/light/images/spinbox-background-hovered@2x.png"
Log:  copied: "/opt/homebrew/share/qt/qml/QtQuick/Controls/FluentWinUI3/light/images/spinbox-background-hovered@3x.png"
Log:  to "build_release/bin/FocusForgeApp.app/Contents/Resources/qml/QtQuick/Controls/FluentWinUI3/light/images/spinbox-background-hovered@3x.png"
Log:  copied: "/opt/homebrew/share/qt/qml/QtQuick/Controls/FluentWinUI3/light/images/spinbox-background-up-hovered.png"
Log:  to "build_release/bin/FocusForgeApp.app/Contents/Resources/qml/QtQuick/Controls/FluentWinUI3/light/images/spinbox-background-up-hovered.png"
Log:  copied: "/opt/homebrew/share/qt/qml/QtQuick/Controls/FluentWinUI3/light/images/spinbox-background-up-hovered@2x.png"
Log:  to "build_release/bin/FocusForgeApp.app/Contents/Resources/qml/QtQuick/Controls/FluentWinUI3/light/images/spinbox-background-up-hovered@2x.png"
Log:  copied: "/opt/homebrew/share/qt/qml/QtQuick/Controls/FluentWinUI3/light/images/spinbox-background-up-hovered@3x.png"
Log:  to "build_release/bin/FocusForgeApp.app/Contents/Resources/qml/QtQuick/Controls/FluentWinUI3/light/images/spinbox-background-up-hovered@3x.png"
Log:  copied: "/opt/homebrew/share/qt/qml/QtQuick/Controls/FluentWinUI3/light/images/spinbox-background-up-pressed.png"
Log:  to "build_release/bin/FocusForgeApp.app/Contents/Resources/qml/QtQuick/Controls/FluentWinUI3/light/images/spinbox-background-up-pressed.png"
Log:  copied: "/opt/homebrew/share/qt/qml/QtQuick/Controls/FluentWinUI3/light/images/spinbox-background-up-pressed@2x.png"
Log:  to "build_release/bin/FocusForgeApp.app/Contents/Resources/qml/QtQuick/Controls/FluentWinUI3/light/images/spinbox-background-up-pressed@2x.png"
Log:  copied: "/opt/homebrew/share/qt/qml/QtQuick/Controls/FluentWinUI3/light/images/spinbox-background-up-pressed@3x.png"
Log:  to "build_release/bin/FocusForgeApp.app/Contents/Resources/qml/QtQuick/Controls/FluentWinUI3/light/images/spinbox-background-up-pressed@3x.png"
Log:  copied: "/opt/homebrew/share/qt/qml/QtQuick/Controls/FluentWinUI3/light/images/spinbox-background.png"
Log:  to "build_release/bin/FocusForgeApp.app/Contents/Resources/qml/QtQuick/Controls/FluentWinUI3/light/images/spinbox-background.png"
Log:  copied: "/opt/homebrew/share/qt/qml/QtQuick/Controls/FluentWinUI3/light/images/spinbox-background@2x.png"
Log:  to "build_release/bin/FocusForgeApp.app/Contents/Resources/qml/QtQuick/Controls/FluentWinUI3/light/images/spinbox-background@2x.png"
Log:  copied: "/opt/homebrew/share/qt/qml/QtQuick/Controls/FluentWinUI3/light/images/spinbox-background@3x.png"
Log:  to "build_release/bin/FocusForgeApp.app/Contents/Resources/qml/QtQuick/Controls/FluentWinUI3/light/images/spinbox-background@3x.png"
Log:  copied: "/opt/homebrew/share/qt/qml/QtQuick/Controls/FluentWinUI3/light/images/spinbox-indicator-down-background-atlimit.png"
Log:  to "build_release/bin/FocusForgeApp.app/Contents/Resources/qml/QtQuick/Controls/FluentWinUI3/light/images/spinbox-indicator-down-background-atlimit.png"
Log:  copied: "/opt/homebrew/share/qt/qml/QtQuick/Controls/FluentWinUI3/light/images/spinbox-indicator-down-background-atlimit@2x.png"
Log:  to "build_release/bin/FocusForgeApp.app/Contents/Resources/qml/QtQuick/Controls/FluentWinUI3/light/images/spinbox-indicator-down-background-atlimit@2x.png"
Log:  copied: "/opt/homebrew/share/qt/qml/QtQuick/Controls/FluentWinUI3/light/images/spinbox-indicator-down-background-atlimit@3x.png"
Log:  to "build_release/bin/FocusForgeApp.app/Contents/Resources/qml/QtQuick/Controls/FluentWinUI3/light/images/spinbox-indicator-down-background-atlimit@3x.png"
Log:  copied: "/opt/homebrew/share/qt/qml/QtQuick/Controls/FluentWinUI3/light/images/spinbox-indicator-down-background-disabled.png"
Log:  to "build_release/bin/FocusForgeApp.app/Contents/Resources/qml/QtQuick/Controls/FluentWinUI3/light/images/spinbox-indicator-down-background-disabled.png"
Log:  copied: "/opt/homebrew/share/qt/qml/QtQuick/Controls/FluentWinUI3/light/images/spinbox-indicator-down-background-disabled@2x.png"
Log:  to "build_release/bin/FocusForgeApp.app/Contents/Resources/qml/QtQuick/Controls/FluentWinUI3/light/images/spinbox-indicator-down-background-disabled@2x.png"
Log:  copied: "/opt/homebrew/share/qt/qml/QtQuick/Controls/FluentWinUI3/light/images/spinbox-indicator-down-background-disabled@3x.png"
Log:  to "build_release/bin/FocusForgeApp.app/Contents/Resources/qml/QtQuick/Controls/FluentWinUI3/light/images/spinbox-indicator-down-background-disabled@3x.png"
Log:  copied: "/opt/homebrew/share/qt/qml/QtQuick/Controls/FluentWinUI3/light/images/spinbox-indicator-down-background-down-hovered.png"
Log:  to "build_release/bin/FocusForgeApp.app/Contents/Resources/qml/QtQuick/Controls/FluentWinUI3/light/images/spinbox-indicator-down-background-down-hovered.png"
Log:  copied: "/opt/homebrew/share/qt/qml/QtQuick/Controls/FluentWinUI3/light/images/spinbox-indicator-down-background-down-hovered@2x.png"
Log:  to "build_release/bin/FocusForgeApp.app/Contents/Resources/qml/QtQuick/Controls/FluentWinUI3/light/images/spinbox-indicator-down-background-down-hovered@2x.png"
Log:  copied: "/opt/homebrew/share/qt/qml/QtQuick/Controls/FluentWinUI3/light/images/spinbox-indicator-down-background-down-hovered@3x.png"
Log:  to "build_release/bin/FocusForgeApp.app/Contents/Resources/qml/QtQuick/Controls/FluentWinUI3/light/images/spinbox-indicator-down-background-down-hovered@3x.png"
Log:  copied: "/opt/homebrew/share/qt/qml/QtQuick/Controls/FluentWinUI3/light/images/spinbox-indicator-down-background-down-pressed.png"
Log:  to "build_release/bin/FocusForgeApp.app/Contents/Resources/qml/QtQuick/Controls/FluentWinUI3/light/images/spinbox-indicator-down-background-down-pressed.png"
Log:  copied: "/opt/homebrew/share/qt/qml/QtQuick/Controls/FluentWinUI3/light/images/spinbox-indicator-down-background-down-pressed@2x.png"
Log:  to "build_release/bin/FocusForgeApp.app/Contents/Resources/qml/QtQuick/Controls/FluentWinUI3/light/images/spinbox-indicator-down-background-down-pressed@2x.png"
Log:  copied: "/opt/homebrew/share/qt/qml/QtQuick/Controls/FluentWinUI3/light/images/spinbox-indicator-down-background-down-pressed@3x.png"
Log:  to "build_release/bin/FocusForgeApp.app/Contents/Resources/qml/QtQuick/Controls/FluentWinUI3/light/images/spinbox-indicator-down-background-down-pressed@3x.png"
Log:  copied: "/opt/homebrew/share/qt/qml/QtQuick/Controls/FluentWinUI3/light/images/spinbox-indicator-down-background-hovered.png"
Log:  to "build_release/bin/FocusForgeApp.app/Contents/Resources/qml/QtQuick/Controls/FluentWinUI3/light/images/spinbox-indicator-down-background-hovered.png"
Log:  copied: "/opt/homebrew/share/qt/qml/QtQuick/Controls/FluentWinUI3/light/images/spinbox-indicator-down-background-hovered@2x.png"
Log:  to "build_release/bin/FocusForgeApp.app/Contents/Resources/qml/QtQuick/Controls/FluentWinUI3/light/images/spinbox-indicator-down-background-hovered@2x.png"
Log:  copied: "/opt/homebrew/share/qt/qml/QtQuick/Controls/FluentWinUI3/light/images/spinbox-indicator-down-background-hovered@3x.png"
Log:  to "build_release/bin/FocusForgeApp.app/Contents/Resources/qml/QtQuick/Controls/FluentWinUI3/light/images/spinbox-indicator-down-background-hovered@3x.png"
Log:  copied: "/opt/homebrew/share/qt/qml/QtQuick/Controls/FluentWinUI3/light/images/spinbox-indicator-down-background-up-hovered.png"
Log:  to "build_release/bin/FocusForgeApp.app/Contents/Resources/qml/QtQuick/Controls/FluentWinUI3/light/images/spinbox-indicator-down-background-up-hovered.png"
Log:  copied: "/opt/homebrew/share/qt/qml/QtQuick/Controls/FluentWinUI3/light/images/spinbox-indicator-down-background-up-hovered@2x.png"
Log:  to "build_release/bin/FocusForgeApp.app/Contents/Resources/qml/QtQuick/Controls/FluentWinUI3/light/images/spinbox-indicator-down-background-up-hovered@2x.png"
Log:  copied: "/opt/homebrew/share/qt/qml/QtQuick/Controls/FluentWinUI3/light/images/spinbox-indicator-down-background-up-hovered@3x.png"
Log:  to "build_release/bin/FocusForgeApp.app/Contents/Resources/qml/QtQuick/Controls/FluentWinUI3/light/images/spinbox-indicator-down-background-up-hovered@3x.png"
Log:  copied: "/opt/homebrew/share/qt/qml/QtQuick/Controls/FluentWinUI3/light/images/spinbox-indicator-down-background-up-pressed.png"
Log:  to "build_release/bin/FocusForgeApp.app/Contents/Resources/qml/QtQuick/Controls/FluentWinUI3/light/images/spinbox-indicator-down-background-up-pressed.png"
Log:  copied: "/opt/homebrew/share/qt/qml/QtQuick/Controls/FluentWinUI3/light/images/spinbox-indicator-down-background-up-pressed@2x.png"
Log:  to "build_release/bin/FocusForgeApp.app/Contents/Resources/qml/QtQuick/Controls/FluentWinUI3/light/images/spinbox-indicator-down-background-up-pressed@2x.png"
Log:  copied: "/opt/homebrew/share/qt/qml/QtQuick/Controls/FluentWinUI3/light/images/spinbox-indicator-down-background-up-pressed@3x.png"
Log:  to "build_release/bin/FocusForgeApp.app/Contents/Resources/qml/QtQuick/Controls/FluentWinUI3/light/images/spinbox-indicator-down-background-up-pressed@3x.png"
Log:  copied: "/opt/homebrew/share/qt/qml/QtQuick/Controls/FluentWinUI3/light/images/spinbox-indicator-down-background.png"
Log:  to "build_release/bin/FocusForgeApp.app/Contents/Resources/qml/QtQuick/Controls/FluentWinUI3/light/images/spinbox-indicator-down-background.png"
Log:  copied: "/opt/homebrew/share/qt/qml/QtQuick/Controls/FluentWinUI3/light/images/spinbox-indicator-down-background@2x.png"
Log:  to "build_release/bin/FocusForgeApp.app/Contents/Resources/qml/QtQuick/Controls/FluentWinUI3/light/images/spinbox-indicator-down-background@2x.png"
Log:  copied: "/opt/homebrew/share/qt/qml/QtQuick/Controls/FluentWinUI3/light/images/spinbox-indicator-down-background@3x.png"
Log:  to "build_release/bin/FocusForgeApp.app/Contents/Resources/qml/QtQuick/Controls/FluentWinUI3/light/images/spinbox-indicator-down-background@3x.png"
Log:  copied: "/opt/homebrew/share/qt/qml/QtQuick/Controls/FluentWinUI3/light/images/spinbox-indicator-down-icon-atlimit.png"
Log:  to "build_release/bin/FocusForgeApp.app/Contents/Resources/qml/QtQuick/Controls/FluentWinUI3/light/images/spinbox-indicator-down-icon-atlimit.png"
Log:  copied: "/opt/homebrew/share/qt/qml/QtQuick/Controls/FluentWinUI3/light/images/spinbox-indicator-down-icon-atlimit@2x.png"
Log:  to "build_release/bin/FocusForgeApp.app/Contents/Resources/qml/QtQuick/Controls/FluentWinUI3/light/images/spinbox-indicator-down-icon-atlimit@2x.png"
Log:  copied: "/opt/homebrew/share/qt/qml/QtQuick/Controls/FluentWinUI3/light/images/spinbox-indicator-down-icon-atlimit@3x.png"
Log:  to "build_release/bin/FocusForgeApp.app/Contents/Resources/qml/QtQuick/Controls/FluentWinUI3/light/images/spinbox-indicator-down-icon-atlimit@3x.png"
Log:  copied: "/opt/homebrew/share/qt/qml/QtQuick/Controls/FluentWinUI3/light/images/spinbox-indicator-down-icon-disabled.png"
Log:  to "build_release/bin/FocusForgeApp.app/Contents/Resources/qml/QtQuick/Controls/FluentWinUI3/light/images/spinbox-indicator-down-icon-disabled.png"
Log:  copied: "/opt/homebrew/share/qt/qml/QtQuick/Controls/FluentWinUI3/light/images/spinbox-indicator-down-icon-disabled@2x.png"
Log:  to "build_release/bin/FocusForgeApp.app/Contents/Resources/qml/QtQuick/Controls/FluentWinUI3/light/images/spinbox-indicator-down-icon-disabled@2x.png"
Log:  copied: "/opt/homebrew/share/qt/qml/QtQuick/Controls/FluentWinUI3/light/images/spinbox-indicator-down-icon-disabled@3x.png"
Log:  to "build_release/bin/FocusForgeApp.app/Contents/Resources/qml/QtQuick/Controls/FluentWinUI3/light/images/spinbox-indicator-down-icon-disabled@3x.png"
Log:  copied: "/opt/homebrew/share/qt/qml/QtQuick/Controls/FluentWinUI3/light/images/spinbox-indicator-down-icon-down-hovered.png"
Log:  to "build_release/bin/FocusForgeApp.app/Contents/Resources/qml/QtQuick/Controls/FluentWinUI3/light/images/spinbox-indicator-down-icon-down-hovered.png"
Log:  copied: "/opt/homebrew/share/qt/qml/QtQuick/Controls/FluentWinUI3/light/images/spinbox-indicator-down-icon-down-hovered@2x.png"
Log:  to "build_release/bin/FocusForgeApp.app/Contents/Resources/qml/QtQuick/Controls/FluentWinUI3/light/images/spinbox-indicator-down-icon-down-hovered@2x.png"
Log:  copied: "/opt/homebrew/share/qt/qml/QtQuick/Controls/FluentWinUI3/light/images/spinbox-indicator-down-icon-down-hovered@3x.png"
Log:  to "build_release/bin/FocusForgeApp.app/Contents/Resources/qml/QtQuick/Controls/FluentWinUI3/light/images/spinbox-indicator-down-icon-down-hovered@3x.png"
Log:  copied: "/opt/homebrew/share/qt/qml/QtQuick/Controls/FluentWinUI3/light/images/spinbox-indicator-down-icon-down-pressed.png"
Log:  to "build_release/bin/FocusForgeApp.app/Contents/Resources/qml/QtQuick/Controls/FluentWinUI3/light/images/spinbox-indicator-down-icon-down-pressed.png"
Log:  copied: "/opt/homebrew/share/qt/qml/QtQuick/Controls/FluentWinUI3/light/images/spinbox-indicator-down-icon-down-pressed@2x.png"
Log:  to "build_release/bin/FocusForgeApp.app/Contents/Resources/qml/QtQuick/Controls/FluentWinUI3/light/images/spinbox-indicator-down-icon-down-pressed@2x.png"
Log:  copied: "/opt/homebrew/share/qt/qml/QtQuick/Controls/FluentWinUI3/light/images/spinbox-indicator-down-icon-down-pressed@3x.png"
Log:  to "build_release/bin/FocusForgeApp.app/Contents/Resources/qml/QtQuick/Controls/FluentWinUI3/light/images/spinbox-indicator-down-icon-down-pressed@3x.png"
Log:  copied: "/opt/homebrew/share/qt/qml/QtQuick/Controls/FluentWinUI3/light/images/spinbox-indicator-down-icon-hovered.png"
Log:  to "build_release/bin/FocusForgeApp.app/Contents/Resources/qml/QtQuick/Controls/FluentWinUI3/light/images/spinbox-indicator-down-icon-hovered.png"
Log:  copied: "/opt/homebrew/share/qt/qml/QtQuick/Controls/FluentWinUI3/light/images/spinbox-indicator-down-icon-hovered@2x.png"
Log:  to "build_release/bin/FocusForgeApp.app/Contents/Resources/qml/QtQuick/Controls/FluentWinUI3/light/images/spinbox-indicator-down-icon-hovered@2x.png"
Log:  copied: "/opt/homebrew/share/qt/qml/QtQuick/Controls/FluentWinUI3/light/images/spinbox-indicator-down-icon-hovered@3x.png"
Log:  to "build_release/bin/FocusForgeApp.app/Contents/Resources/qml/QtQuick/Controls/FluentWinUI3/light/images/spinbox-indicator-down-icon-hovered@3x.png"
Log:  copied: "/opt/homebrew/share/qt/qml/QtQuick/Controls/FluentWinUI3/light/images/spinbox-indicator-down-icon-up-hovered.png"
Log:  to "build_release/bin/FocusForgeApp.app/Contents/Resources/qml/QtQuick/Controls/FluentWinUI3/light/images/spinbox-indicator-down-icon-up-hovered.png"
Log:  copied: "/opt/homebrew/share/qt/qml/QtQuick/Controls/FluentWinUI3/light/images/spinbox-indicator-down-icon-up-hovered@2x.png"
Log:  to "build_release/bin/FocusForgeApp.app/Contents/Resources/qml/QtQuick/Controls/FluentWinUI3/light/images/spinbox-indicator-down-icon-up-hovered@2x.png"
Log:  copied: "/opt/homebrew/share/qt/qml/QtQuick/Controls/FluentWinUI3/light/images/spinbox-indicator-down-icon-up-hovered@3x.png"
Log:  to "build_release/bin/FocusForgeApp.app/Contents/Resources/qml/QtQuick/Controls/FluentWinUI3/light/images/spinbox-indicator-down-icon-up-hovered@3x.png"
Log:  copied: "/opt/homebrew/share/qt/qml/QtQuick/Controls/FluentWinUI3/light/images/spinbox-indicator-down-icon-up-pressed.png"
Log:  to "build_release/bin/FocusForgeApp.app/Contents/Resources/qml/QtQuick/Controls/FluentWinUI3/light/images/spinbox-indicator-down-icon-up-pressed.png"
Log:  copied: "/opt/homebrew/share/qt/qml/QtQuick/Controls/FluentWinUI3/light/images/spinbox-indicator-down-icon-up-pressed@2x.png"
Log:  to "build_release/bin/FocusForgeApp.app/Contents/Resources/qml/QtQuick/Controls/FluentWinUI3/light/images/spinbox-indicator-down-icon-up-pressed@2x.png"
Log:  copied: "/opt/homebrew/share/qt/qml/QtQuick/Controls/FluentWinUI3/light/images/spinbox-indicator-down-icon-up-pressed@3x.png"
Log:  to "build_release/bin/FocusForgeApp.app/Contents/Resources/qml/QtQuick/Controls/FluentWinUI3/light/images/spinbox-indicator-down-icon-up-pressed@3x.png"
Log:  copied: "/opt/homebrew/share/qt/qml/QtQuick/Controls/FluentWinUI3/light/images/spinbox-indicator-down-icon.png"
Log:  to "build_release/bin/FocusForgeApp.app/Contents/Resources/qml/QtQuick/Controls/FluentWinUI3/light/images/spinbox-indicator-down-icon.png"
Log:  copied: "/opt/homebrew/share/qt/qml/QtQuick/Controls/FluentWinUI3/light/images/spinbox-indicator-down-icon@2x.png"
Log:  to "build_release/bin/FocusForgeApp.app/Contents/Resources/qml/QtQuick/Controls/FluentWinUI3/light/images/spinbox-indicator-down-icon@2x.png"
Log:  copied: "/opt/homebrew/share/qt/qml/QtQuick/Controls/FluentWinUI3/light/images/spinbox-indicator-down-icon@3x.png"
Log:  to "build_release/bin/FocusForgeApp.app/Contents/Resources/qml/QtQuick/Controls/FluentWinUI3/light/images/spinbox-indicator-down-icon@3x.png"
Log:  copied: "/opt/homebrew/share/qt/qml/QtQuick/Controls/FluentWinUI3/light/images/spinbox-indicator-up-background-atlimit.png"
Log:  to "build_release/bin/FocusForgeApp.app/Contents/Resources/qml/QtQuick/Controls/FluentWinUI3/light/images/spinbox-indicator-up-background-atlimit.png"
Log:  copied: "/opt/homebrew/share/qt/qml/QtQuick/Controls/FluentWinUI3/light/images/spinbox-indicator-up-background-atlimit@2x.png"
Log:  to "build_release/bin/FocusForgeApp.app/Contents/Resources/qml/QtQuick/Controls/FluentWinUI3/light/images/spinbox-indicator-up-background-atlimit@2x.png"
Log:  copied: "/opt/homebrew/share/qt/qml/QtQuick/Controls/FluentWinUI3/light/images/spinbox-indicator-up-background-atlimit@3x.png"
Log:  to "build_release/bin/FocusForgeApp.app/Contents/Resources/qml/QtQuick/Controls/FluentWinUI3/light/images/spinbox-indicator-up-background-atlimit@3x.png"
Log:  copied: "/opt/homebrew/share/qt/qml/QtQuick/Controls/FluentWinUI3/light/images/spinbox-indicator-up-background-disabled.png"
Log:  to "build_release/bin/FocusForgeApp.app/Contents/Resources/qml/QtQuick/Controls/FluentWinUI3/light/images/spinbox-indicator-up-background-disabled.png"
Log:  copied: "/opt/homebrew/share/qt/qml/QtQuick/Controls/FluentWinUI3/light/images/spinbox-indicator-up-background-disabled@2x.png"
Log:  to "build_release/bin/FocusForgeApp.app/Contents/Resources/qml/QtQuick/Controls/FluentWinUI3/light/images/spinbox-indicator-up-background-disabled@2x.png"
Log:  copied: "/opt/homebrew/share/qt/qml/QtQuick/Controls/FluentWinUI3/light/images/spinbox-indicator-up-background-disabled@3x.png"
Log:  to "build_release/bin/FocusForgeApp.app/Contents/Resources/qml/QtQuick/Controls/FluentWinUI3/light/images/spinbox-indicator-up-background-disabled@3x.png"
Log:  copied: "/opt/homebrew/share/qt/qml/QtQuick/Controls/FluentWinUI3/light/images/spinbox-indicator-up-background-down-hovered.png"
Log:  to "build_release/bin/FocusForgeApp.app/Contents/Resources/qml/QtQuick/Controls/FluentWinUI3/light/images/spinbox-indicator-up-background-down-hovered.png"
Log:  copied: "/opt/homebrew/share/qt/qml/QtQuick/Controls/FluentWinUI3/light/images/spinbox-indicator-up-background-down-hovered@2x.png"
Log:  to "build_release/bin/FocusForgeApp.app/Contents/Resources/qml/QtQuick/Controls/FluentWinUI3/light/images/spinbox-indicator-up-background-down-hovered@2x.png"
Log:  copied: "/opt/homebrew/share/qt/qml/QtQuick/Controls/FluentWinUI3/light/images/spinbox-indicator-up-background-down-hovered@3x.png"
Log:  to "build_release/bin/FocusForgeApp.app/Contents/Resources/qml/QtQuick/Controls/FluentWinUI3/light/images/spinbox-indicator-up-background-down-hovered@3x.png"
Log:  copied: "/opt/homebrew/share/qt/qml/QtQuick/Controls/FluentWinUI3/light/images/spinbox-indicator-up-background-down-pressed.png"
Log:  to "build_release/bin/FocusForgeApp.app/Contents/Resources/qml/QtQuick/Controls/FluentWinUI3/light/images/spinbox-indicator-up-background-down-pressed.png"
Log:  copied: "/opt/homebrew/share/qt/qml/QtQuick/Controls/FluentWinUI3/light/images/spinbox-indicator-up-background-down-pressed@2x.png"
Log:  to "build_release/bin/FocusForgeApp.app/Contents/Resources/qml/QtQuick/Controls/FluentWinUI3/light/images/spinbox-indicator-up-background-down-pressed@2x.png"
Log:  copied: "/opt/homebrew/share/qt/qml/QtQuick/Controls/FluentWinUI3/light/images/spinbox-indicator-up-background-down-pressed@3x.png"
Log:  to "build_release/bin/FocusForgeApp.app/Contents/Resources/qml/QtQuick/Controls/FluentWinUI3/light/images/spinbox-indicator-up-background-down-pressed@3x.png"
Log:  copied: "/opt/homebrew/share/qt/qml/QtQuick/Controls/FluentWinUI3/light/images/spinbox-indicator-up-background-hovered.png"
Log:  to "build_release/bin/FocusForgeApp.app/Contents/Resources/qml/QtQuick/Controls/FluentWinUI3/light/images/spinbox-indicator-up-background-hovered.png"
Log:  copied: "/opt/homebrew/share/qt/qml/QtQuick/Controls/FluentWinUI3/light/images/spinbox-indicator-up-background-hovered@2x.png"
Log:  to "build_release/bin/FocusForgeApp.app/Contents/Resources/qml/QtQuick/Controls/FluentWinUI3/light/images/spinbox-indicator-up-background-hovered@2x.png"
Log:  copied: "/opt/homebrew/share/qt/qml/QtQuick/Controls/FluentWinUI3/light/images/spinbox-indicator-up-background-hovered@3x.png"
Log:  to "build_release/bin/FocusForgeApp.app/Contents/Resources/qml/QtQuick/Controls/FluentWinUI3/light/images/spinbox-indicator-up-background-hovered@3x.png"
Log:  copied: "/opt/homebrew/share/qt/qml/QtQuick/Controls/FluentWinUI3/light/images/spinbox-indicator-up-background-up-hovered.png"
Log:  to "build_release/bin/FocusForgeApp.app/Contents/Resources/qml/QtQuick/Controls/FluentWinUI3/light/images/spinbox-indicator-up-background-up-hovered.png"
Log:  copied: "/opt/homebrew/share/qt/qml/QtQuick/Controls/FluentWinUI3/light/images/spinbox-indicator-up-background-up-hovered@2x.png"
Log:  to "build_release/bin/FocusForgeApp.app/Contents/Resources/qml/QtQuick/Controls/FluentWinUI3/light/images/spinbox-indicator-up-background-up-hovered@2x.png"
Log:  copied: "/opt/homebrew/share/qt/qml/QtQuick/Controls/FluentWinUI3/light/images/spinbox-indicator-up-background-up-hovered@3x.png"
Log:  to "build_release/bin/FocusForgeApp.app/Contents/Resources/qml/QtQuick/Controls/FluentWinUI3/light/images/spinbox-indicator-up-background-up-hovered@3x.png"
Log:  copied: "/opt/homebrew/share/qt/qml/QtQuick/Controls/FluentWinUI3/light/images/spinbox-indicator-up-background-up-pressed.png"
Log:  to "build_release/bin/FocusForgeApp.app/Contents/Resources/qml/QtQuick/Controls/FluentWinUI3/light/images/spinbox-indicator-up-background-up-pressed.png"
Log:  copied: "/opt/homebrew/share/qt/qml/QtQuick/Controls/FluentWinUI3/light/images/spinbox-indicator-up-background-up-pressed@2x.png"
Log:  to "build_release/bin/FocusForgeApp.app/Contents/Resources/qml/QtQuick/Controls/FluentWinUI3/light/images/spinbox-indicator-up-background-up-pressed@2x.png"
Log:  copied: "/opt/homebrew/share/qt/qml/QtQuick/Controls/FluentWinUI3/light/images/spinbox-indicator-up-background-up-pressed@3x.png"
Log:  to "build_release/bin/FocusForgeApp.app/Contents/Resources/qml/QtQuick/Controls/FluentWinUI3/light/images/spinbox-indicator-up-background-up-pressed@3x.png"
Log:  copied: "/opt/homebrew/share/qt/qml/QtQuick/Controls/FluentWinUI3/light/images/spinbox-indicator-up-background.png"
Log:  to "build_release/bin/FocusForgeApp.app/Contents/Resources/qml/QtQuick/Controls/FluentWinUI3/light/images/spinbox-indicator-up-background.png"
Log:  copied: "/opt/homebrew/share/qt/qml/QtQuick/Controls/FluentWinUI3/light/images/spinbox-indicator-up-background@2x.png"
Log:  to "build_release/bin/FocusForgeApp.app/Contents/Resources/qml/QtQuick/Controls/FluentWinUI3/light/images/spinbox-indicator-up-background@2x.png"
Log:  copied: "/opt/homebrew/share/qt/qml/QtQuick/Controls/FluentWinUI3/light/images/spinbox-indicator-up-background@3x.png"
Log:  to "build_release/bin/FocusForgeApp.app/Contents/Resources/qml/QtQuick/Controls/FluentWinUI3/light/images/spinbox-indicator-up-background@3x.png"
Log:  copied: "/opt/homebrew/share/qt/qml/QtQuick/Controls/FluentWinUI3/light/images/spinbox-indicator-up-icon-atlimit.png"
Log:  to "build_release/bin/FocusForgeApp.app/Contents/Resources/qml/QtQuick/Controls/FluentWinUI3/light/images/spinbox-indicator-up-icon-atlimit.png"
Log:  copied: "/opt/homebrew/share/qt/qml/QtQuick/Controls/FluentWinUI3/light/images/spinbox-indicator-up-icon-atlimit@2x.png"
Log:  to "build_release/bin/FocusForgeApp.app/Contents/Resources/qml/QtQuick/Controls/FluentWinUI3/light/images/spinbox-indicator-up-icon-atlimit@2x.png"
Log:  copied: "/opt/homebrew/share/qt/qml/QtQuick/Controls/FluentWinUI3/light/images/spinbox-indicator-up-icon-atlimit@3x.png"
Log:  to "build_release/bin/FocusForgeApp.app/Contents/Resources/qml/QtQuick/Controls/FluentWinUI3/light/images/spinbox-indicator-up-icon-atlimit@3x.png"
Log:  copied: "/opt/homebrew/share/qt/qml/QtQuick/Controls/FluentWinUI3/light/images/spinbox-indicator-up-icon-disabled.png"
Log:  to "build_release/bin/FocusForgeApp.app/Contents/Resources/qml/QtQuick/Controls/FluentWinUI3/light/images/spinbox-indicator-up-icon-disabled.png"
Log:  copied: "/opt/homebrew/share/qt/qml/QtQuick/Controls/FluentWinUI3/light/images/spinbox-indicator-up-icon-disabled@2x.png"
Log:  to "build_release/bin/FocusForgeApp.app/Contents/Resources/qml/QtQuick/Controls/FluentWinUI3/light/images/spinbox-indicator-up-icon-disabled@2x.png"
Log:  copied: "/opt/homebrew/share/qt/qml/QtQuick/Controls/FluentWinUI3/light/images/spinbox-indicator-up-icon-disabled@3x.png"
Log:  to "build_release/bin/FocusForgeApp.app/Contents/Resources/qml/QtQuick/Controls/FluentWinUI3/light/images/spinbox-indicator-up-icon-disabled@3x.png"
Log:  copied: "/opt/homebrew/share/qt/qml/QtQuick/Controls/FluentWinUI3/light/images/spinbox-indicator-up-icon-down-hovered.png"
Log:  to "build_release/bin/FocusForgeApp.app/Contents/Resources/qml/QtQuick/Controls/FluentWinUI3/light/images/spinbox-indicator-up-icon-down-hovered.png"
Log:  copied: "/opt/homebrew/share/qt/qml/QtQuick/Controls/FluentWinUI3/light/images/spinbox-indicator-up-icon-down-hovered@2x.png"
Log:  to "build_release/bin/FocusForgeApp.app/Contents/Resources/qml/QtQuick/Controls/FluentWinUI3/light/images/spinbox-indicator-up-icon-down-hovered@2x.png"
Log:  copied: "/opt/homebrew/share/qt/qml/QtQuick/Controls/FluentWinUI3/light/images/spinbox-indicator-up-icon-down-hovered@3x.png"
Log:  to "build_release/bin/FocusForgeApp.app/Contents/Resources/qml/QtQuick/Controls/FluentWinUI3/light/images/spinbox-indicator-up-icon-down-hovered@3x.png"
Log:  copied: "/opt/homebrew/share/qt/qml/QtQuick/Controls/FluentWinUI3/light/images/spinbox-indicator-up-icon-down-pressed.png"
Log:  to "build_release/bin/FocusForgeApp.app/Contents/Resources/qml/QtQuick/Controls/FluentWinUI3/light/images/spinbox-indicator-up-icon-down-pressed.png"
Log:  copied: "/opt/homebrew/share/qt/qml/QtQuick/Controls/FluentWinUI3/light/images/spinbox-indicator-up-icon-down-pressed@2x.png"
Log:  to "build_release/bin/FocusForgeApp.app/Contents/Resources/qml/QtQuick/Controls/FluentWinUI3/light/images/spinbox-indicator-up-icon-down-pressed@2x.png"
Log:  copied: "/opt/homebrew/share/qt/qml/QtQuick/Controls/FluentWinUI3/light/images/spinbox-indicator-up-icon-down-pressed@3x.png"
Log:  to "build_release/bin/FocusForgeApp.app/Contents/Resources/qml/QtQuick/Controls/FluentWinUI3/light/images/spinbox-indicator-up-icon-down-pressed@3x.png"
Log:  copied: "/opt/homebrew/share/qt/qml/QtQuick/Controls/FluentWinUI3/light/images/spinbox-indicator-up-icon-hovered.png"
Log:  to "build_release/bin/FocusForgeApp.app/Contents/Resources/qml/QtQuick/Controls/FluentWinUI3/light/images/spinbox-indicator-up-icon-hovered.png"
Log:  copied: "/opt/homebrew/share/qt/qml/QtQuick/Controls/FluentWinUI3/light/images/spinbox-indicator-up-icon-hovered@2x.png"
Log:  to "build_release/bin/FocusForgeApp.app/Contents/Resources/qml/QtQuick/Controls/FluentWinUI3/light/images/spinbox-indicator-up-icon-hovered@2x.png"
Log:  copied: "/opt/homebrew/share/qt/qml/QtQuick/Controls/FluentWinUI3/light/images/spinbox-indicator-up-icon-hovered@3x.png"
Log:  to "build_release/bin/FocusForgeApp.app/Contents/Resources/qml/QtQuick/Controls/FluentWinUI3/light/images/spinbox-indicator-up-icon-hovered@3x.png"
Log:  copied: "/opt/homebrew/share/qt/qml/QtQuick/Controls/FluentWinUI3/light/images/spinbox-indicator-up-icon-up-hovered.png"
Log:  to "build_release/bin/FocusForgeApp.app/Contents/Resources/qml/QtQuick/Controls/FluentWinUI3/light/images/spinbox-indicator-up-icon-up-hovered.png"
Log:  copied: "/opt/homebrew/share/qt/qml/QtQuick/Controls/FluentWinUI3/light/images/spinbox-indicator-up-icon-up-hovered@2x.png"
Log:  to "build_release/bin/FocusForgeApp.app/Contents/Resources/qml/QtQuick/Controls/FluentWinUI3/light/images/spinbox-indicator-up-icon-up-hovered@2x.png"
Log:  copied: "/opt/homebrew/share/qt/qml/QtQuick/Controls/FluentWinUI3/light/images/spinbox-indicator-up-icon-up-hovered@3x.png"
Log:  to "build_release/bin/FocusForgeApp.app/Contents/Resources/qml/QtQuick/Controls/FluentWinUI3/light/images/spinbox-indicator-up-icon-up-hovered@3x.png"
Log:  copied: "/opt/homebrew/share/qt/qml/QtQuick/Controls/FluentWinUI3/light/images/spinbox-indicator-up-icon-up-pressed.png"
Log:  to "build_release/bin/FocusForgeApp.app/Contents/Resources/qml/QtQuick/Controls/FluentWinUI3/light/images/spinbox-indicator-up-icon-up-pressed.png"
Log:  copied: "/opt/homebrew/share/qt/qml/QtQuick/Controls/FluentWinUI3/light/images/spinbox-indicator-up-icon-up-pressed@2x.png"
Log:  to "build_release/bin/FocusForgeApp.app/Contents/Resources/qml/QtQuick/Controls/FluentWinUI3/light/images/spinbox-indicator-up-icon-up-pressed@2x.png"
Log:  copied: "/opt/homebrew/share/qt/qml/QtQuick/Controls/FluentWinUI3/light/images/spinbox-indicator-up-icon-up-pressed@3x.png"
Log:  to "build_release/bin/FocusForgeApp.app/Contents/Resources/qml/QtQuick/Controls/FluentWinUI3/light/images/spinbox-indicator-up-icon-up-pressed@3x.png"
Log:  copied: "/opt/homebrew/share/qt/qml/QtQuick/Controls/FluentWinUI3/light/images/spinbox-indicator-up-icon.png"
Log:  to "build_release/bin/FocusForgeApp.app/Contents/Resources/qml/QtQuick/Controls/FluentWinUI3/light/images/spinbox-indicator-up-icon.png"
Log:  copied: "/opt/homebrew/share/qt/qml/QtQuick/Controls/FluentWinUI3/light/images/spinbox-indicator-up-icon@2x.png"
Log:  to "build_release/bin/FocusForgeApp.app/Contents/Resources/qml/QtQuick/Controls/FluentWinUI3/light/images/spinbox-indicator-up-icon@2x.png"
Log:  copied: "/opt/homebrew/share/qt/qml/QtQuick/Controls/FluentWinUI3/light/images/spinbox-indicator-up-icon@3x.png"
Log:  to "build_release/bin/FocusForgeApp.app/Contents/Resources/qml/QtQuick/Controls/FluentWinUI3/light/images/spinbox-indicator-up-icon@3x.png"
Log:  copied: "/opt/homebrew/share/qt/qml/QtQuick/Controls/FluentWinUI3/light/images/textarea-background-disabled.png"
Log:  to "build_release/bin/FocusForgeApp.app/Contents/Resources/qml/QtQuick/Controls/FluentWinUI3/light/images/textarea-background-disabled.png"
Log:  copied: "/opt/homebrew/share/qt/qml/QtQuick/Controls/FluentWinUI3/light/images/textarea-background-disabled@2x.png"
Log:  to "build_release/bin/FocusForgeApp.app/Contents/Resources/qml/QtQuick/Controls/FluentWinUI3/light/images/textarea-background-disabled@2x.png"
Log:  copied: "/opt/homebrew/share/qt/qml/QtQuick/Controls/FluentWinUI3/light/images/textarea-background-disabled@3x.png"
Log:  to "build_release/bin/FocusForgeApp.app/Contents/Resources/qml/QtQuick/Controls/FluentWinUI3/light/images/textarea-background-disabled@3x.png"
Log:  copied: "/opt/homebrew/share/qt/qml/QtQuick/Controls/FluentWinUI3/light/images/textarea-background-focused.png"
Log:  to "build_release/bin/FocusForgeApp.app/Contents/Resources/qml/QtQuick/Controls/FluentWinUI3/light/images/textarea-background-focused.png"
Log:  copied: "/opt/homebrew/share/qt/qml/QtQuick/Controls/FluentWinUI3/light/images/textarea-background-focused@2x.png"
Log:  to "build_release/bin/FocusForgeApp.app/Contents/Resources/qml/QtQuick/Controls/FluentWinUI3/light/images/textarea-background-focused@2x.png"
Log:  copied: "/opt/homebrew/share/qt/qml/QtQuick/Controls/FluentWinUI3/light/images/textarea-background-focused@3x.png"
Log:  to "build_release/bin/FocusForgeApp.app/Contents/Resources/qml/QtQuick/Controls/FluentWinUI3/light/images/textarea-background-focused@3x.png"
Log:  copied: "/opt/homebrew/share/qt/qml/QtQuick/Controls/FluentWinUI3/light/images/textarea-background-hovered.png"
Log:  to "build_release/bin/FocusForgeApp.app/Contents/Resources/qml/QtQuick/Controls/FluentWinUI3/light/images/textarea-background-hovered.png"
Log:  copied: "/opt/homebrew/share/qt/qml/QtQuick/Controls/FluentWinUI3/light/images/textarea-background-hovered@2x.png"
Log:  to "build_release/bin/FocusForgeApp.app/Contents/Resources/qml/QtQuick/Controls/FluentWinUI3/light/images/textarea-background-hovered@2x.png"
Log:  copied: "/opt/homebrew/share/qt/qml/QtQuick/Controls/FluentWinUI3/light/images/textarea-background-hovered@3x.png"
Log:  to "build_release/bin/FocusForgeApp.app/Contents/Resources/qml/QtQuick/Controls/FluentWinUI3/light/images/textarea-background-hovered@3x.png"
Log:  copied: "/opt/homebrew/share/qt/qml/QtQuick/Controls/FluentWinUI3/light/images/textarea-background.png"
Log:  to "build_release/bin/FocusForgeApp.app/Contents/Resources/qml/QtQuick/Controls/FluentWinUI3/light/images/textarea-background.png"
Log:  copied: "/opt/homebrew/share/qt/qml/QtQuick/Controls/FluentWinUI3/light/images/textarea-background@2x.png"
Log:  to "build_release/bin/FocusForgeApp.app/Contents/Resources/qml/QtQuick/Controls/FluentWinUI3/light/images/textarea-background@2x.png"
Log:  copied: "/opt/homebrew/share/qt/qml/QtQuick/Controls/FluentWinUI3/light/images/textarea-background@3x.png"
Log:  to "build_release/bin/FocusForgeApp.app/Contents/Resources/qml/QtQuick/Controls/FluentWinUI3/light/images/textarea-background@3x.png"
Log:  copied: "/opt/homebrew/share/qt/qml/QtQuick/Controls/FluentWinUI3/light/images/textfield-background-disabled.png"
Log:  to "build_release/bin/FocusForgeApp.app/Contents/Resources/qml/QtQuick/Controls/FluentWinUI3/light/images/textfield-background-disabled.png"
Log:  copied: "/opt/homebrew/share/qt/qml/QtQuick/Controls/FluentWinUI3/light/images/textfield-background-disabled@2x.png"
Log:  to "build_release/bin/FocusForgeApp.app/Contents/Resources/qml/QtQuick/Controls/FluentWinUI3/light/images/textfield-background-disabled@2x.png"
Log:  copied: "/opt/homebrew/share/qt/qml/QtQuick/Controls/FluentWinUI3/light/images/textfield-background-disabled@3x.png"
Log:  to "build_release/bin/FocusForgeApp.app/Contents/Resources/qml/QtQuick/Controls/FluentWinUI3/light/images/textfield-background-disabled@3x.png"
Log:  copied: "/opt/homebrew/share/qt/qml/QtQuick/Controls/FluentWinUI3/light/images/textfield-background-focused.png"
Log:  to "build_release/bin/FocusForgeApp.app/Contents/Resources/qml/QtQuick/Controls/FluentWinUI3/light/images/textfield-background-focused.png"
Log:  copied: "/opt/homebrew/share/qt/qml/QtQuick/Controls/FluentWinUI3/light/images/textfield-background-focused@2x.png"
Log:  to "build_release/bin/FocusForgeApp.app/Contents/Resources/qml/QtQuick/Controls/FluentWinUI3/light/images/textfield-background-focused@2x.png"
Log:  copied: "/opt/homebrew/share/qt/qml/QtQuick/Controls/FluentWinUI3/light/images/textfield-background-focused@3x.png"
Log:  to "build_release/bin/FocusForgeApp.app/Contents/Resources/qml/QtQuick/Controls/FluentWinUI3/light/images/textfield-background-focused@3x.png"
Log:  copied: "/opt/homebrew/share/qt/qml/QtQuick/Controls/FluentWinUI3/light/images/textfield-background-hovered.png"
Log:  to "build_release/bin/FocusForgeApp.app/Contents/Resources/qml/QtQuick/Controls/FluentWinUI3/light/images/textfield-background-hovered.png"
Log:  copied: "/opt/homebrew/share/qt/qml/QtQuick/Controls/FluentWinUI3/light/images/textfield-background-hovered@2x.png"
Log:  to "build_release/bin/FocusForgeApp.app/Contents/Resources/qml/QtQuick/Controls/FluentWinUI3/light/images/textfield-background-hovered@2x.png"
Log:  copied: "/opt/homebrew/share/qt/qml/QtQuick/Controls/FluentWinUI3/light/images/textfield-background-hovered@3x.png"
Log:  to "build_release/bin/FocusForgeApp.app/Contents/Resources/qml/QtQuick/Controls/FluentWinUI3/light/images/textfield-background-hovered@3x.png"
Log:  copied: "/opt/homebrew/share/qt/qml/QtQuick/Controls/FluentWinUI3/light/images/textfield-background.png"
Log:  to "build_release/bin/FocusForgeApp.app/Contents/Resources/qml/QtQuick/Controls/FluentWinUI3/light/images/textfield-background.png"
Log:  copied: "/opt/homebrew/share/qt/qml/QtQuick/Controls/FluentWinUI3/light/images/textfield-background@2x.png"
Log:  to "build_release/bin/FocusForgeApp.app/Contents/Resources/qml/QtQuick/Controls/FluentWinUI3/light/images/textfield-background@2x.png"
Log:  copied: "/opt/homebrew/share/qt/qml/QtQuick/Controls/FluentWinUI3/light/images/textfield-background@3x.png"
Log:  to "build_release/bin/FocusForgeApp.app/Contents/Resources/qml/QtQuick/Controls/FluentWinUI3/light/images/textfield-background@3x.png"
Log: copy: "/opt/homebrew/share/qt/qml/QtQuick/Controls/Fusion" "build_release/bin/FocusForgeApp.app/Contents/Resources/qml/QtQuick/Controls/Fusion"
Log:  copied: "/opt/homebrew/share/qt/qml/QtQuick/Controls/Fusion/ApplicationWindow.qml"
Log:  to "build_release/bin/FocusForgeApp.app/Contents/Resources/qml/QtQuick/Controls/Fusion/ApplicationWindow.qml"
Log:  copied: "/opt/homebrew/share/qt/qml/QtQuick/Controls/Fusion/BusyIndicator.qml"
Log:  to "build_release/bin/FocusForgeApp.app/Contents/Resources/qml/QtQuick/Controls/Fusion/BusyIndicator.qml"
Log:  copied: "/opt/homebrew/share/qt/qml/QtQuick/Controls/Fusion/Button.qml"
Log:  to "build_release/bin/FocusForgeApp.app/Contents/Resources/qml/QtQuick/Controls/Fusion/Button.qml"
Log:  copied: "/opt/homebrew/share/qt/qml/QtQuick/Controls/Fusion/CheckBox.qml"
Log:  to "build_release/bin/FocusForgeApp.app/Contents/Resources/qml/QtQuick/Controls/Fusion/CheckBox.qml"
Log:  copied: "/opt/homebrew/share/qt/qml/QtQuick/Controls/Fusion/CheckDelegate.qml"
Log:  to "build_release/bin/FocusForgeApp.app/Contents/Resources/qml/QtQuick/Controls/Fusion/CheckDelegate.qml"
Log:  copied: "/opt/homebrew/share/qt/qml/QtQuick/Controls/Fusion/ComboBox.qml"
Log:  to "build_release/bin/FocusForgeApp.app/Contents/Resources/qml/QtQuick/Controls/Fusion/ComboBox.qml"
Log:  copied: "/opt/homebrew/share/qt/qml/QtQuick/Controls/Fusion/DelayButton.qml"
Log:  to "build_release/bin/FocusForgeApp.app/Contents/Resources/qml/QtQuick/Controls/Fusion/DelayButton.qml"
Log:  copied: "/opt/homebrew/share/qt/qml/QtQuick/Controls/Fusion/Dial.qml"
Log:  to "build_release/bin/FocusForgeApp.app/Contents/Resources/qml/QtQuick/Controls/Fusion/Dial.qml"
Log:  copied: "/opt/homebrew/share/qt/qml/QtQuick/Controls/Fusion/Dialog.qml"
Log:  to "build_release/bin/FocusForgeApp.app/Contents/Resources/qml/QtQuick/Controls/Fusion/Dialog.qml"
Log:  copied: "/opt/homebrew/share/qt/qml/QtQuick/Controls/Fusion/DialogButtonBox.qml"
Log:  to "build_release/bin/FocusForgeApp.app/Contents/Resources/qml/QtQuick/Controls/Fusion/DialogButtonBox.qml"
Log:  copied: "/opt/homebrew/share/qt/qml/QtQuick/Controls/Fusion/Drawer.qml"
Log:  to "build_release/bin/FocusForgeApp.app/Contents/Resources/qml/QtQuick/Controls/Fusion/Drawer.qml"
Log:  copied: "/opt/homebrew/share/qt/qml/QtQuick/Controls/Fusion/Frame.qml"
Log:  to "build_release/bin/FocusForgeApp.app/Contents/Resources/qml/QtQuick/Controls/Fusion/Frame.qml"
Log:  copied: "/opt/homebrew/share/qt/qml/QtQuick/Controls/Fusion/GroupBox.qml"
Log:  to "build_release/bin/FocusForgeApp.app/Contents/Resources/qml/QtQuick/Controls/Fusion/GroupBox.qml"
Log:  copied: "/opt/homebrew/share/qt/qml/QtQuick/Controls/Fusion/HorizontalHeaderView.qml"
Log:  to "build_release/bin/FocusForgeApp.app/Contents/Resources/qml/QtQuick/Controls/Fusion/HorizontalHeaderView.qml"
Log:  copied: "/opt/homebrew/share/qt/qml/QtQuick/Controls/Fusion/ItemDelegate.qml"
Log:  to "build_release/bin/FocusForgeApp.app/Contents/Resources/qml/QtQuick/Controls/Fusion/ItemDelegate.qml"
Log:  copied: "/opt/homebrew/share/qt/qml/QtQuick/Controls/Fusion/Label.qml"
Log:  to "build_release/bin/FocusForgeApp.app/Contents/Resources/qml/QtQuick/Controls/Fusion/Label.qml"
Log:  copied: "/opt/homebrew/share/qt/qml/QtQuick/Controls/Fusion/libqtquickcontrols2fusionstyleplugin.dylib"
Log:  to "build_release/bin/FocusForgeApp.app/Contents/PlugIns/quick/libqtquickcontrols2fusionstyleplugin.dylib"
Log:  symlink "build_release/bin/FocusForgeApp.app/Contents/Resources/qml/QtQuick/Controls/Fusion/libqtquickcontrols2fusionstyleplugin.dylib"
Log:  points to "../../../../../PlugIns/quick/libqtquickcontrols2fusionstyleplugin.dylib"
ERROR: Cannot resolve rpath "@rpath/QtQuickControls2Fusion.framework/Versions/A/QtQuickControls2Fusion"
ERROR:  using QList("/Users/plokm/Downloads/focus-forge/lib")
ERROR: Cannot resolve rpath "@rpath/QtQuickControls2.framework/Versions/A/QtQuickControls2"
ERROR:  using QList("/Users/plokm/Downloads/focus-forge/lib")
ERROR: Cannot resolve rpath "@rpath/QtQuick.framework/Versions/A/QtQuick"
ERROR:  using QList("/Users/plokm/Downloads/focus-forge/lib")
ERROR: Cannot resolve rpath "@rpath/QtQmlMeta.framework/Versions/A/QtQmlMeta"
ERROR:  using QList("/Users/plokm/Downloads/focus-forge/lib")
ERROR: Cannot resolve rpath "@rpath/QtQmlWorkerScript.framework/Versions/A/QtQmlWorkerScript"
ERROR:  using QList("/Users/plokm/Downloads/focus-forge/lib")
ERROR: Cannot resolve rpath "@rpath/QtOpenGL.framework/Versions/A/QtOpenGL"
ERROR:  using QList("/Users/plokm/Downloads/focus-forge/lib")
ERROR: Cannot resolve rpath "@rpath/QtGui.framework/Versions/A/QtGui"
ERROR:  using QList("/Users/plokm/Downloads/focus-forge/lib")
ERROR: Cannot resolve rpath "@rpath/QtQmlModels.framework/Versions/A/QtQmlModels"
ERROR:  using QList("/Users/plokm/Downloads/focus-forge/lib")
ERROR: Cannot resolve rpath "@rpath/QtQml.framework/Versions/A/QtQml"
ERROR:  using QList("/Users/plokm/Downloads/focus-forge/lib")
ERROR: Cannot resolve rpath "@rpath/QtNetwork.framework/Versions/A/QtNetwork"
ERROR:  using QList("/Users/plokm/Downloads/focus-forge/lib")
ERROR: Cannot resolve rpath "@rpath/QtCore.framework/Versions/A/QtCore"
ERROR:  using QList("/Users/plokm/Downloads/focus-forge/lib")
Log:
Log: Deploying Qt frameworks found inside: QList("build_release/bin/FocusForgeApp.app/Contents/PlugIns/quick/libqtquickcontrols2fusionstyleplugin.dylib")
Log:  copied: "/opt/homebrew/share/qt/qml/QtQuick/Controls/Fusion/Menu.qml"
Log:  to "build_release/bin/FocusForgeApp.app/Contents/Resources/qml/QtQuick/Controls/Fusion/Menu.qml"
Log:  copied: "/opt/homebrew/share/qt/qml/QtQuick/Controls/Fusion/MenuBar.qml"
Log:  to "build_release/bin/FocusForgeApp.app/Contents/Resources/qml/QtQuick/Controls/Fusion/MenuBar.qml"
Log:  copied: "/opt/homebrew/share/qt/qml/QtQuick/Controls/Fusion/MenuBarItem.qml"
Log:  to "build_release/bin/FocusForgeApp.app/Contents/Resources/qml/QtQuick/Controls/Fusion/MenuBarItem.qml"
Log:  copied: "/opt/homebrew/share/qt/qml/QtQuick/Controls/Fusion/MenuItem.qml"
Log:  to "build_release/bin/FocusForgeApp.app/Contents/Resources/qml/QtQuick/Controls/Fusion/MenuItem.qml"
Log:  copied: "/opt/homebrew/share/qt/qml/QtQuick/Controls/Fusion/MenuSeparator.qml"
Log:  to "build_release/bin/FocusForgeApp.app/Contents/Resources/qml/QtQuick/Controls/Fusion/MenuSeparator.qml"
Log:  copied: "/opt/homebrew/share/qt/qml/QtQuick/Controls/Fusion/Page.qml"
Log:  to "build_release/bin/FocusForgeApp.app/Contents/Resources/qml/QtQuick/Controls/Fusion/Page.qml"
Log:  copied: "/opt/homebrew/share/qt/qml/QtQuick/Controls/Fusion/PageIndicator.qml"
Log:  to "build_release/bin/FocusForgeApp.app/Contents/Resources/qml/QtQuick/Controls/Fusion/PageIndicator.qml"
Log:  copied: "/opt/homebrew/share/qt/qml/QtQuick/Controls/Fusion/Pane.qml"
Log:  to "build_release/bin/FocusForgeApp.app/Contents/Resources/qml/QtQuick/Controls/Fusion/Pane.qml"
Log:  copied: "/opt/homebrew/share/qt/qml/QtQuick/Controls/Fusion/plugins.qmltypes"
Log:  to "build_release/bin/FocusForgeApp.app/Contents/Resources/qml/QtQuick/Controls/Fusion/plugins.qmltypes"
Log:  copied: "/opt/homebrew/share/qt/qml/QtQuick/Controls/Fusion/Popup.qml"
Log:  to "build_release/bin/FocusForgeApp.app/Contents/Resources/qml/QtQuick/Controls/Fusion/Popup.qml"
Log:  copied: "/opt/homebrew/share/qt/qml/QtQuick/Controls/Fusion/ProgressBar.qml"
Log:  to "build_release/bin/FocusForgeApp.app/Contents/Resources/qml/QtQuick/Controls/Fusion/ProgressBar.qml"
Log:  copied: "/opt/homebrew/share/qt/qml/QtQuick/Controls/Fusion/qmldir"
Log:  to "build_release/bin/FocusForgeApp.app/Contents/Resources/qml/QtQuick/Controls/Fusion/qmldir"
Log:  copied: "/opt/homebrew/share/qt/qml/QtQuick/Controls/Fusion/RadioButton.qml"
Log:  to "build_release/bin/FocusForgeApp.app/Contents/Resources/qml/QtQuick/Controls/Fusion/RadioButton.qml"
Log:  copied: "/opt/homebrew/share/qt/qml/QtQuick/Controls/Fusion/RadioDelegate.qml"
Log:  to "build_release/bin/FocusForgeApp.app/Contents/Resources/qml/QtQuick/Controls/Fusion/RadioDelegate.qml"
Log:  copied: "/opt/homebrew/share/qt/qml/QtQuick/Controls/Fusion/RangeSlider.qml"
Log:  to "build_release/bin/FocusForgeApp.app/Contents/Resources/qml/QtQuick/Controls/Fusion/RangeSlider.qml"
Log:  copied: "/opt/homebrew/share/qt/qml/QtQuick/Controls/Fusion/RoundButton.qml"
Log:  to "build_release/bin/FocusForgeApp.app/Contents/Resources/qml/QtQuick/Controls/Fusion/RoundButton.qml"
Log:  copied: "/opt/homebrew/share/qt/qml/QtQuick/Controls/Fusion/ScrollBar.qml"
Log:  to "build_release/bin/FocusForgeApp.app/Contents/Resources/qml/QtQuick/Controls/Fusion/ScrollBar.qml"
Log:  copied: "/opt/homebrew/share/qt/qml/QtQuick/Controls/Fusion/ScrollIndicator.qml"
Log:  to "build_release/bin/FocusForgeApp.app/Contents/Resources/qml/QtQuick/Controls/Fusion/ScrollIndicator.qml"
Log:  copied: "/opt/homebrew/share/qt/qml/QtQuick/Controls/Fusion/ScrollView.qml"
Log:  to "build_release/bin/FocusForgeApp.app/Contents/Resources/qml/QtQuick/Controls/Fusion/ScrollView.qml"
Log:  copied: "/opt/homebrew/share/qt/qml/QtQuick/Controls/Fusion/SelectionRectangle.qml"
Log:  to "build_release/bin/FocusForgeApp.app/Contents/Resources/qml/QtQuick/Controls/Fusion/SelectionRectangle.qml"
Log:  copied: "/opt/homebrew/share/qt/qml/QtQuick/Controls/Fusion/Slider.qml"
Log:  to "build_release/bin/FocusForgeApp.app/Contents/Resources/qml/QtQuick/Controls/Fusion/Slider.qml"
Log:  copied: "/opt/homebrew/share/qt/qml/QtQuick/Controls/Fusion/SpinBox.qml"
Log:  to "build_release/bin/FocusForgeApp.app/Contents/Resources/qml/QtQuick/Controls/Fusion/SpinBox.qml"
Log:  copied: "/opt/homebrew/share/qt/qml/QtQuick/Controls/Fusion/SplitView.qml"
Log:  to "build_release/bin/FocusForgeApp.app/Contents/Resources/qml/QtQuick/Controls/Fusion/SplitView.qml"
Log:  copied: "/opt/homebrew/share/qt/qml/QtQuick/Controls/Fusion/SwipeDelegate.qml"
Log:  to "build_release/bin/FocusForgeApp.app/Contents/Resources/qml/QtQuick/Controls/Fusion/SwipeDelegate.qml"
Log:  copied: "/opt/homebrew/share/qt/qml/QtQuick/Controls/Fusion/Switch.qml"
Log:  to "build_release/bin/FocusForgeApp.app/Contents/Resources/qml/QtQuick/Controls/Fusion/Switch.qml"
Log:  copied: "/opt/homebrew/share/qt/qml/QtQuick/Controls/Fusion/SwitchDelegate.qml"
Log:  to "build_release/bin/FocusForgeApp.app/Contents/Resources/qml/QtQuick/Controls/Fusion/SwitchDelegate.qml"
Log:  copied: "/opt/homebrew/share/qt/qml/QtQuick/Controls/Fusion/TabBar.qml"
Log:  to "build_release/bin/FocusForgeApp.app/Contents/Resources/qml/QtQuick/Controls/Fusion/TabBar.qml"
Log:  copied: "/opt/homebrew/share/qt/qml/QtQuick/Controls/Fusion/TabButton.qml"
Log:  to "build_release/bin/FocusForgeApp.app/Contents/Resources/qml/QtQuick/Controls/Fusion/TabButton.qml"
Log:  copied: "/opt/homebrew/share/qt/qml/QtQuick/Controls/Fusion/TextArea.qml"
Log:  to "build_release/bin/FocusForgeApp.app/Contents/Resources/qml/QtQuick/Controls/Fusion/TextArea.qml"
Log:  copied: "/opt/homebrew/share/qt/qml/QtQuick/Controls/Fusion/TextField.qml"
Log:  to "build_release/bin/FocusForgeApp.app/Contents/Resources/qml/QtQuick/Controls/Fusion/TextField.qml"
Log:  copied: "/opt/homebrew/share/qt/qml/QtQuick/Controls/Fusion/ToolBar.qml"
Log:  to "build_release/bin/FocusForgeApp.app/Contents/Resources/qml/QtQuick/Controls/Fusion/ToolBar.qml"
Log:  copied: "/opt/homebrew/share/qt/qml/QtQuick/Controls/Fusion/ToolButton.qml"
Log:  to "build_release/bin/FocusForgeApp.app/Contents/Resources/qml/QtQuick/Controls/Fusion/ToolButton.qml"
Log:  copied: "/opt/homebrew/share/qt/qml/QtQuick/Controls/Fusion/ToolSeparator.qml"
Log:  to "build_release/bin/FocusForgeApp.app/Contents/Resources/qml/QtQuick/Controls/Fusion/ToolSeparator.qml"
Log:  copied: "/opt/homebrew/share/qt/qml/QtQuick/Controls/Fusion/ToolTip.qml"
Log:  to "build_release/bin/FocusForgeApp.app/Contents/Resources/qml/QtQuick/Controls/Fusion/ToolTip.qml"
Log:  copied: "/opt/homebrew/share/qt/qml/QtQuick/Controls/Fusion/TreeViewDelegate.qml"
Log:  to "build_release/bin/FocusForgeApp.app/Contents/Resources/qml/QtQuick/Controls/Fusion/TreeViewDelegate.qml"
Log:  copied: "/opt/homebrew/share/qt/qml/QtQuick/Controls/Fusion/Tumbler.qml"
Log:  to "build_release/bin/FocusForgeApp.app/Contents/Resources/qml/QtQuick/Controls/Fusion/Tumbler.qml"
Log:  copied: "/opt/homebrew/share/qt/qml/QtQuick/Controls/Fusion/VerticalHeaderView.qml"
Log:  to "build_release/bin/FocusForgeApp.app/Contents/Resources/qml/QtQuick/Controls/Fusion/VerticalHeaderView.qml"
Log: copy: "/opt/homebrew/share/qt/qml/QtQuick/Controls/Fusion/impl" "build_release/bin/FocusForgeApp.app/Contents/Resources/qml/QtQuick/Controls/Fusion/impl"
Log:  copied: "/opt/homebrew/share/qt/qml/QtQuick/Controls/Fusion/impl/ButtonPanel.qml"
Log:  to "build_release/bin/FocusForgeApp.app/Contents/Resources/qml/QtQuick/Controls/Fusion/impl/ButtonPanel.qml"
Log:  copied: "/opt/homebrew/share/qt/qml/QtQuick/Controls/Fusion/impl/CheckIndicator.qml"
Log:  to "build_release/bin/FocusForgeApp.app/Contents/Resources/qml/QtQuick/Controls/Fusion/impl/CheckIndicator.qml"
Log:  copied: "/opt/homebrew/share/qt/qml/QtQuick/Controls/Fusion/impl/libqtquickcontrols2fusionstyleimplplugin.dylib"
Log:  to "build_release/bin/FocusForgeApp.app/Contents/PlugIns/quick/libqtquickcontrols2fusionstyleimplplugin.dylib"
Log:  symlink "build_release/bin/FocusForgeApp.app/Contents/Resources/qml/QtQuick/Controls/Fusion/impl/libqtquickcontrols2fusionstyleimplplugin.dylib"
Log:  points to "../../../../../../PlugIns/quick/libqtquickcontrols2fusionstyleimplplugin.dylib"
ERROR: Cannot resolve rpath "@rpath/QtQuickControls2FusionStyleImpl.framework/Versions/A/QtQuickControls2FusionStyleImpl"
ERROR:  using QList("/Users/plokm/Downloads/lib")
ERROR: Cannot resolve rpath "@rpath/QtQml.framework/Versions/A/QtQml"
ERROR:  using QList("/Users/plokm/Downloads/lib")
ERROR: Cannot resolve rpath "@rpath/QtNetwork.framework/Versions/A/QtNetwork"
ERROR:  using QList("/Users/plokm/Downloads/lib")
ERROR: Cannot resolve rpath "@rpath/QtCore.framework/Versions/A/QtCore"
ERROR:  using QList("/Users/plokm/Downloads/lib")
Log:
Log: Deploying Qt frameworks found inside: QList("build_release/bin/FocusForgeApp.app/Contents/PlugIns/quick/libqtquickcontrols2fusionstyleimplplugin.dylib")
Log:  copied: "/opt/homebrew/share/qt/qml/QtQuick/Controls/Fusion/impl/plugins.qmltypes"
Log:  to "build_release/bin/FocusForgeApp.app/Contents/Resources/qml/QtQuick/Controls/Fusion/impl/plugins.qmltypes"
Log:  copied: "/opt/homebrew/share/qt/qml/QtQuick/Controls/Fusion/impl/qmldir"
Log:  to "build_release/bin/FocusForgeApp.app/Contents/Resources/qml/QtQuick/Controls/Fusion/impl/qmldir"
Log:  copied: "/opt/homebrew/share/qt/qml/QtQuick/Controls/Fusion/impl/RadioIndicator.qml"
Log:  to "build_release/bin/FocusForgeApp.app/Contents/Resources/qml/QtQuick/Controls/Fusion/impl/RadioIndicator.qml"
Log:  copied: "/opt/homebrew/share/qt/qml/QtQuick/Controls/Fusion/impl/SliderGroove.qml"
Log:  to "build_release/bin/FocusForgeApp.app/Contents/Resources/qml/QtQuick/Controls/Fusion/impl/SliderGroove.qml"
Log:  copied: "/opt/homebrew/share/qt/qml/QtQuick/Controls/Fusion/impl/SliderHandle.qml"
Log:  to "build_release/bin/FocusForgeApp.app/Contents/Resources/qml/QtQuick/Controls/Fusion/impl/SliderHandle.qml"
Log:  copied: "/opt/homebrew/share/qt/qml/QtQuick/Controls/Fusion/impl/SwitchIndicator.qml"
Log:  to "build_release/bin/FocusForgeApp.app/Contents/Resources/qml/QtQuick/Controls/Fusion/impl/SwitchIndicator.qml"
Log: copy: "/opt/homebrew/share/qt/qml/QtQuick/Controls/Imagine" "build_release/bin/FocusForgeApp.app/Contents/Resources/qml/QtQuick/Controls/Imagine"
Log:  copied: "/opt/homebrew/share/qt/qml/QtQuick/Controls/Imagine/ApplicationWindow.qml"
Log:  to "build_release/bin/FocusForgeApp.app/Contents/Resources/qml/QtQuick/Controls/Imagine/ApplicationWindow.qml"
Log:  copied: "/opt/homebrew/share/qt/qml/QtQuick/Controls/Imagine/BusyIndicator.qml"
Log:  to "build_release/bin/FocusForgeApp.app/Contents/Resources/qml/QtQuick/Controls/Imagine/BusyIndicator.qml"
Log:  copied: "/opt/homebrew/share/qt/qml/QtQuick/Controls/Imagine/Button.qml"
Log:  to "build_release/bin/FocusForgeApp.app/Contents/Resources/qml/QtQuick/Controls/Imagine/Button.qml"
Log:  copied: "/opt/homebrew/share/qt/qml/QtQuick/Controls/Imagine/CheckBox.qml"
Log:  to "build_release/bin/FocusForgeApp.app/Contents/Resources/qml/QtQuick/Controls/Imagine/CheckBox.qml"
Log:  copied: "/opt/homebrew/share/qt/qml/QtQuick/Controls/Imagine/CheckDelegate.qml"
Log:  to "build_release/bin/FocusForgeApp.app/Contents/Resources/qml/QtQuick/Controls/Imagine/CheckDelegate.qml"
Log:  copied: "/opt/homebrew/share/qt/qml/QtQuick/Controls/Imagine/ComboBox.qml"
Log:  to "build_release/bin/FocusForgeApp.app/Contents/Resources/qml/QtQuick/Controls/Imagine/ComboBox.qml"
Log:  copied: "/opt/homebrew/share/qt/qml/QtQuick/Controls/Imagine/DelayButton.qml"
Log:  to "build_release/bin/FocusForgeApp.app/Contents/Resources/qml/QtQuick/Controls/Imagine/DelayButton.qml"
Log:  copied: "/opt/homebrew/share/qt/qml/QtQuick/Controls/Imagine/Dial.qml"
Log:  to "build_release/bin/FocusForgeApp.app/Contents/Resources/qml/QtQuick/Controls/Imagine/Dial.qml"
Log:  copied: "/opt/homebrew/share/qt/qml/QtQuick/Controls/Imagine/Dialog.qml"
Log:  to "build_release/bin/FocusForgeApp.app/Contents/Resources/qml/QtQuick/Controls/Imagine/Dialog.qml"
Log:  copied: "/opt/homebrew/share/qt/qml/QtQuick/Controls/Imagine/DialogButtonBox.qml"
Log:  to "build_release/bin/FocusForgeApp.app/Contents/Resources/qml/QtQuick/Controls/Imagine/DialogButtonBox.qml"
Log:  copied: "/opt/homebrew/share/qt/qml/QtQuick/Controls/Imagine/Drawer.qml"
Log:  to "build_release/bin/FocusForgeApp.app/Contents/Resources/qml/QtQuick/Controls/Imagine/Drawer.qml"
Log:  copied: "/opt/homebrew/share/qt/qml/QtQuick/Controls/Imagine/Frame.qml"
Log:  to "build_release/bin/FocusForgeApp.app/Contents/Resources/qml/QtQuick/Controls/Imagine/Frame.qml"
Log:  copied: "/opt/homebrew/share/qt/qml/QtQuick/Controls/Imagine/GroupBox.qml"
Log:  to "build_release/bin/FocusForgeApp.app/Contents/Resources/qml/QtQuick/Controls/Imagine/GroupBox.qml"
Log:  copied: "/opt/homebrew/share/qt/qml/QtQuick/Controls/Imagine/HorizontalHeaderView.qml"
Log:  to "build_release/bin/FocusForgeApp.app/Contents/Resources/qml/QtQuick/Controls/Imagine/HorizontalHeaderView.qml"
Log:  copied: "/opt/homebrew/share/qt/qml/QtQuick/Controls/Imagine/ItemDelegate.qml"
Log:  to "build_release/bin/FocusForgeApp.app/Contents/Resources/qml/QtQuick/Controls/Imagine/ItemDelegate.qml"
Log:  copied: "/opt/homebrew/share/qt/qml/QtQuick/Controls/Imagine/Label.qml"
Log:  to "build_release/bin/FocusForgeApp.app/Contents/Resources/qml/QtQuick/Controls/Imagine/Label.qml"
Log:  copied: "/opt/homebrew/share/qt/qml/QtQuick/Controls/Imagine/libqtquickcontrols2imaginestyleplugin.dylib"
Log:  to "build_release/bin/FocusForgeApp.app/Contents/PlugIns/quick/libqtquickcontrols2imaginestyleplugin.dylib"
Log:  symlink "build_release/bin/FocusForgeApp.app/Contents/Resources/qml/QtQuick/Controls/Imagine/libqtquickcontrols2imaginestyleplugin.dylib"
Log:  points to "../../../../../PlugIns/quick/libqtquickcontrols2imaginestyleplugin.dylib"
ERROR: Cannot resolve rpath "@rpath/QtQuickControls2Imagine.framework/Versions/A/QtQuickControls2Imagine"
ERROR:  using QList("/Users/plokm/Downloads/focus-forge/lib")
ERROR: Cannot resolve rpath "@rpath/QtQuickControls2.framework/Versions/A/QtQuickControls2"
ERROR:  using QList("/Users/plokm/Downloads/focus-forge/lib")
ERROR: Cannot resolve rpath "@rpath/QtQuick.framework/Versions/A/QtQuick"
ERROR:  using QList("/Users/plokm/Downloads/focus-forge/lib")
ERROR: Cannot resolve rpath "@rpath/QtQmlMeta.framework/Versions/A/QtQmlMeta"
ERROR:  using QList("/Users/plokm/Downloads/focus-forge/lib")
ERROR: Cannot resolve rpath "@rpath/QtQmlWorkerScript.framework/Versions/A/QtQmlWorkerScript"
ERROR:  using QList("/Users/plokm/Downloads/focus-forge/lib")
ERROR: Cannot resolve rpath "@rpath/QtOpenGL.framework/Versions/A/QtOpenGL"
ERROR:  using QList("/Users/plokm/Downloads/focus-forge/lib")
ERROR: Cannot resolve rpath "@rpath/QtGui.framework/Versions/A/QtGui"
ERROR:  using QList("/Users/plokm/Downloads/focus-forge/lib")
ERROR: Cannot resolve rpath "@rpath/QtQmlModels.framework/Versions/A/QtQmlModels"
ERROR:  using QList("/Users/plokm/Downloads/focus-forge/lib")
ERROR: Cannot resolve rpath "@rpath/QtQml.framework/Versions/A/QtQml"
ERROR:  using QList("/Users/plokm/Downloads/focus-forge/lib")
ERROR: Cannot resolve rpath "@rpath/QtNetwork.framework/Versions/A/QtNetwork"
ERROR:  using QList("/Users/plokm/Downloads/focus-forge/lib")
ERROR: Cannot resolve rpath "@rpath/QtCore.framework/Versions/A/QtCore"
ERROR:  using QList("/Users/plokm/Downloads/focus-forge/lib")
Log:
Log: Deploying Qt frameworks found inside: QList("build_release/bin/FocusForgeApp.app/Contents/PlugIns/quick/libqtquickcontrols2imaginestyleplugin.dylib")
Log:  copied: "/opt/homebrew/share/qt/qml/QtQuick/Controls/Imagine/Menu.qml"
Log:  to "build_release/bin/FocusForgeApp.app/Contents/Resources/qml/QtQuick/Controls/Imagine/Menu.qml"
Log:  copied: "/opt/homebrew/share/qt/qml/QtQuick/Controls/Imagine/MenuItem.qml"
Log:  to "build_release/bin/FocusForgeApp.app/Contents/Resources/qml/QtQuick/Controls/Imagine/MenuItem.qml"
Log:  copied: "/opt/homebrew/share/qt/qml/QtQuick/Controls/Imagine/MenuSeparator.qml"
Log:  to "build_release/bin/FocusForgeApp.app/Contents/Resources/qml/QtQuick/Controls/Imagine/MenuSeparator.qml"
Log:  copied: "/opt/homebrew/share/qt/qml/QtQuick/Controls/Imagine/Page.qml"
Log:  to "build_release/bin/FocusForgeApp.app/Contents/Resources/qml/QtQuick/Controls/Imagine/Page.qml"
Log:  copied: "/opt/homebrew/share/qt/qml/QtQuick/Controls/Imagine/PageIndicator.qml"
Log:  to "build_release/bin/FocusForgeApp.app/Contents/Resources/qml/QtQuick/Controls/Imagine/PageIndicator.qml"
Log:  copied: "/opt/homebrew/share/qt/qml/QtQuick/Controls/Imagine/Pane.qml"
Log:  to "build_release/bin/FocusForgeApp.app/Contents/Resources/qml/QtQuick/Controls/Imagine/Pane.qml"
Log:  copied: "/opt/homebrew/share/qt/qml/QtQuick/Controls/Imagine/plugins.qmltypes"
Log:  to "build_release/bin/FocusForgeApp.app/Contents/Resources/qml/QtQuick/Controls/Imagine/plugins.qmltypes"
Log:  copied: "/opt/homebrew/share/qt/qml/QtQuick/Controls/Imagine/Popup.qml"
Log:  to "build_release/bin/FocusForgeApp.app/Contents/Resources/qml/QtQuick/Controls/Imagine/Popup.qml"
Log:  copied: "/opt/homebrew/share/qt/qml/QtQuick/Controls/Imagine/ProgressBar.qml"
Log:  to "build_release/bin/FocusForgeApp.app/Contents/Resources/qml/QtQuick/Controls/Imagine/ProgressBar.qml"
Log:  copied: "/opt/homebrew/share/qt/qml/QtQuick/Controls/Imagine/qmldir"
Log:  to "build_release/bin/FocusForgeApp.app/Contents/Resources/qml/QtQuick/Controls/Imagine/qmldir"
Log:  copied: "/opt/homebrew/share/qt/qml/QtQuick/Controls/Imagine/RadioButton.qml"
Log:  to "build_release/bin/FocusForgeApp.app/Contents/Resources/qml/QtQuick/Controls/Imagine/RadioButton.qml"
Log:  copied: "/opt/homebrew/share/qt/qml/QtQuick/Controls/Imagine/RadioDelegate.qml"
Log:  to "build_release/bin/FocusForgeApp.app/Contents/Resources/qml/QtQuick/Controls/Imagine/RadioDelegate.qml"
Log:  copied: "/opt/homebrew/share/qt/qml/QtQuick/Controls/Imagine/RangeSlider.qml"
Log:  to "build_release/bin/FocusForgeApp.app/Contents/Resources/qml/QtQuick/Controls/Imagine/RangeSlider.qml"
Log:  copied: "/opt/homebrew/share/qt/qml/QtQuick/Controls/Imagine/RoundButton.qml"
Log:  to "build_release/bin/FocusForgeApp.app/Contents/Resources/qml/QtQuick/Controls/Imagine/RoundButton.qml"
Log:  copied: "/opt/homebrew/share/qt/qml/QtQuick/Controls/Imagine/ScrollBar.qml"
Log:  to "build_release/bin/FocusForgeApp.app/Contents/Resources/qml/QtQuick/Controls/Imagine/ScrollBar.qml"
Log:  copied: "/opt/homebrew/share/qt/qml/QtQuick/Controls/Imagine/ScrollIndicator.qml"
Log:  to "build_release/bin/FocusForgeApp.app/Contents/Resources/qml/QtQuick/Controls/Imagine/ScrollIndicator.qml"
Log:  copied: "/opt/homebrew/share/qt/qml/QtQuick/Controls/Imagine/ScrollView.qml"
Log:  to "build_release/bin/FocusForgeApp.app/Contents/Resources/qml/QtQuick/Controls/Imagine/ScrollView.qml"
Log:  copied: "/opt/homebrew/share/qt/qml/QtQuick/Controls/Imagine/SelectionRectangle.qml"
Log:  to "build_release/bin/FocusForgeApp.app/Contents/Resources/qml/QtQuick/Controls/Imagine/SelectionRectangle.qml"
Log:  copied: "/opt/homebrew/share/qt/qml/QtQuick/Controls/Imagine/Slider.qml"
Log:  to "build_release/bin/FocusForgeApp.app/Contents/Resources/qml/QtQuick/Controls/Imagine/Slider.qml"
Log:  copied: "/opt/homebrew/share/qt/qml/QtQuick/Controls/Imagine/SpinBox.qml"
Log:  to "build_release/bin/FocusForgeApp.app/Contents/Resources/qml/QtQuick/Controls/Imagine/SpinBox.qml"
Log:  copied: "/opt/homebrew/share/qt/qml/QtQuick/Controls/Imagine/SplitView.qml"
Log:  to "build_release/bin/FocusForgeApp.app/Contents/Resources/qml/QtQuick/Controls/Imagine/SplitView.qml"
Log:  copied: "/opt/homebrew/share/qt/qml/QtQuick/Controls/Imagine/StackView.qml"
Log:  to "build_release/bin/FocusForgeApp.app/Contents/Resources/qml/QtQuick/Controls/Imagine/StackView.qml"
Log:  copied: "/opt/homebrew/share/qt/qml/QtQuick/Controls/Imagine/SwipeDelegate.qml"
Log:  to "build_release/bin/FocusForgeApp.app/Contents/Resources/qml/QtQuick/Controls/Imagine/SwipeDelegate.qml"
Log:  copied: "/opt/homebrew/share/qt/qml/QtQuick/Controls/Imagine/SwipeView.qml"
Log:  to "build_release/bin/FocusForgeApp.app/Contents/Resources/qml/QtQuick/Controls/Imagine/SwipeView.qml"
Log:  copied: "/opt/homebrew/share/qt/qml/QtQuick/Controls/Imagine/Switch.qml"
Log:  to "build_release/bin/FocusForgeApp.app/Contents/Resources/qml/QtQuick/Controls/Imagine/Switch.qml"
Log:  copied: "/opt/homebrew/share/qt/qml/QtQuick/Controls/Imagine/SwitchDelegate.qml"
Log:  to "build_release/bin/FocusForgeApp.app/Contents/Resources/qml/QtQuick/Controls/Imagine/SwitchDelegate.qml"
Log:  copied: "/opt/homebrew/share/qt/qml/QtQuick/Controls/Imagine/TabBar.qml"
Log:  to "build_release/bin/FocusForgeApp.app/Contents/Resources/qml/QtQuick/Controls/Imagine/TabBar.qml"
Log:  copied: "/opt/homebrew/share/qt/qml/QtQuick/Controls/Imagine/TabButton.qml"
Log:  to "build_release/bin/FocusForgeApp.app/Contents/Resources/qml/QtQuick/Controls/Imagine/TabButton.qml"
Log:  copied: "/opt/homebrew/share/qt/qml/QtQuick/Controls/Imagine/TextArea.qml"
Log:  to "build_release/bin/FocusForgeApp.app/Contents/Resources/qml/QtQuick/Controls/Imagine/TextArea.qml"
Log:  copied: "/opt/homebrew/share/qt/qml/QtQuick/Controls/Imagine/TextField.qml"
Log:  to "build_release/bin/FocusForgeApp.app/Contents/Resources/qml/QtQuick/Controls/Imagine/TextField.qml"
Log:  copied: "/opt/homebrew/share/qt/qml/QtQuick/Controls/Imagine/ToolBar.qml"
Log:  to "build_release/bin/FocusForgeApp.app/Contents/Resources/qml/QtQuick/Controls/Imagine/ToolBar.qml"
Log:  copied: "/opt/homebrew/share/qt/qml/QtQuick/Controls/Imagine/ToolButton.qml"
Log:  to "build_release/bin/FocusForgeApp.app/Contents/Resources/qml/QtQuick/Controls/Imagine/ToolButton.qml"
Log:  copied: "/opt/homebrew/share/qt/qml/QtQuick/Controls/Imagine/ToolSeparator.qml"
Log:  to "build_release/bin/FocusForgeApp.app/Contents/Resources/qml/QtQuick/Controls/Imagine/ToolSeparator.qml"
Log:  copied: "/opt/homebrew/share/qt/qml/QtQuick/Controls/Imagine/ToolTip.qml"
Log:  to "build_release/bin/FocusForgeApp.app/Contents/Resources/qml/QtQuick/Controls/Imagine/ToolTip.qml"
Log:  copied: "/opt/homebrew/share/qt/qml/QtQuick/Controls/Imagine/Tumbler.qml"
Log:  to "build_release/bin/FocusForgeApp.app/Contents/Resources/qml/QtQuick/Controls/Imagine/Tumbler.qml"
Log:  copied: "/opt/homebrew/share/qt/qml/QtQuick/Controls/Imagine/VerticalHeaderView.qml"
Log:  to "build_release/bin/FocusForgeApp.app/Contents/Resources/qml/QtQuick/Controls/Imagine/VerticalHeaderView.qml"
Log: copy: "/opt/homebrew/share/qt/qml/QtQuick/Controls/Imagine/impl" "build_release/bin/FocusForgeApp.app/Contents/Resources/qml/QtQuick/Controls/Imagine/impl"
Log:  copied: "/opt/homebrew/share/qt/qml/QtQuick/Controls/Imagine/impl/libqtquickcontrols2imaginestyleimplplugin.dylib"
Log:  to "build_release/bin/FocusForgeApp.app/Contents/PlugIns/quick/libqtquickcontrols2imaginestyleimplplugin.dylib"
Log:  symlink "build_release/bin/FocusForgeApp.app/Contents/Resources/qml/QtQuick/Controls/Imagine/impl/libqtquickcontrols2imaginestyleimplplugin.dylib"
Log:  points to "../../../../../../PlugIns/quick/libqtquickcontrols2imaginestyleimplplugin.dylib"
ERROR: Cannot resolve rpath "@rpath/QtQuickControls2ImagineStyleImpl.framework/Versions/A/QtQuickControls2ImagineStyleImpl"
ERROR:  using QList("/Users/plokm/Downloads/lib")
ERROR: Cannot resolve rpath "@rpath/QtQml.framework/Versions/A/QtQml"
ERROR:  using QList("/Users/plokm/Downloads/lib")
ERROR: Cannot resolve rpath "@rpath/QtNetwork.framework/Versions/A/QtNetwork"
ERROR:  using QList("/Users/plokm/Downloads/lib")
ERROR: Cannot resolve rpath "@rpath/QtCore.framework/Versions/A/QtCore"
ERROR:  using QList("/Users/plokm/Downloads/lib")
Log:
Log: Deploying Qt frameworks found inside: QList("build_release/bin/FocusForgeApp.app/Contents/PlugIns/quick/libqtquickcontrols2imaginestyleimplplugin.dylib")
Log:  copied: "/opt/homebrew/share/qt/qml/QtQuick/Controls/Imagine/impl/OpacityMask.qml"
Log:  to "build_release/bin/FocusForgeApp.app/Contents/Resources/qml/QtQuick/Controls/Imagine/impl/OpacityMask.qml"
Log:  copied: "/opt/homebrew/share/qt/qml/QtQuick/Controls/Imagine/impl/qmldir"
Log:  to "build_release/bin/FocusForgeApp.app/Contents/Resources/qml/QtQuick/Controls/Imagine/impl/qmldir"
Log:  copied: "/opt/homebrew/share/qt/qml/QtQuick/Controls/Imagine/impl/QuickControls2ImagineStyleImpl.qmltypes"
Log:  to "build_release/bin/FocusForgeApp.app/Contents/Resources/qml/QtQuick/Controls/Imagine/impl/QuickControls2ImagineStyleImpl.qmltypes"
Log: copy: "/opt/homebrew/share/qt/qml/QtQuick/Controls/impl" "build_release/bin/FocusForgeApp.app/Contents/Resources/qml/QtQuick/Controls/impl"
Log:  copied: "/opt/homebrew/share/qt/qml/QtQuick/Controls/impl/libqtquickcontrols2implplugin.dylib"
Log:  to "build_release/bin/FocusForgeApp.app/Contents/PlugIns/quick/libqtquickcontrols2implplugin.dylib"
Log:  symlink "build_release/bin/FocusForgeApp.app/Contents/Resources/qml/QtQuick/Controls/impl/libqtquickcontrols2implplugin.dylib"
Log:  points to "../../../../../PlugIns/quick/libqtquickcontrols2implplugin.dylib"
ERROR: Cannot resolve rpath "@rpath/QtQuickControls2Impl.framework/Versions/A/QtQuickControls2Impl"
ERROR:  using QList("/Users/plokm/Downloads/focus-forge/lib")
ERROR: Cannot resolve rpath "@rpath/QtQuick.framework/Versions/A/QtQuick"
ERROR:  using QList("/Users/plokm/Downloads/focus-forge/lib")
ERROR: Cannot resolve rpath "@rpath/QtQmlMeta.framework/Versions/A/QtQmlMeta"
ERROR:  using QList("/Users/plokm/Downloads/focus-forge/lib")
ERROR: Cannot resolve rpath "@rpath/QtQmlWorkerScript.framework/Versions/A/QtQmlWorkerScript"
ERROR:  using QList("/Users/plokm/Downloads/focus-forge/lib")
ERROR: Cannot resolve rpath "@rpath/QtOpenGL.framework/Versions/A/QtOpenGL"
ERROR:  using QList("/Users/plokm/Downloads/focus-forge/lib")
ERROR: Cannot resolve rpath "@rpath/QtGui.framework/Versions/A/QtGui"
ERROR:  using QList("/Users/plokm/Downloads/focus-forge/lib")
ERROR: Cannot resolve rpath "@rpath/QtQmlModels.framework/Versions/A/QtQmlModels"
ERROR:  using QList("/Users/plokm/Downloads/focus-forge/lib")
ERROR: Cannot resolve rpath "@rpath/QtQml.framework/Versions/A/QtQml"
ERROR:  using QList("/Users/plokm/Downloads/focus-forge/lib")
ERROR: Cannot resolve rpath "@rpath/QtNetwork.framework/Versions/A/QtNetwork"
ERROR:  using QList("/Users/plokm/Downloads/focus-forge/lib")
ERROR: Cannot resolve rpath "@rpath/QtCore.framework/Versions/A/QtCore"
ERROR:  using QList("/Users/plokm/Downloads/focus-forge/lib")
Log:
Log: Deploying Qt frameworks found inside: QList("build_release/bin/FocusForgeApp.app/Contents/PlugIns/quick/libqtquickcontrols2implplugin.dylib")
Log:  copied: "/opt/homebrew/share/qt/qml/QtQuick/Controls/impl/plugins.qmltypes"
Log:  to "build_release/bin/FocusForgeApp.app/Contents/Resources/qml/QtQuick/Controls/impl/plugins.qmltypes"
Log:  copied: "/opt/homebrew/share/qt/qml/QtQuick/Controls/impl/qmldir"
Log:  to "build_release/bin/FocusForgeApp.app/Contents/Resources/qml/QtQuick/Controls/impl/qmldir"
Log: copy: "/opt/homebrew/share/qt/qml/QtQuick/Controls/iOS" "build_release/bin/FocusForgeApp.app/Contents/Resources/qml/QtQuick/Controls/iOS"
Log:  copied: "/opt/homebrew/share/qt/qml/QtQuick/Controls/iOS/BusyIndicator.qml"
Log:  to "build_release/bin/FocusForgeApp.app/Contents/Resources/qml/QtQuick/Controls/iOS/BusyIndicator.qml"
Log:  copied: "/opt/homebrew/share/qt/qml/QtQuick/Controls/iOS/Button.qml"
Log:  to "build_release/bin/FocusForgeApp.app/Contents/Resources/qml/QtQuick/Controls/iOS/Button.qml"
Log:  copied: "/opt/homebrew/share/qt/qml/QtQuick/Controls/iOS/CheckBox.qml"
Log:  to "build_release/bin/FocusForgeApp.app/Contents/Resources/qml/QtQuick/Controls/iOS/CheckBox.qml"
Log:  copied: "/opt/homebrew/share/qt/qml/QtQuick/Controls/iOS/CheckDelegate.qml"
Log:  to "build_release/bin/FocusForgeApp.app/Contents/Resources/qml/QtQuick/Controls/iOS/CheckDelegate.qml"
Log:  copied: "/opt/homebrew/share/qt/qml/QtQuick/Controls/iOS/ComboBox.qml"
Log:  to "build_release/bin/FocusForgeApp.app/Contents/Resources/qml/QtQuick/Controls/iOS/ComboBox.qml"
Log:  copied: "/opt/homebrew/share/qt/qml/QtQuick/Controls/iOS/DelayButton.qml"
Log:  to "build_release/bin/FocusForgeApp.app/Contents/Resources/qml/QtQuick/Controls/iOS/DelayButton.qml"
Log:  copied: "/opt/homebrew/share/qt/qml/QtQuick/Controls/iOS/Dial.qml"
Log:  to "build_release/bin/FocusForgeApp.app/Contents/Resources/qml/QtQuick/Controls/iOS/Dial.qml"
Log:  copied: "/opt/homebrew/share/qt/qml/QtQuick/Controls/iOS/Dialog.qml"
Log:  to "build_release/bin/FocusForgeApp.app/Contents/Resources/qml/QtQuick/Controls/iOS/Dialog.qml"
Log:  copied: "/opt/homebrew/share/qt/qml/QtQuick/Controls/iOS/DialogButtonBox.qml"
Log:  to "build_release/bin/FocusForgeApp.app/Contents/Resources/qml/QtQuick/Controls/iOS/DialogButtonBox.qml"
Log:  copied: "/opt/homebrew/share/qt/qml/QtQuick/Controls/iOS/Drawer.qml"
Log:  to "build_release/bin/FocusForgeApp.app/Contents/Resources/qml/QtQuick/Controls/iOS/Drawer.qml"
Log:  copied: "/opt/homebrew/share/qt/qml/QtQuick/Controls/iOS/Frame.qml"
Log:  to "build_release/bin/FocusForgeApp.app/Contents/Resources/qml/QtQuick/Controls/iOS/Frame.qml"
Log:  copied: "/opt/homebrew/share/qt/qml/QtQuick/Controls/iOS/GroupBox.qml"
Log:  to "build_release/bin/FocusForgeApp.app/Contents/Resources/qml/QtQuick/Controls/iOS/GroupBox.qml"
Log:  copied: "/opt/homebrew/share/qt/qml/QtQuick/Controls/iOS/HorizontalHeaderView.qml"
Log:  to "build_release/bin/FocusForgeApp.app/Contents/Resources/qml/QtQuick/Controls/iOS/HorizontalHeaderView.qml"
Log:  copied: "/opt/homebrew/share/qt/qml/QtQuick/Controls/iOS/ItemDelegate.qml"
Log:  to "build_release/bin/FocusForgeApp.app/Contents/Resources/qml/QtQuick/Controls/iOS/ItemDelegate.qml"
Log:  copied: "/opt/homebrew/share/qt/qml/QtQuick/Controls/iOS/libqtquickcontrols2iosstyleplugin.dylib"
Log:  to "build_release/bin/FocusForgeApp.app/Contents/PlugIns/quick/libqtquickcontrols2iosstyleplugin.dylib"
Log:  symlink "build_release/bin/FocusForgeApp.app/Contents/Resources/qml/QtQuick/Controls/iOS/libqtquickcontrols2iosstyleplugin.dylib"
Log:  points to "../../../../../PlugIns/quick/libqtquickcontrols2iosstyleplugin.dylib"
ERROR: Cannot resolve rpath "@rpath/QtQuickControls2IOSStyleImpl.framework/Versions/A/QtQuickControls2IOSStyleImpl"
ERROR:  using QList("/Users/plokm/Downloads/focus-forge/lib")
ERROR: Cannot resolve rpath "@rpath/QtQuickControls2Impl.framework/Versions/A/QtQuickControls2Impl"
ERROR:  using QList("/Users/plokm/Downloads/focus-forge/lib")
ERROR: Cannot resolve rpath "@rpath/QtQuickControls2.framework/Versions/A/QtQuickControls2"
ERROR:  using QList("/Users/plokm/Downloads/focus-forge/lib")
ERROR: Cannot resolve rpath "@rpath/QtQuickTemplates2.framework/Versions/A/QtQuickTemplates2"
ERROR:  using QList("/Users/plokm/Downloads/focus-forge/lib")
ERROR: Cannot resolve rpath "@rpath/QtQuick.framework/Versions/A/QtQuick"
ERROR:  using QList("/Users/plokm/Downloads/focus-forge/lib")
ERROR: Cannot resolve rpath "@rpath/QtQmlMeta.framework/Versions/A/QtQmlMeta"
ERROR:  using QList("/Users/plokm/Downloads/focus-forge/lib")
ERROR: Cannot resolve rpath "@rpath/QtQmlWorkerScript.framework/Versions/A/QtQmlWorkerScript"
ERROR:  using QList("/Users/plokm/Downloads/focus-forge/lib")
ERROR: Cannot resolve rpath "@rpath/QtOpenGL.framework/Versions/A/QtOpenGL"
ERROR:  using QList("/Users/plokm/Downloads/focus-forge/lib")
ERROR: Cannot resolve rpath "@rpath/QtGui.framework/Versions/A/QtGui"
ERROR:  using QList("/Users/plokm/Downloads/focus-forge/lib")
ERROR: Cannot resolve rpath "@rpath/QtQmlModels.framework/Versions/A/QtQmlModels"
ERROR:  using QList("/Users/plokm/Downloads/focus-forge/lib")
ERROR: Cannot resolve rpath "@rpath/QtQml.framework/Versions/A/QtQml"
ERROR:  using QList("/Users/plokm/Downloads/focus-forge/lib")
ERROR: Cannot resolve rpath "@rpath/QtNetwork.framework/Versions/A/QtNetwork"
ERROR:  using QList("/Users/plokm/Downloads/focus-forge/lib")
ERROR: Cannot resolve rpath "@rpath/QtCore.framework/Versions/A/QtCore"
ERROR:  using QList("/Users/plokm/Downloads/focus-forge/lib")
Log:
Log: Deploying Qt frameworks found inside: QList("build_release/bin/FocusForgeApp.app/Contents/PlugIns/quick/libqtquickcontrols2iosstyleplugin.dylib")
Log:  copied: "/opt/homebrew/share/qt/qml/QtQuick/Controls/iOS/Menu.qml"
Log:  to "build_release/bin/FocusForgeApp.app/Contents/Resources/qml/QtQuick/Controls/iOS/Menu.qml"
Log:  copied: "/opt/homebrew/share/qt/qml/QtQuick/Controls/iOS/MenuBar.qml"
Log:  to "build_release/bin/FocusForgeApp.app/Contents/Resources/qml/QtQuick/Controls/iOS/MenuBar.qml"
Log:  copied: "/opt/homebrew/share/qt/qml/QtQuick/Controls/iOS/MenuBarItem.qml"
Log:  to "build_release/bin/FocusForgeApp.app/Contents/Resources/qml/QtQuick/Controls/iOS/MenuBarItem.qml"
Log:  copied: "/opt/homebrew/share/qt/qml/QtQuick/Controls/iOS/MenuItem.qml"
Log:  to "build_release/bin/FocusForgeApp.app/Contents/Resources/qml/QtQuick/Controls/iOS/MenuItem.qml"
Log:  copied: "/opt/homebrew/share/qt/qml/QtQuick/Controls/iOS/MenuSeparator.qml"
Log:  to "build_release/bin/FocusForgeApp.app/Contents/Resources/qml/QtQuick/Controls/iOS/MenuSeparator.qml"
Log:  copied: "/opt/homebrew/share/qt/qml/QtQuick/Controls/iOS/PageIndicator.qml"
Log:  to "build_release/bin/FocusForgeApp.app/Contents/Resources/qml/QtQuick/Controls/iOS/PageIndicator.qml"
Log:  copied: "/opt/homebrew/share/qt/qml/QtQuick/Controls/iOS/plugins.qmltypes"
Log:  to "build_release/bin/FocusForgeApp.app/Contents/Resources/qml/QtQuick/Controls/iOS/plugins.qmltypes"
Log:  copied: "/opt/homebrew/share/qt/qml/QtQuick/Controls/iOS/Popup.qml"
Log:  to "build_release/bin/FocusForgeApp.app/Contents/Resources/qml/QtQuick/Controls/iOS/Popup.qml"
Log:  copied: "/opt/homebrew/share/qt/qml/QtQuick/Controls/iOS/ProgressBar.qml"
Log:  to "build_release/bin/FocusForgeApp.app/Contents/Resources/qml/QtQuick/Controls/iOS/ProgressBar.qml"
Log:  copied: "/opt/homebrew/share/qt/qml/QtQuick/Controls/iOS/qmldir"
Log:  to "build_release/bin/FocusForgeApp.app/Contents/Resources/qml/QtQuick/Controls/iOS/qmldir"
Log:  copied: "/opt/homebrew/share/qt/qml/QtQuick/Controls/iOS/RadioButton.qml"
Log:  to "build_release/bin/FocusForgeApp.app/Contents/Resources/qml/QtQuick/Controls/iOS/RadioButton.qml"
Log:  copied: "/opt/homebrew/share/qt/qml/QtQuick/Controls/iOS/RadioDelegate.qml"
Log:  to "build_release/bin/FocusForgeApp.app/Contents/Resources/qml/QtQuick/Controls/iOS/RadioDelegate.qml"
Log:  copied: "/opt/homebrew/share/qt/qml/QtQuick/Controls/iOS/RangeSlider.qml"
Log:  to "build_release/bin/FocusForgeApp.app/Contents/Resources/qml/QtQuick/Controls/iOS/RangeSlider.qml"
Log:  copied: "/opt/homebrew/share/qt/qml/QtQuick/Controls/iOS/ScrollBar.qml"
Log:  to "build_release/bin/FocusForgeApp.app/Contents/Resources/qml/QtQuick/Controls/iOS/ScrollBar.qml"
Log:  copied: "/opt/homebrew/share/qt/qml/QtQuick/Controls/iOS/ScrollIndicator.qml"
Log:  to "build_release/bin/FocusForgeApp.app/Contents/Resources/qml/QtQuick/Controls/iOS/ScrollIndicator.qml"
Log:  copied: "/opt/homebrew/share/qt/qml/QtQuick/Controls/iOS/SelectionRectangle.qml"
Log:  to "build_release/bin/FocusForgeApp.app/Contents/Resources/qml/QtQuick/Controls/iOS/SelectionRectangle.qml"
Log:  copied: "/opt/homebrew/share/qt/qml/QtQuick/Controls/iOS/Slider.qml"
Log:  to "build_release/bin/FocusForgeApp.app/Contents/Resources/qml/QtQuick/Controls/iOS/Slider.qml"
Log:  copied: "/opt/homebrew/share/qt/qml/QtQuick/Controls/iOS/SpinBox.qml"
Log:  to "build_release/bin/FocusForgeApp.app/Contents/Resources/qml/QtQuick/Controls/iOS/SpinBox.qml"
Log:  copied: "/opt/homebrew/share/qt/qml/QtQuick/Controls/iOS/SplitView.qml"
Log:  to "build_release/bin/FocusForgeApp.app/Contents/Resources/qml/QtQuick/Controls/iOS/SplitView.qml"
Log:  copied: "/opt/homebrew/share/qt/qml/QtQuick/Controls/iOS/StackView.qml"
Log:  to "build_release/bin/FocusForgeApp.app/Contents/Resources/qml/QtQuick/Controls/iOS/StackView.qml"
Log:  copied: "/opt/homebrew/share/qt/qml/QtQuick/Controls/iOS/SwipeDelegate.qml"
Log:  to "build_release/bin/FocusForgeApp.app/Contents/Resources/qml/QtQuick/Controls/iOS/SwipeDelegate.qml"
Log:  copied: "/opt/homebrew/share/qt/qml/QtQuick/Controls/iOS/Switch.qml"
Log:  to "build_release/bin/FocusForgeApp.app/Contents/Resources/qml/QtQuick/Controls/iOS/Switch.qml"
Log:  copied: "/opt/homebrew/share/qt/qml/QtQuick/Controls/iOS/SwitchDelegate.qml"
Log:  to "build_release/bin/FocusForgeApp.app/Contents/Resources/qml/QtQuick/Controls/iOS/SwitchDelegate.qml"
Log:  copied: "/opt/homebrew/share/qt/qml/QtQuick/Controls/iOS/TabBar.qml"
Log:  to "build_release/bin/FocusForgeApp.app/Contents/Resources/qml/QtQuick/Controls/iOS/TabBar.qml"
Log:  copied: "/opt/homebrew/share/qt/qml/QtQuick/Controls/iOS/TabButton.qml"
Log:  to "build_release/bin/FocusForgeApp.app/Contents/Resources/qml/QtQuick/Controls/iOS/TabButton.qml"
Log:  copied: "/opt/homebrew/share/qt/qml/QtQuick/Controls/iOS/TextArea.qml"
Log:  to "build_release/bin/FocusForgeApp.app/Contents/Resources/qml/QtQuick/Controls/iOS/TextArea.qml"
Log:  copied: "/opt/homebrew/share/qt/qml/QtQuick/Controls/iOS/TextField.qml"
Log:  to "build_release/bin/FocusForgeApp.app/Contents/Resources/qml/QtQuick/Controls/iOS/TextField.qml"
Log:  copied: "/opt/homebrew/share/qt/qml/QtQuick/Controls/iOS/ToolBar.qml"
Log:  to "build_release/bin/FocusForgeApp.app/Contents/Resources/qml/QtQuick/Controls/iOS/ToolBar.qml"
Log:  copied: "/opt/homebrew/share/qt/qml/QtQuick/Controls/iOS/ToolButton.qml"
Log:  to "build_release/bin/FocusForgeApp.app/Contents/Resources/qml/QtQuick/Controls/iOS/ToolButton.qml"
Log:  copied: "/opt/homebrew/share/qt/qml/QtQuick/Controls/iOS/ToolSeparator.qml"
Log:  to "build_release/bin/FocusForgeApp.app/Contents/Resources/qml/QtQuick/Controls/iOS/ToolSeparator.qml"
Log:  copied: "/opt/homebrew/share/qt/qml/QtQuick/Controls/iOS/ToolTip.qml"
Log:  to "build_release/bin/FocusForgeApp.app/Contents/Resources/qml/QtQuick/Controls/iOS/ToolTip.qml"
Log:  copied: "/opt/homebrew/share/qt/qml/QtQuick/Controls/iOS/TreeViewDelegate.qml"
Log:  to "build_release/bin/FocusForgeApp.app/Contents/Resources/qml/QtQuick/Controls/iOS/TreeViewDelegate.qml"
Log:  copied: "/opt/homebrew/share/qt/qml/QtQuick/Controls/iOS/VerticalHeaderView.qml"
Log:  to "build_release/bin/FocusForgeApp.app/Contents/Resources/qml/QtQuick/Controls/iOS/VerticalHeaderView.qml"
Log: copy: "/opt/homebrew/share/qt/qml/QtQuick/Controls/iOS/impl" "build_release/bin/FocusForgeApp.app/Contents/Resources/qml/QtQuick/Controls/iOS/impl"
Log:  copied: "/opt/homebrew/share/qt/qml/QtQuick/Controls/iOS/impl/CursorDelegate.qml"
Log:  to "build_release/bin/FocusForgeApp.app/Contents/Resources/qml/QtQuick/Controls/iOS/impl/CursorDelegate.qml"
Log:  copied: "/opt/homebrew/share/qt/qml/QtQuick/Controls/iOS/impl/DialogButtonBoxDelegate.qml"
Log:  to "build_release/bin/FocusForgeApp.app/Contents/Resources/qml/QtQuick/Controls/iOS/impl/DialogButtonBoxDelegate.qml"
Log:  copied: "/opt/homebrew/share/qt/qml/QtQuick/Controls/iOS/impl/libqtquickcontrols2iosstyleimplplugin.dylib"
Log:  to "build_release/bin/FocusForgeApp.app/Contents/PlugIns/quick/libqtquickcontrols2iosstyleimplplugin.dylib"
Log:  symlink "build_release/bin/FocusForgeApp.app/Contents/Resources/qml/QtQuick/Controls/iOS/impl/libqtquickcontrols2iosstyleimplplugin.dylib"
Log:  points to "../../../../../../PlugIns/quick/libqtquickcontrols2iosstyleimplplugin.dylib"
ERROR: Cannot resolve rpath "@rpath/QtQuickControls2IOSStyleImpl.framework/Versions/A/QtQuickControls2IOSStyleImpl"
ERROR:  using QList("/Users/plokm/Downloads/lib")
ERROR: Cannot resolve rpath "@rpath/QtQml.framework/Versions/A/QtQml"
ERROR:  using QList("/Users/plokm/Downloads/lib")
ERROR: Cannot resolve rpath "@rpath/QtNetwork.framework/Versions/A/QtNetwork"
ERROR:  using QList("/Users/plokm/Downloads/lib")
ERROR: Cannot resolve rpath "@rpath/QtCore.framework/Versions/A/QtCore"
ERROR:  using QList("/Users/plokm/Downloads/lib")
Log:
Log: Deploying Qt frameworks found inside: QList("build_release/bin/FocusForgeApp.app/Contents/PlugIns/quick/libqtquickcontrols2iosstyleimplplugin.dylib")
Log:  copied: "/opt/homebrew/share/qt/qml/QtQuick/Controls/iOS/impl/plugins.qmltypes"
Log:  to "build_release/bin/FocusForgeApp.app/Contents/Resources/qml/QtQuick/Controls/iOS/impl/plugins.qmltypes"
Log:  copied: "/opt/homebrew/share/qt/qml/QtQuick/Controls/iOS/impl/qmldir"
Log:  to "build_release/bin/FocusForgeApp.app/Contents/Resources/qml/QtQuick/Controls/iOS/impl/qmldir"
Log: copy: "/opt/homebrew/share/qt/qml/QtQuick/Controls/macOS" "build_release/bin/FocusForgeApp.app/Contents/Resources/qml/QtQuick/Controls/macOS"
Log:  copied: "/opt/homebrew/share/qt/qml/QtQuick/Controls/macOS/BusyIndicator.qml"
Log:  to "build_release/bin/FocusForgeApp.app/Contents/Resources/qml/QtQuick/Controls/macOS/BusyIndicator.qml"
Log:  copied: "/opt/homebrew/share/qt/qml/QtQuick/Controls/macOS/Button.qml"
Log:  to "build_release/bin/FocusForgeApp.app/Contents/Resources/qml/QtQuick/Controls/macOS/Button.qml"
Log:  copied: "/opt/homebrew/share/qt/qml/QtQuick/Controls/macOS/CheckBox.qml"
Log:  to "build_release/bin/FocusForgeApp.app/Contents/Resources/qml/QtQuick/Controls/macOS/CheckBox.qml"
Log:  copied: "/opt/homebrew/share/qt/qml/QtQuick/Controls/macOS/CheckDelegate.qml"
Log:  to "build_release/bin/FocusForgeApp.app/Contents/Resources/qml/QtQuick/Controls/macOS/CheckDelegate.qml"
Log:  copied: "/opt/homebrew/share/qt/qml/QtQuick/Controls/macOS/ComboBox.qml"
Log:  to "build_release/bin/FocusForgeApp.app/Contents/Resources/qml/QtQuick/Controls/macOS/ComboBox.qml"
Log:  copied: "/opt/homebrew/share/qt/qml/QtQuick/Controls/macOS/DelayButton.qml"
Log:  to "build_release/bin/FocusForgeApp.app/Contents/Resources/qml/QtQuick/Controls/macOS/DelayButton.qml"
Log:  copied: "/opt/homebrew/share/qt/qml/QtQuick/Controls/macOS/Dial.qml"
Log:  to "build_release/bin/FocusForgeApp.app/Contents/Resources/qml/QtQuick/Controls/macOS/Dial.qml"
Log:  copied: "/opt/homebrew/share/qt/qml/QtQuick/Controls/macOS/Dialog.qml"
Log:  to "build_release/bin/FocusForgeApp.app/Contents/Resources/qml/QtQuick/Controls/macOS/Dialog.qml"
Log:  copied: "/opt/homebrew/share/qt/qml/QtQuick/Controls/macOS/DialogButtonBox.qml"
Log:  to "build_release/bin/FocusForgeApp.app/Contents/Resources/qml/QtQuick/Controls/macOS/DialogButtonBox.qml"
Log:  copied: "/opt/homebrew/share/qt/qml/QtQuick/Controls/macOS/Frame.qml"
Log:  to "build_release/bin/FocusForgeApp.app/Contents/Resources/qml/QtQuick/Controls/macOS/Frame.qml"
Log:  copied: "/opt/homebrew/share/qt/qml/QtQuick/Controls/macOS/GroupBox.qml"
Log:  to "build_release/bin/FocusForgeApp.app/Contents/Resources/qml/QtQuick/Controls/macOS/GroupBox.qml"
Log:  copied: "/opt/homebrew/share/qt/qml/QtQuick/Controls/macOS/ItemDelegate.qml"
Log:  to "build_release/bin/FocusForgeApp.app/Contents/Resources/qml/QtQuick/Controls/macOS/ItemDelegate.qml"
Log:  copied: "/opt/homebrew/share/qt/qml/QtQuick/Controls/macOS/libqtquickcontrols2macosstyleplugin.dylib"
Log:  to "build_release/bin/FocusForgeApp.app/Contents/PlugIns/quick/libqtquickcontrols2macosstyleplugin.dylib"
Log:  symlink "build_release/bin/FocusForgeApp.app/Contents/Resources/qml/QtQuick/Controls/macOS/libqtquickcontrols2macosstyleplugin.dylib"
Log:  points to "../../../../../PlugIns/quick/libqtquickcontrols2macosstyleplugin.dylib"
ERROR: Cannot resolve rpath "@rpath/QtQuickControls2MacOSStyleImpl.framework/Versions/A/QtQuickControls2MacOSStyleImpl"
ERROR:  using QList("/Users/plokm/Downloads/focus-forge/lib")
ERROR: Cannot resolve rpath "@rpath/QtQuickControls2.framework/Versions/A/QtQuickControls2"
ERROR:  using QList("/Users/plokm/Downloads/focus-forge/lib")
ERROR: Cannot resolve rpath "@rpath/QtQuickTemplates2.framework/Versions/A/QtQuickTemplates2"
ERROR:  using QList("/Users/plokm/Downloads/focus-forge/lib")
ERROR: Cannot resolve rpath "@rpath/QtQuick.framework/Versions/A/QtQuick"
ERROR:  using QList("/Users/plokm/Downloads/focus-forge/lib")
ERROR: Cannot resolve rpath "@rpath/QtQmlMeta.framework/Versions/A/QtQmlMeta"
ERROR:  using QList("/Users/plokm/Downloads/focus-forge/lib")
ERROR: Cannot resolve rpath "@rpath/QtQmlWorkerScript.framework/Versions/A/QtQmlWorkerScript"
ERROR:  using QList("/Users/plokm/Downloads/focus-forge/lib")
ERROR: Cannot resolve rpath "@rpath/QtOpenGL.framework/Versions/A/QtOpenGL"
ERROR:  using QList("/Users/plokm/Downloads/focus-forge/lib")
ERROR: Cannot resolve rpath "@rpath/QtGui.framework/Versions/A/QtGui"
ERROR:  using QList("/Users/plokm/Downloads/focus-forge/lib")
ERROR: Cannot resolve rpath "@rpath/QtQmlModels.framework/Versions/A/QtQmlModels"
ERROR:  using QList("/Users/plokm/Downloads/focus-forge/lib")
ERROR: Cannot resolve rpath "@rpath/QtQml.framework/Versions/A/QtQml"
ERROR:  using QList("/Users/plokm/Downloads/focus-forge/lib")
ERROR: Cannot resolve rpath "@rpath/QtNetwork.framework/Versions/A/QtNetwork"
ERROR:  using QList("/Users/plokm/Downloads/focus-forge/lib")
ERROR: Cannot resolve rpath "@rpath/QtCore.framework/Versions/A/QtCore"
ERROR:  using QList("/Users/plokm/Downloads/focus-forge/lib")
Log:
Log: Deploying Qt frameworks found inside: QList("build_release/bin/FocusForgeApp.app/Contents/PlugIns/quick/libqtquickcontrols2macosstyleplugin.dylib")
Log:  copied: "/opt/homebrew/share/qt/qml/QtQuick/Controls/macOS/Menu.qml"
Log:  to "build_release/bin/FocusForgeApp.app/Contents/Resources/qml/QtQuick/Controls/macOS/Menu.qml"
Log:  copied: "/opt/homebrew/share/qt/qml/QtQuick/Controls/macOS/MenuBar.qml"
Log:  to "build_release/bin/FocusForgeApp.app/Contents/Resources/qml/QtQuick/Controls/macOS/MenuBar.qml"
Log:  copied: "/opt/homebrew/share/qt/qml/QtQuick/Controls/macOS/MenuBarItem.qml"
Log:  to "build_release/bin/FocusForgeApp.app/Contents/Resources/qml/QtQuick/Controls/macOS/MenuBarItem.qml"
Log:  copied: "/opt/homebrew/share/qt/qml/QtQuick/Controls/macOS/MenuItem.qml"
Log:  to "build_release/bin/FocusForgeApp.app/Contents/Resources/qml/QtQuick/Controls/macOS/MenuItem.qml"
Log:  copied: "/opt/homebrew/share/qt/qml/QtQuick/Controls/macOS/MenuSeparator.qml"
Log:  to "build_release/bin/FocusForgeApp.app/Contents/Resources/qml/QtQuick/Controls/macOS/MenuSeparator.qml"
Log:  copied: "/opt/homebrew/share/qt/qml/QtQuick/Controls/macOS/plugins.qmltypes"
Log:  to "build_release/bin/FocusForgeApp.app/Contents/Resources/qml/QtQuick/Controls/macOS/plugins.qmltypes"
Log:  copied: "/opt/homebrew/share/qt/qml/QtQuick/Controls/macOS/ProgressBar.qml"
Log:  to "build_release/bin/FocusForgeApp.app/Contents/Resources/qml/QtQuick/Controls/macOS/ProgressBar.qml"
Log:  copied: "/opt/homebrew/share/qt/qml/QtQuick/Controls/macOS/qmldir"
Log:  to "build_release/bin/FocusForgeApp.app/Contents/Resources/qml/QtQuick/Controls/macOS/qmldir"
Log:  copied: "/opt/homebrew/share/qt/qml/QtQuick/Controls/macOS/RadioButton.qml"
Log:  to "build_release/bin/FocusForgeApp.app/Contents/Resources/qml/QtQuick/Controls/macOS/RadioButton.qml"
Log:  copied: "/opt/homebrew/share/qt/qml/QtQuick/Controls/macOS/RadioDelegate.qml"
Log:  to "build_release/bin/FocusForgeApp.app/Contents/Resources/qml/QtQuick/Controls/macOS/RadioDelegate.qml"
Log:  copied: "/opt/homebrew/share/qt/qml/QtQuick/Controls/macOS/RangeSlider.qml"
Log:  to "build_release/bin/FocusForgeApp.app/Contents/Resources/qml/QtQuick/Controls/macOS/RangeSlider.qml"
Log:  copied: "/opt/homebrew/share/qt/qml/QtQuick/Controls/macOS/ScrollBar.qml"
Log:  to "build_release/bin/FocusForgeApp.app/Contents/Resources/qml/QtQuick/Controls/macOS/ScrollBar.qml"
Log:  copied: "/opt/homebrew/share/qt/qml/QtQuick/Controls/macOS/ScrollIndicator.qml"
Log:  to "build_release/bin/FocusForgeApp.app/Contents/Resources/qml/QtQuick/Controls/macOS/ScrollIndicator.qml"
Log:  copied: "/opt/homebrew/share/qt/qml/QtQuick/Controls/macOS/ScrollView.qml"
Log:  to "build_release/bin/FocusForgeApp.app/Contents/Resources/qml/QtQuick/Controls/macOS/ScrollView.qml"
Log:  copied: "/opt/homebrew/share/qt/qml/QtQuick/Controls/macOS/SelectionRectangle.qml"
Log:  to "build_release/bin/FocusForgeApp.app/Contents/Resources/qml/QtQuick/Controls/macOS/SelectionRectangle.qml"
Log:  copied: "/opt/homebrew/share/qt/qml/QtQuick/Controls/macOS/Slider.qml"
Log:  to "build_release/bin/FocusForgeApp.app/Contents/Resources/qml/QtQuick/Controls/macOS/Slider.qml"
Log:  copied: "/opt/homebrew/share/qt/qml/QtQuick/Controls/macOS/SpinBox.qml"
Log:  to "build_release/bin/FocusForgeApp.app/Contents/Resources/qml/QtQuick/Controls/macOS/SpinBox.qml"
Log:  copied: "/opt/homebrew/share/qt/qml/QtQuick/Controls/macOS/Switch.qml"
Log:  to "build_release/bin/FocusForgeApp.app/Contents/Resources/qml/QtQuick/Controls/macOS/Switch.qml"
Log:  copied: "/opt/homebrew/share/qt/qml/QtQuick/Controls/macOS/SwitchDelegate.qml"
Log:  to "build_release/bin/FocusForgeApp.app/Contents/Resources/qml/QtQuick/Controls/macOS/SwitchDelegate.qml"
Log:  copied: "/opt/homebrew/share/qt/qml/QtQuick/Controls/macOS/TextArea.qml"
Log:  to "build_release/bin/FocusForgeApp.app/Contents/Resources/qml/QtQuick/Controls/macOS/TextArea.qml"
Log:  copied: "/opt/homebrew/share/qt/qml/QtQuick/Controls/macOS/TextField.qml"
Log:  to "build_release/bin/FocusForgeApp.app/Contents/Resources/qml/QtQuick/Controls/macOS/TextField.qml"
Log:  copied: "/opt/homebrew/share/qt/qml/QtQuick/Controls/macOS/TreeViewDelegate.qml"
Log:  to "build_release/bin/FocusForgeApp.app/Contents/Resources/qml/QtQuick/Controls/macOS/TreeViewDelegate.qml"
Log: copy: "/opt/homebrew/share/qt/qml/QtQuick/Controls/macOS/images" "build_release/bin/FocusForgeApp.app/Contents/Resources/qml/QtQuick/Controls/macOS/images"
Log:  copied: "/opt/homebrew/share/qt/qml/QtQuick/Controls/macOS/images/busyindicator-dark.webp"
Log:  to "build_release/bin/FocusForgeApp.app/Contents/Resources/qml/QtQuick/Controls/macOS/images/busyindicator-dark.webp"
Log:  copied: "/opt/homebrew/share/qt/qml/QtQuick/Controls/macOS/images/busyindicator-dark@2x.webp"
Log:  to "build_release/bin/FocusForgeApp.app/Contents/Resources/qml/QtQuick/Controls/macOS/images/busyindicator-dark@2x.webp"
Log:  copied: "/opt/homebrew/share/qt/qml/QtQuick/Controls/macOS/images/busyindicator-dark@3x.webp"
Log:  to "build_release/bin/FocusForgeApp.app/Contents/Resources/qml/QtQuick/Controls/macOS/images/busyindicator-dark@3x.webp"
Log:  copied: "/opt/homebrew/share/qt/qml/QtQuick/Controls/macOS/images/busyindicator-light.webp"
Log:  to "build_release/bin/FocusForgeApp.app/Contents/Resources/qml/QtQuick/Controls/macOS/images/busyindicator-light.webp"
Log:  copied: "/opt/homebrew/share/qt/qml/QtQuick/Controls/macOS/images/busyindicator-light@2x.webp"
Log:  to "build_release/bin/FocusForgeApp.app/Contents/Resources/qml/QtQuick/Controls/macOS/images/busyindicator-light@2x.webp"
Log:  copied: "/opt/homebrew/share/qt/qml/QtQuick/Controls/macOS/images/busyindicator-light@3x.webp"
Log:  to "build_release/bin/FocusForgeApp.app/Contents/Resources/qml/QtQuick/Controls/macOS/images/busyindicator-light@3x.webp"
Log:  copied: "/opt/homebrew/share/qt/qml/QtQuick/Controls/macOS/images/checkmark.png"
Log:  to "build_release/bin/FocusForgeApp.app/Contents/Resources/qml/QtQuick/Controls/macOS/images/checkmark.png"
Log:  copied: "/opt/homebrew/share/qt/qml/QtQuick/Controls/macOS/images/checkmark@2x.png"
Log:  to "build_release/bin/FocusForgeApp.app/Contents/Resources/qml/QtQuick/Controls/macOS/images/checkmark@2x.png"
Log:  copied: "/opt/homebrew/share/qt/qml/QtQuick/Controls/macOS/images/checkmark@3x.png"
Log:  to "build_release/bin/FocusForgeApp.app/Contents/Resources/qml/QtQuick/Controls/macOS/images/checkmark@3x.png"
Log:  copied: "/opt/homebrew/share/qt/qml/QtQuick/Controls/macOS/images/menuarrow.png"
Log:  to "build_release/bin/FocusForgeApp.app/Contents/Resources/qml/QtQuick/Controls/macOS/images/menuarrow.png"
Log:  copied: "/opt/homebrew/share/qt/qml/QtQuick/Controls/macOS/images/menuarrow@2x.png"
Log:  to "build_release/bin/FocusForgeApp.app/Contents/Resources/qml/QtQuick/Controls/macOS/images/menuarrow@2x.png"
Log:  copied: "/opt/homebrew/share/qt/qml/QtQuick/Controls/macOS/images/menuarrow@3x.png"
Log:  to "build_release/bin/FocusForgeApp.app/Contents/Resources/qml/QtQuick/Controls/macOS/images/menuarrow@3x.png"
Log: copy: "/opt/homebrew/share/qt/qml/QtQuick/Controls/macOS/impl" "build_release/bin/FocusForgeApp.app/Contents/Resources/qml/QtQuick/Controls/macOS/impl"
Log:  copied: "/opt/homebrew/share/qt/qml/QtQuick/Controls/macOS/impl/CheckIndicator.qml"
Log:  to "build_release/bin/FocusForgeApp.app/Contents/Resources/qml/QtQuick/Controls/macOS/impl/CheckIndicator.qml"
Log:  copied: "/opt/homebrew/share/qt/qml/QtQuick/Controls/macOS/impl/libqtquickcontrols2macosstyleimplplugin.dylib"
Log:  to "build_release/bin/FocusForgeApp.app/Contents/PlugIns/quick/libqtquickcontrols2macosstyleimplplugin.dylib"
Log:  symlink "build_release/bin/FocusForgeApp.app/Contents/Resources/qml/QtQuick/Controls/macOS/impl/libqtquickcontrols2macosstyleimplplugin.dylib"
Log:  points to "../../../../../../PlugIns/quick/libqtquickcontrols2macosstyleimplplugin.dylib"
ERROR: Cannot resolve rpath "@rpath/QtQuickControls2MacOSStyleImpl.framework/Versions/A/QtQuickControls2MacOSStyleImpl"
ERROR:  using QList("/Users/plokm/Downloads/lib")
ERROR: Cannot resolve rpath "@rpath/QtQml.framework/Versions/A/QtQml"
ERROR:  using QList("/Users/plokm/Downloads/lib")
ERROR: Cannot resolve rpath "@rpath/QtNetwork.framework/Versions/A/QtNetwork"
ERROR:  using QList("/Users/plokm/Downloads/lib")
ERROR: Cannot resolve rpath "@rpath/QtCore.framework/Versions/A/QtCore"
ERROR:  using QList("/Users/plokm/Downloads/lib")
Log:
Log: Deploying Qt frameworks found inside: QList("build_release/bin/FocusForgeApp.app/Contents/PlugIns/quick/libqtquickcontrols2macosstyleimplplugin.dylib")
Log:  copied: "/opt/homebrew/share/qt/qml/QtQuick/Controls/macOS/impl/qmldir"
Log:  to "build_release/bin/FocusForgeApp.app/Contents/Resources/qml/QtQuick/Controls/macOS/impl/qmldir"
Log:  copied: "/opt/homebrew/share/qt/qml/QtQuick/Controls/macOS/impl/QuickControls2MacOSStyleImpl.qmltypes"
Log:  to "build_release/bin/FocusForgeApp.app/Contents/Resources/qml/QtQuick/Controls/macOS/impl/QuickControls2MacOSStyleImpl.qmltypes"
Log:  copied: "/opt/homebrew/share/qt/qml/QtQuick/Controls/macOS/impl/SwitchHandle.qml"
Log:  to "build_release/bin/FocusForgeApp.app/Contents/Resources/qml/QtQuick/Controls/macOS/impl/SwitchHandle.qml"
Log:  copied: "/opt/homebrew/share/qt/qml/QtQuick/Controls/macOS/impl/SwitchIndicator.qml"
Log:  to "build_release/bin/FocusForgeApp.app/Contents/Resources/qml/QtQuick/Controls/macOS/impl/SwitchIndicator.qml"
Log: copy: "/opt/homebrew/share/qt/qml/QtQuick/Controls/Material" "build_release/bin/FocusForgeApp.app/Contents/Resources/qml/QtQuick/Controls/Material"
Log:  copied: "/opt/homebrew/share/qt/qml/QtQuick/Controls/Material/ApplicationWindow.qml"
Log:  to "build_release/bin/FocusForgeApp.app/Contents/Resources/qml/QtQuick/Controls/Material/ApplicationWindow.qml"
Log:  copied: "/opt/homebrew/share/qt/qml/QtQuick/Controls/Material/BusyIndicator.qml"
Log:  to "build_release/bin/FocusForgeApp.app/Contents/Resources/qml/QtQuick/Controls/Material/BusyIndicator.qml"
Log:  copied: "/opt/homebrew/share/qt/qml/QtQuick/Controls/Material/Button.qml"
Log:  to "build_release/bin/FocusForgeApp.app/Contents/Resources/qml/QtQuick/Controls/Material/Button.qml"
Log:  copied: "/opt/homebrew/share/qt/qml/QtQuick/Controls/Material/CheckBox.qml"
Log:  to "build_release/bin/FocusForgeApp.app/Contents/Resources/qml/QtQuick/Controls/Material/CheckBox.qml"
Log:  copied: "/opt/homebrew/share/qt/qml/QtQuick/Controls/Material/CheckDelegate.qml"
Log:  to "build_release/bin/FocusForgeApp.app/Contents/Resources/qml/QtQuick/Controls/Material/CheckDelegate.qml"
Log:  copied: "/opt/homebrew/share/qt/qml/QtQuick/Controls/Material/ComboBox.qml"
Log:  to "build_release/bin/FocusForgeApp.app/Contents/Resources/qml/QtQuick/Controls/Material/ComboBox.qml"
Log:  copied: "/opt/homebrew/share/qt/qml/QtQuick/Controls/Material/DelayButton.qml"
Log:  to "build_release/bin/FocusForgeApp.app/Contents/Resources/qml/QtQuick/Controls/Material/DelayButton.qml"
Log:  copied: "/opt/homebrew/share/qt/qml/QtQuick/Controls/Material/Dial.qml"
Log:  to "build_release/bin/FocusForgeApp.app/Contents/Resources/qml/QtQuick/Controls/Material/Dial.qml"
Log:  copied: "/opt/homebrew/share/qt/qml/QtQuick/Controls/Material/Dialog.qml"
Log:  to "build_release/bin/FocusForgeApp.app/Contents/Resources/qml/QtQuick/Controls/Material/Dialog.qml"
Log:  copied: "/opt/homebrew/share/qt/qml/QtQuick/Controls/Material/DialogButtonBox.qml"
Log:  to "build_release/bin/FocusForgeApp.app/Contents/Resources/qml/QtQuick/Controls/Material/DialogButtonBox.qml"
Log:  copied: "/opt/homebrew/share/qt/qml/QtQuick/Controls/Material/Drawer.qml"
Log:  to "build_release/bin/FocusForgeApp.app/Contents/Resources/qml/QtQuick/Controls/Material/Drawer.qml"
Log:  copied: "/opt/homebrew/share/qt/qml/QtQuick/Controls/Material/Frame.qml"
Log:  to "build_release/bin/FocusForgeApp.app/Contents/Resources/qml/QtQuick/Controls/Material/Frame.qml"
Log:  copied: "/opt/homebrew/share/qt/qml/QtQuick/Controls/Material/GroupBox.qml"
Log:  to "build_release/bin/FocusForgeApp.app/Contents/Resources/qml/QtQuick/Controls/Material/GroupBox.qml"
Log:  copied: "/opt/homebrew/share/qt/qml/QtQuick/Controls/Material/HorizontalHeaderView.qml"
Log:  to "build_release/bin/FocusForgeApp.app/Contents/Resources/qml/QtQuick/Controls/Material/HorizontalHeaderView.qml"
Log:  copied: "/opt/homebrew/share/qt/qml/QtQuick/Controls/Material/ItemDelegate.qml"
Log:  to "build_release/bin/FocusForgeApp.app/Contents/Resources/qml/QtQuick/Controls/Material/ItemDelegate.qml"
Log:  copied: "/opt/homebrew/share/qt/qml/QtQuick/Controls/Material/Label.qml"
Log:  to "build_release/bin/FocusForgeApp.app/Contents/Resources/qml/QtQuick/Controls/Material/Label.qml"
Log:  copied: "/opt/homebrew/share/qt/qml/QtQuick/Controls/Material/libqtquickcontrols2materialstyleplugin.dylib"
Log:  to "build_release/bin/FocusForgeApp.app/Contents/PlugIns/quick/libqtquickcontrols2materialstyleplugin.dylib"
Log:  symlink "build_release/bin/FocusForgeApp.app/Contents/Resources/qml/QtQuick/Controls/Material/libqtquickcontrols2materialstyleplugin.dylib"
Log:  points to "../../../../../PlugIns/quick/libqtquickcontrols2materialstyleplugin.dylib"
ERROR: Cannot resolve rpath "@rpath/QtQuickControls2Material.framework/Versions/A/QtQuickControls2Material"
ERROR:  using QList("/Users/plokm/Downloads/focus-forge/lib")
ERROR: Cannot resolve rpath "@rpath/QtQuickControls2.framework/Versions/A/QtQuickControls2"
ERROR:  using QList("/Users/plokm/Downloads/focus-forge/lib")
ERROR: Cannot resolve rpath "@rpath/QtQuick.framework/Versions/A/QtQuick"
ERROR:  using QList("/Users/plokm/Downloads/focus-forge/lib")
ERROR: Cannot resolve rpath "@rpath/QtQmlMeta.framework/Versions/A/QtQmlMeta"
ERROR:  using QList("/Users/plokm/Downloads/focus-forge/lib")
ERROR: Cannot resolve rpath "@rpath/QtQmlWorkerScript.framework/Versions/A/QtQmlWorkerScript"
ERROR:  using QList("/Users/plokm/Downloads/focus-forge/lib")
ERROR: Cannot resolve rpath "@rpath/QtOpenGL.framework/Versions/A/QtOpenGL"
ERROR:  using QList("/Users/plokm/Downloads/focus-forge/lib")
ERROR: Cannot resolve rpath "@rpath/QtGui.framework/Versions/A/QtGui"
ERROR:  using QList("/Users/plokm/Downloads/focus-forge/lib")
ERROR: Cannot resolve rpath "@rpath/QtQmlModels.framework/Versions/A/QtQmlModels"
ERROR:  using QList("/Users/plokm/Downloads/focus-forge/lib")
ERROR: Cannot resolve rpath "@rpath/QtQml.framework/Versions/A/QtQml"
ERROR:  using QList("/Users/plokm/Downloads/focus-forge/lib")
ERROR: Cannot resolve rpath "@rpath/QtNetwork.framework/Versions/A/QtNetwork"
ERROR:  using QList("/Users/plokm/Downloads/focus-forge/lib")
ERROR: Cannot resolve rpath "@rpath/QtCore.framework/Versions/A/QtCore"
ERROR:  using QList("/Users/plokm/Downloads/focus-forge/lib")
Log:
Log: Deploying Qt frameworks found inside: QList("build_release/bin/FocusForgeApp.app/Contents/PlugIns/quick/libqtquickcontrols2materialstyleplugin.dylib")
Log:  copied: "/opt/homebrew/share/qt/qml/QtQuick/Controls/Material/Menu.qml"
Log:  to "build_release/bin/FocusForgeApp.app/Contents/Resources/qml/QtQuick/Controls/Material/Menu.qml"
Log:  copied: "/opt/homebrew/share/qt/qml/QtQuick/Controls/Material/MenuBar.qml"
Log:  to "build_release/bin/FocusForgeApp.app/Contents/Resources/qml/QtQuick/Controls/Material/MenuBar.qml"
Log:  copied: "/opt/homebrew/share/qt/qml/QtQuick/Controls/Material/MenuBarItem.qml"
Log:  to "build_release/bin/FocusForgeApp.app/Contents/Resources/qml/QtQuick/Controls/Material/MenuBarItem.qml"
Log:  copied: "/opt/homebrew/share/qt/qml/QtQuick/Controls/Material/MenuItem.qml"
Log:  to "build_release/bin/FocusForgeApp.app/Contents/Resources/qml/QtQuick/Controls/Material/MenuItem.qml"
Log:  copied: "/opt/homebrew/share/qt/qml/QtQuick/Controls/Material/MenuSeparator.qml"
Log:  to "build_release/bin/FocusForgeApp.app/Contents/Resources/qml/QtQuick/Controls/Material/MenuSeparator.qml"
Log:  copied: "/opt/homebrew/share/qt/qml/QtQuick/Controls/Material/Page.qml"
Log:  to "build_release/bin/FocusForgeApp.app/Contents/Resources/qml/QtQuick/Controls/Material/Page.qml"
Log:  copied: "/opt/homebrew/share/qt/qml/QtQuick/Controls/Material/PageIndicator.qml"
Log:  to "build_release/bin/FocusForgeApp.app/Contents/Resources/qml/QtQuick/Controls/Material/PageIndicator.qml"
Log:  copied: "/opt/homebrew/share/qt/qml/QtQuick/Controls/Material/Pane.qml"
Log:  to "build_release/bin/FocusForgeApp.app/Contents/Resources/qml/QtQuick/Controls/Material/Pane.qml"
Log:  copied: "/opt/homebrew/share/qt/qml/QtQuick/Controls/Material/plugins.qmltypes"
Log:  to "build_release/bin/FocusForgeApp.app/Contents/Resources/qml/QtQuick/Controls/Material/plugins.qmltypes"
Log:  copied: "/opt/homebrew/share/qt/qml/QtQuick/Controls/Material/Popup.qml"
Log:  to "build_release/bin/FocusForgeApp.app/Contents/Resources/qml/QtQuick/Controls/Material/Popup.qml"
Log:  copied: "/opt/homebrew/share/qt/qml/QtQuick/Controls/Material/ProgressBar.qml"
Log:  to "build_release/bin/FocusForgeApp.app/Contents/Resources/qml/QtQuick/Controls/Material/ProgressBar.qml"
Log:  copied: "/opt/homebrew/share/qt/qml/QtQuick/Controls/Material/qmldir"
Log:  to "build_release/bin/FocusForgeApp.app/Contents/Resources/qml/QtQuick/Controls/Material/qmldir"
Log:  copied: "/opt/homebrew/share/qt/qml/QtQuick/Controls/Material/RadioButton.qml"
Log:  to "build_release/bin/FocusForgeApp.app/Contents/Resources/qml/QtQuick/Controls/Material/RadioButton.qml"
Log:  copied: "/opt/homebrew/share/qt/qml/QtQuick/Controls/Material/RadioDelegate.qml"
Log:  to "build_release/bin/FocusForgeApp.app/Contents/Resources/qml/QtQuick/Controls/Material/RadioDelegate.qml"
Log:  copied: "/opt/homebrew/share/qt/qml/QtQuick/Controls/Material/RangeSlider.qml"
Log:  to "build_release/bin/FocusForgeApp.app/Contents/Resources/qml/QtQuick/Controls/Material/RangeSlider.qml"
Log:  copied: "/opt/homebrew/share/qt/qml/QtQuick/Controls/Material/RoundButton.qml"
Log:  to "build_release/bin/FocusForgeApp.app/Contents/Resources/qml/QtQuick/Controls/Material/RoundButton.qml"
Log:  copied: "/opt/homebrew/share/qt/qml/QtQuick/Controls/Material/ScrollBar.qml"
Log:  to "build_release/bin/FocusForgeApp.app/Contents/Resources/qml/QtQuick/Controls/Material/ScrollBar.qml"
Log:  copied: "/opt/homebrew/share/qt/qml/QtQuick/Controls/Material/ScrollIndicator.qml"
Log:  to "build_release/bin/FocusForgeApp.app/Contents/Resources/qml/QtQuick/Controls/Material/ScrollIndicator.qml"
Log:  copied: "/opt/homebrew/share/qt/qml/QtQuick/Controls/Material/ScrollView.qml"
Log:  to "build_release/bin/FocusForgeApp.app/Contents/Resources/qml/QtQuick/Controls/Material/ScrollView.qml"
Log:  copied: "/opt/homebrew/share/qt/qml/QtQuick/Controls/Material/SelectionRectangle.qml"
Log:  to "build_release/bin/FocusForgeApp.app/Contents/Resources/qml/QtQuick/Controls/Material/SelectionRectangle.qml"
Log:  copied: "/opt/homebrew/share/qt/qml/QtQuick/Controls/Material/Slider.qml"
Log:  to "build_release/bin/FocusForgeApp.app/Contents/Resources/qml/QtQuick/Controls/Material/Slider.qml"
Log:  copied: "/opt/homebrew/share/qt/qml/QtQuick/Controls/Material/SpinBox.qml"
Log:  to "build_release/bin/FocusForgeApp.app/Contents/Resources/qml/QtQuick/Controls/Material/SpinBox.qml"
Log:  copied: "/opt/homebrew/share/qt/qml/QtQuick/Controls/Material/SplitView.qml"
Log:  to "build_release/bin/FocusForgeApp.app/Contents/Resources/qml/QtQuick/Controls/Material/SplitView.qml"
Log:  copied: "/opt/homebrew/share/qt/qml/QtQuick/Controls/Material/StackView.qml"
Log:  to "build_release/bin/FocusForgeApp.app/Contents/Resources/qml/QtQuick/Controls/Material/StackView.qml"
Log:  copied: "/opt/homebrew/share/qt/qml/QtQuick/Controls/Material/SwipeDelegate.qml"
Log:  to "build_release/bin/FocusForgeApp.app/Contents/Resources/qml/QtQuick/Controls/Material/SwipeDelegate.qml"
Log:  copied: "/opt/homebrew/share/qt/qml/QtQuick/Controls/Material/SwipeView.qml"
Log:  to "build_release/bin/FocusForgeApp.app/Contents/Resources/qml/QtQuick/Controls/Material/SwipeView.qml"
Log:  copied: "/opt/homebrew/share/qt/qml/QtQuick/Controls/Material/Switch.qml"
Log:  to "build_release/bin/FocusForgeApp.app/Contents/Resources/qml/QtQuick/Controls/Material/Switch.qml"
Log:  copied: "/opt/homebrew/share/qt/qml/QtQuick/Controls/Material/SwitchDelegate.qml"
Log:  to "build_release/bin/FocusForgeApp.app/Contents/Resources/qml/QtQuick/Controls/Material/SwitchDelegate.qml"
Log:  copied: "/opt/homebrew/share/qt/qml/QtQuick/Controls/Material/TabBar.qml"
Log:  to "build_release/bin/FocusForgeApp.app/Contents/Resources/qml/QtQuick/Controls/Material/TabBar.qml"
Log:  copied: "/opt/homebrew/share/qt/qml/QtQuick/Controls/Material/TabButton.qml"
Log:  to "build_release/bin/FocusForgeApp.app/Contents/Resources/qml/QtQuick/Controls/Material/TabButton.qml"
Log:  copied: "/opt/homebrew/share/qt/qml/QtQuick/Controls/Material/TextArea.qml"
Log:  to "build_release/bin/FocusForgeApp.app/Contents/Resources/qml/QtQuick/Controls/Material/TextArea.qml"
Log:  copied: "/opt/homebrew/share/qt/qml/QtQuick/Controls/Material/TextField.qml"
Log:  to "build_release/bin/FocusForgeApp.app/Contents/Resources/qml/QtQuick/Controls/Material/TextField.qml"
Log:  copied: "/opt/homebrew/share/qt/qml/QtQuick/Controls/Material/ToolBar.qml"
Log:  to "build_release/bin/FocusForgeApp.app/Contents/Resources/qml/QtQuick/Controls/Material/ToolBar.qml"
Log:  copied: "/opt/homebrew/share/qt/qml/QtQuick/Controls/Material/ToolButton.qml"
Log:  to "build_release/bin/FocusForgeApp.app/Contents/Resources/qml/QtQuick/Controls/Material/ToolButton.qml"
Log:  copied: "/opt/homebrew/share/qt/qml/QtQuick/Controls/Material/ToolSeparator.qml"
Log:  to "build_release/bin/FocusForgeApp.app/Contents/Resources/qml/QtQuick/Controls/Material/ToolSeparator.qml"
Log:  copied: "/opt/homebrew/share/qt/qml/QtQuick/Controls/Material/ToolTip.qml"
Log:  to "build_release/bin/FocusForgeApp.app/Contents/Resources/qml/QtQuick/Controls/Material/ToolTip.qml"
Log:  copied: "/opt/homebrew/share/qt/qml/QtQuick/Controls/Material/TreeViewDelegate.qml"
Log:  to "build_release/bin/FocusForgeApp.app/Contents/Resources/qml/QtQuick/Controls/Material/TreeViewDelegate.qml"
Log:  copied: "/opt/homebrew/share/qt/qml/QtQuick/Controls/Material/Tumbler.qml"
Log:  to "build_release/bin/FocusForgeApp.app/Contents/Resources/qml/QtQuick/Controls/Material/Tumbler.qml"
Log:  copied: "/opt/homebrew/share/qt/qml/QtQuick/Controls/Material/VerticalHeaderView.qml"
Log:  to "build_release/bin/FocusForgeApp.app/Contents/Resources/qml/QtQuick/Controls/Material/VerticalHeaderView.qml"
Log: copy: "/opt/homebrew/share/qt/qml/QtQuick/Controls/Material/impl" "build_release/bin/FocusForgeApp.app/Contents/Resources/qml/QtQuick/Controls/Material/impl"
Log:  copied: "/opt/homebrew/share/qt/qml/QtQuick/Controls/Material/impl/BoxShadow.qml"
Log:  to "build_release/bin/FocusForgeApp.app/Contents/Resources/qml/QtQuick/Controls/Material/impl/BoxShadow.qml"
Log:  copied: "/opt/homebrew/share/qt/qml/QtQuick/Controls/Material/impl/CheckIndicator.qml"
Log:  to "build_release/bin/FocusForgeApp.app/Contents/Resources/qml/QtQuick/Controls/Material/impl/CheckIndicator.qml"
Log:  copied: "/opt/homebrew/share/qt/qml/QtQuick/Controls/Material/impl/CursorDelegate.qml"
Log:  to "build_release/bin/FocusForgeApp.app/Contents/Resources/qml/QtQuick/Controls/Material/impl/CursorDelegate.qml"
Log:  copied: "/opt/homebrew/share/qt/qml/QtQuick/Controls/Material/impl/ElevationEffect.qml"
Log:  to "build_release/bin/FocusForgeApp.app/Contents/Resources/qml/QtQuick/Controls/Material/impl/ElevationEffect.qml"
Log:  copied: "/opt/homebrew/share/qt/qml/QtQuick/Controls/Material/impl/libqtquickcontrols2materialstyleimplplugin.dylib"
Log:  to "build_release/bin/FocusForgeApp.app/Contents/PlugIns/quick/libqtquickcontrols2materialstyleimplplugin.dylib"
Log:  symlink "build_release/bin/FocusForgeApp.app/Contents/Resources/qml/QtQuick/Controls/Material/impl/libqtquickcontrols2materialstyleimplplugin.dylib"
Log:  points to "../../../../../../PlugIns/quick/libqtquickcontrols2materialstyleimplplugin.dylib"
ERROR: Cannot resolve rpath "@rpath/QtQuickControls2MaterialStyleImpl.framework/Versions/A/QtQuickControls2MaterialStyleImpl"
ERROR:  using QList("/Users/plokm/Downloads/lib")
ERROR: Cannot resolve rpath "@rpath/QtQml.framework/Versions/A/QtQml"
ERROR:  using QList("/Users/plokm/Downloads/lib")
ERROR: Cannot resolve rpath "@rpath/QtNetwork.framework/Versions/A/QtNetwork"
ERROR:  using QList("/Users/plokm/Downloads/lib")
ERROR: Cannot resolve rpath "@rpath/QtCore.framework/Versions/A/QtCore"
ERROR:  using QList("/Users/plokm/Downloads/lib")
Log:
Log: Deploying Qt frameworks found inside: QList("build_release/bin/FocusForgeApp.app/Contents/PlugIns/quick/libqtquickcontrols2materialstyleimplplugin.dylib")
Log:  copied: "/opt/homebrew/share/qt/qml/QtQuick/Controls/Material/impl/plugins.qmltypes"
Log:  to "build_release/bin/FocusForgeApp.app/Contents/Resources/qml/QtQuick/Controls/Material/impl/plugins.qmltypes"
Log:  copied: "/opt/homebrew/share/qt/qml/QtQuick/Controls/Material/impl/qmldir"
Log:  to "build_release/bin/FocusForgeApp.app/Contents/Resources/qml/QtQuick/Controls/Material/impl/qmldir"
Log:  copied: "/opt/homebrew/share/qt/qml/QtQuick/Controls/Material/impl/RadioIndicator.qml"
Log:  to "build_release/bin/FocusForgeApp.app/Contents/Resources/qml/QtQuick/Controls/Material/impl/RadioIndicator.qml"
Log:  copied: "/opt/homebrew/share/qt/qml/QtQuick/Controls/Material/impl/RectangularGlow.qml"
Log:  to "build_release/bin/FocusForgeApp.app/Contents/Resources/qml/QtQuick/Controls/Material/impl/RectangularGlow.qml"
Log:  copied: "/opt/homebrew/share/qt/qml/QtQuick/Controls/Material/impl/RoundedElevationEffect.qml"
Log:  to "build_release/bin/FocusForgeApp.app/Contents/Resources/qml/QtQuick/Controls/Material/impl/RoundedElevationEffect.qml"
Log:  copied: "/opt/homebrew/share/qt/qml/QtQuick/Controls/Material/impl/SliderHandle.qml"
Log:  to "build_release/bin/FocusForgeApp.app/Contents/Resources/qml/QtQuick/Controls/Material/impl/SliderHandle.qml"
Log:  copied: "/opt/homebrew/share/qt/qml/QtQuick/Controls/Material/impl/SwitchIndicator.qml"
Log:  to "build_release/bin/FocusForgeApp.app/Contents/Resources/qml/QtQuick/Controls/Material/impl/SwitchIndicator.qml"
Log: copy: "/opt/homebrew/share/qt/qml/QtQuick/Controls/Universal" "build_release/bin/FocusForgeApp.app/Contents/Resources/qml/QtQuick/Controls/Universal"
Log:  copied: "/opt/homebrew/share/qt/qml/QtQuick/Controls/Universal/ApplicationWindow.qml"
Log:  to "build_release/bin/FocusForgeApp.app/Contents/Resources/qml/QtQuick/Controls/Universal/ApplicationWindow.qml"
Log:  copied: "/opt/homebrew/share/qt/qml/QtQuick/Controls/Universal/BusyIndicator.qml"
Log:  to "build_release/bin/FocusForgeApp.app/Contents/Resources/qml/QtQuick/Controls/Universal/BusyIndicator.qml"
Log:  copied: "/opt/homebrew/share/qt/qml/QtQuick/Controls/Universal/Button.qml"
Log:  to "build_release/bin/FocusForgeApp.app/Contents/Resources/qml/QtQuick/Controls/Universal/Button.qml"
Log:  copied: "/opt/homebrew/share/qt/qml/QtQuick/Controls/Universal/CheckBox.qml"
Log:  to "build_release/bin/FocusForgeApp.app/Contents/Resources/qml/QtQuick/Controls/Universal/CheckBox.qml"
Log:  copied: "/opt/homebrew/share/qt/qml/QtQuick/Controls/Universal/CheckDelegate.qml"
Log:  to "build_release/bin/FocusForgeApp.app/Contents/Resources/qml/QtQuick/Controls/Universal/CheckDelegate.qml"
Log:  copied: "/opt/homebrew/share/qt/qml/QtQuick/Controls/Universal/ComboBox.qml"
Log:  to "build_release/bin/FocusForgeApp.app/Contents/Resources/qml/QtQuick/Controls/Universal/ComboBox.qml"
Log:  copied: "/opt/homebrew/share/qt/qml/QtQuick/Controls/Universal/DelayButton.qml"
Log:  to "build_release/bin/FocusForgeApp.app/Contents/Resources/qml/QtQuick/Controls/Universal/DelayButton.qml"
Log:  copied: "/opt/homebrew/share/qt/qml/QtQuick/Controls/Universal/Dial.qml"
Log:  to "build_release/bin/FocusForgeApp.app/Contents/Resources/qml/QtQuick/Controls/Universal/Dial.qml"
Log:  copied: "/opt/homebrew/share/qt/qml/QtQuick/Controls/Universal/Dialog.qml"
Log:  to "build_release/bin/FocusForgeApp.app/Contents/Resources/qml/QtQuick/Controls/Universal/Dialog.qml"
Log:  copied: "/opt/homebrew/share/qt/qml/QtQuick/Controls/Universal/DialogButtonBox.qml"
Log:  to "build_release/bin/FocusForgeApp.app/Contents/Resources/qml/QtQuick/Controls/Universal/DialogButtonBox.qml"
Log:  copied: "/opt/homebrew/share/qt/qml/QtQuick/Controls/Universal/Drawer.qml"
Log:  to "build_release/bin/FocusForgeApp.app/Contents/Resources/qml/QtQuick/Controls/Universal/Drawer.qml"
Log:  copied: "/opt/homebrew/share/qt/qml/QtQuick/Controls/Universal/Frame.qml"
Log:  to "build_release/bin/FocusForgeApp.app/Contents/Resources/qml/QtQuick/Controls/Universal/Frame.qml"
Log:  copied: "/opt/homebrew/share/qt/qml/QtQuick/Controls/Universal/GroupBox.qml"
Log:  to "build_release/bin/FocusForgeApp.app/Contents/Resources/qml/QtQuick/Controls/Universal/GroupBox.qml"
Log:  copied: "/opt/homebrew/share/qt/qml/QtQuick/Controls/Universal/HorizontalHeaderView.qml"
Log:  to "build_release/bin/FocusForgeApp.app/Contents/Resources/qml/QtQuick/Controls/Universal/HorizontalHeaderView.qml"
Log:  copied: "/opt/homebrew/share/qt/qml/QtQuick/Controls/Universal/ItemDelegate.qml"
Log:  to "build_release/bin/FocusForgeApp.app/Contents/Resources/qml/QtQuick/Controls/Universal/ItemDelegate.qml"
Log:  copied: "/opt/homebrew/share/qt/qml/QtQuick/Controls/Universal/Label.qml"
Log:  to "build_release/bin/FocusForgeApp.app/Contents/Resources/qml/QtQuick/Controls/Universal/Label.qml"
Log:  copied: "/opt/homebrew/share/qt/qml/QtQuick/Controls/Universal/libqtquickcontrols2universalstyleplugin.dylib"
Log:  to "build_release/bin/FocusForgeApp.app/Contents/PlugIns/quick/libqtquickcontrols2universalstyleplugin.dylib"
Log:  symlink "build_release/bin/FocusForgeApp.app/Contents/Resources/qml/QtQuick/Controls/Universal/libqtquickcontrols2universalstyleplugin.dylib"
Log:  points to "../../../../../PlugIns/quick/libqtquickcontrols2universalstyleplugin.dylib"
ERROR: Cannot resolve rpath "@rpath/QtQuickControls2Universal.framework/Versions/A/QtQuickControls2Universal"
ERROR:  using QList("/Users/plokm/Downloads/focus-forge/lib")
ERROR: Cannot resolve rpath "@rpath/QtQuickControls2.framework/Versions/A/QtQuickControls2"
ERROR:  using QList("/Users/plokm/Downloads/focus-forge/lib")
ERROR: Cannot resolve rpath "@rpath/QtQuick.framework/Versions/A/QtQuick"
ERROR:  using QList("/Users/plokm/Downloads/focus-forge/lib")
ERROR: Cannot resolve rpath "@rpath/QtQmlMeta.framework/Versions/A/QtQmlMeta"
ERROR:  using QList("/Users/plokm/Downloads/focus-forge/lib")
ERROR: Cannot resolve rpath "@rpath/QtQmlWorkerScript.framework/Versions/A/QtQmlWorkerScript"
ERROR:  using QList("/Users/plokm/Downloads/focus-forge/lib")
ERROR: Cannot resolve rpath "@rpath/QtOpenGL.framework/Versions/A/QtOpenGL"
ERROR:  using QList("/Users/plokm/Downloads/focus-forge/lib")
ERROR: Cannot resolve rpath "@rpath/QtGui.framework/Versions/A/QtGui"
ERROR:  using QList("/Users/plokm/Downloads/focus-forge/lib")
ERROR: Cannot resolve rpath "@rpath/QtQmlModels.framework/Versions/A/QtQmlModels"
ERROR:  using QList("/Users/plokm/Downloads/focus-forge/lib")
ERROR: Cannot resolve rpath "@rpath/QtQml.framework/Versions/A/QtQml"
ERROR:  using QList("/Users/plokm/Downloads/focus-forge/lib")
ERROR: Cannot resolve rpath "@rpath/QtNetwork.framework/Versions/A/QtNetwork"
ERROR:  using QList("/Users/plokm/Downloads/focus-forge/lib")
ERROR: Cannot resolve rpath "@rpath/QtCore.framework/Versions/A/QtCore"
ERROR:  using QList("/Users/plokm/Downloads/focus-forge/lib")
Log:
Log: Deploying Qt frameworks found inside: QList("build_release/bin/FocusForgeApp.app/Contents/PlugIns/quick/libqtquickcontrols2universalstyleplugin.dylib")
Log:  copied: "/opt/homebrew/share/qt/qml/QtQuick/Controls/Universal/Menu.qml"
Log:  to "build_release/bin/FocusForgeApp.app/Contents/Resources/qml/QtQuick/Controls/Universal/Menu.qml"
Log:  copied: "/opt/homebrew/share/qt/qml/QtQuick/Controls/Universal/MenuBar.qml"
Log:  to "build_release/bin/FocusForgeApp.app/Contents/Resources/qml/QtQuick/Controls/Universal/MenuBar.qml"
Log:  copied: "/opt/homebrew/share/qt/qml/QtQuick/Controls/Universal/MenuBarItem.qml"
Log:  to "build_release/bin/FocusForgeApp.app/Contents/Resources/qml/QtQuick/Controls/Universal/MenuBarItem.qml"
Log:  copied: "/opt/homebrew/share/qt/qml/QtQuick/Controls/Universal/MenuItem.qml"
Log:  to "build_release/bin/FocusForgeApp.app/Contents/Resources/qml/QtQuick/Controls/Universal/MenuItem.qml"
Log:  copied: "/opt/homebrew/share/qt/qml/QtQuick/Controls/Universal/MenuSeparator.qml"
Log:  to "build_release/bin/FocusForgeApp.app/Contents/Resources/qml/QtQuick/Controls/Universal/MenuSeparator.qml"
Log:  copied: "/opt/homebrew/share/qt/qml/QtQuick/Controls/Universal/Page.qml"
Log:  to "build_release/bin/FocusForgeApp.app/Contents/Resources/qml/QtQuick/Controls/Universal/Page.qml"
Log:  copied: "/opt/homebrew/share/qt/qml/QtQuick/Controls/Universal/PageIndicator.qml"
Log:  to "build_release/bin/FocusForgeApp.app/Contents/Resources/qml/QtQuick/Controls/Universal/PageIndicator.qml"
Log:  copied: "/opt/homebrew/share/qt/qml/QtQuick/Controls/Universal/Pane.qml"
Log:  to "build_release/bin/FocusForgeApp.app/Contents/Resources/qml/QtQuick/Controls/Universal/Pane.qml"
Log:  copied: "/opt/homebrew/share/qt/qml/QtQuick/Controls/Universal/plugins.qmltypes"
Log:  to "build_release/bin/FocusForgeApp.app/Contents/Resources/qml/QtQuick/Controls/Universal/plugins.qmltypes"
Log:  copied: "/opt/homebrew/share/qt/qml/QtQuick/Controls/Universal/Popup.qml"
Log:  to "build_release/bin/FocusForgeApp.app/Contents/Resources/qml/QtQuick/Controls/Universal/Popup.qml"
Log:  copied: "/opt/homebrew/share/qt/qml/QtQuick/Controls/Universal/ProgressBar.qml"
Log:  to "build_release/bin/FocusForgeApp.app/Contents/Resources/qml/QtQuick/Controls/Universal/ProgressBar.qml"
Log:  copied: "/opt/homebrew/share/qt/qml/QtQuick/Controls/Universal/qmldir"
Log:  to "build_release/bin/FocusForgeApp.app/Contents/Resources/qml/QtQuick/Controls/Universal/qmldir"
Log:  copied: "/opt/homebrew/share/qt/qml/QtQuick/Controls/Universal/RadioButton.qml"
Log:  to "build_release/bin/FocusForgeApp.app/Contents/Resources/qml/QtQuick/Controls/Universal/RadioButton.qml"
Log:  copied: "/opt/homebrew/share/qt/qml/QtQuick/Controls/Universal/RadioDelegate.qml"
Log:  to "build_release/bin/FocusForgeApp.app/Contents/Resources/qml/QtQuick/Controls/Universal/RadioDelegate.qml"
Log:  copied: "/opt/homebrew/share/qt/qml/QtQuick/Controls/Universal/RangeSlider.qml"
Log:  to "build_release/bin/FocusForgeApp.app/Contents/Resources/qml/QtQuick/Controls/Universal/RangeSlider.qml"
Log:  copied: "/opt/homebrew/share/qt/qml/QtQuick/Controls/Universal/RoundButton.qml"
Log:  to "build_release/bin/FocusForgeApp.app/Contents/Resources/qml/QtQuick/Controls/Universal/RoundButton.qml"
Log:  copied: "/opt/homebrew/share/qt/qml/QtQuick/Controls/Universal/ScrollBar.qml"
Log:  to "build_release/bin/FocusForgeApp.app/Contents/Resources/qml/QtQuick/Controls/Universal/ScrollBar.qml"
Log:  copied: "/opt/homebrew/share/qt/qml/QtQuick/Controls/Universal/ScrollIndicator.qml"
Log:  to "build_release/bin/FocusForgeApp.app/Contents/Resources/qml/QtQuick/Controls/Universal/ScrollIndicator.qml"
Log:  copied: "/opt/homebrew/share/qt/qml/QtQuick/Controls/Universal/ScrollView.qml"
Log:  to "build_release/bin/FocusForgeApp.app/Contents/Resources/qml/QtQuick/Controls/Universal/ScrollView.qml"
Log:  copied: "/opt/homebrew/share/qt/qml/QtQuick/Controls/Universal/SelectionRectangle.qml"
Log:  to "build_release/bin/FocusForgeApp.app/Contents/Resources/qml/QtQuick/Controls/Universal/SelectionRectangle.qml"
Log:  copied: "/opt/homebrew/share/qt/qml/QtQuick/Controls/Universal/Slider.qml"
Log:  to "build_release/bin/FocusForgeApp.app/Contents/Resources/qml/QtQuick/Controls/Universal/Slider.qml"
Log:  copied: "/opt/homebrew/share/qt/qml/QtQuick/Controls/Universal/SpinBox.qml"
Log:  to "build_release/bin/FocusForgeApp.app/Contents/Resources/qml/QtQuick/Controls/Universal/SpinBox.qml"
Log:  copied: "/opt/homebrew/share/qt/qml/QtQuick/Controls/Universal/SplitView.qml"
Log:  to "build_release/bin/FocusForgeApp.app/Contents/Resources/qml/QtQuick/Controls/Universal/SplitView.qml"
Log:  copied: "/opt/homebrew/share/qt/qml/QtQuick/Controls/Universal/StackView.qml"
Log:  to "build_release/bin/FocusForgeApp.app/Contents/Resources/qml/QtQuick/Controls/Universal/StackView.qml"
Log:  copied: "/opt/homebrew/share/qt/qml/QtQuick/Controls/Universal/SwipeDelegate.qml"
Log:  to "build_release/bin/FocusForgeApp.app/Contents/Resources/qml/QtQuick/Controls/Universal/SwipeDelegate.qml"
Log:  copied: "/opt/homebrew/share/qt/qml/QtQuick/Controls/Universal/Switch.qml"
Log:  to "build_release/bin/FocusForgeApp.app/Contents/Resources/qml/QtQuick/Controls/Universal/Switch.qml"
Log:  copied: "/opt/homebrew/share/qt/qml/QtQuick/Controls/Universal/SwitchDelegate.qml"
Log:  to "build_release/bin/FocusForgeApp.app/Contents/Resources/qml/QtQuick/Controls/Universal/SwitchDelegate.qml"
Log:  copied: "/opt/homebrew/share/qt/qml/QtQuick/Controls/Universal/TabBar.qml"
Log:  to "build_release/bin/FocusForgeApp.app/Contents/Resources/qml/QtQuick/Controls/Universal/TabBar.qml"
Log:  copied: "/opt/homebrew/share/qt/qml/QtQuick/Controls/Universal/TabButton.qml"
Log:  to "build_release/bin/FocusForgeApp.app/Contents/Resources/qml/QtQuick/Controls/Universal/TabButton.qml"
Log:  copied: "/opt/homebrew/share/qt/qml/QtQuick/Controls/Universal/TextArea.qml"
Log:  to "build_release/bin/FocusForgeApp.app/Contents/Resources/qml/QtQuick/Controls/Universal/TextArea.qml"
Log:  copied: "/opt/homebrew/share/qt/qml/QtQuick/Controls/Universal/TextField.qml"
Log:  to "build_release/bin/FocusForgeApp.app/Contents/Resources/qml/QtQuick/Controls/Universal/TextField.qml"
Log:  copied: "/opt/homebrew/share/qt/qml/QtQuick/Controls/Universal/ToolBar.qml"
Log:  to "build_release/bin/FocusForgeApp.app/Contents/Resources/qml/QtQuick/Controls/Universal/ToolBar.qml"
Log:  copied: "/opt/homebrew/share/qt/qml/QtQuick/Controls/Universal/ToolButton.qml"
Log:  to "build_release/bin/FocusForgeApp.app/Contents/Resources/qml/QtQuick/Controls/Universal/ToolButton.qml"
Log:  copied: "/opt/homebrew/share/qt/qml/QtQuick/Controls/Universal/ToolSeparator.qml"
Log:  to "build_release/bin/FocusForgeApp.app/Contents/Resources/qml/QtQuick/Controls/Universal/ToolSeparator.qml"
Log:  copied: "/opt/homebrew/share/qt/qml/QtQuick/Controls/Universal/ToolTip.qml"
Log:  to "build_release/bin/FocusForgeApp.app/Contents/Resources/qml/QtQuick/Controls/Universal/ToolTip.qml"
Log:  copied: "/opt/homebrew/share/qt/qml/QtQuick/Controls/Universal/Tumbler.qml"
Log:  to "build_release/bin/FocusForgeApp.app/Contents/Resources/qml/QtQuick/Controls/Universal/Tumbler.qml"
Log:  copied: "/opt/homebrew/share/qt/qml/QtQuick/Controls/Universal/VerticalHeaderView.qml"
Log:  to "build_release/bin/FocusForgeApp.app/Contents/Resources/qml/QtQuick/Controls/Universal/VerticalHeaderView.qml"
Log: copy: "/opt/homebrew/share/qt/qml/QtQuick/Controls/Universal/impl" "build_release/bin/FocusForgeApp.app/Contents/Resources/qml/QtQuick/Controls/Universal/impl"
Log:  copied: "/opt/homebrew/share/qt/qml/QtQuick/Controls/Universal/impl/CheckIndicator.qml"
Log:  to "build_release/bin/FocusForgeApp.app/Contents/Resources/qml/QtQuick/Controls/Universal/impl/CheckIndicator.qml"
Log:  copied: "/opt/homebrew/share/qt/qml/QtQuick/Controls/Universal/impl/libqtquickcontrols2universalstyleimplplugin.dylib"
Log:  to "build_release/bin/FocusForgeApp.app/Contents/PlugIns/quick/libqtquickcontrols2universalstyleimplplugin.dylib"
Log:  symlink "build_release/bin/FocusForgeApp.app/Contents/Resources/qml/QtQuick/Controls/Universal/impl/libqtquickcontrols2universalstyleimplplugin.dylib"
Log:  points to "../../../../../../PlugIns/quick/libqtquickcontrols2universalstyleimplplugin.dylib"
ERROR: Cannot resolve rpath "@rpath/QtQuickControls2UniversalStyleImpl.framework/Versions/A/QtQuickControls2UniversalStyleImpl"
ERROR:  using QList("/Users/plokm/Downloads/lib")
ERROR: Cannot resolve rpath "@rpath/QtQml.framework/Versions/A/QtQml"
ERROR:  using QList("/Users/plokm/Downloads/lib")
ERROR: Cannot resolve rpath "@rpath/QtNetwork.framework/Versions/A/QtNetwork"
ERROR:  using QList("/Users/plokm/Downloads/lib")
ERROR: Cannot resolve rpath "@rpath/QtCore.framework/Versions/A/QtCore"
ERROR:  using QList("/Users/plokm/Downloads/lib")
Log:
Log: Deploying Qt frameworks found inside: QList("build_release/bin/FocusForgeApp.app/Contents/PlugIns/quick/libqtquickcontrols2universalstyleimplplugin.dylib")
Log:  copied: "/opt/homebrew/share/qt/qml/QtQuick/Controls/Universal/impl/plugins.qmltypes"
Log:  to "build_release/bin/FocusForgeApp.app/Contents/Resources/qml/QtQuick/Controls/Universal/impl/plugins.qmltypes"
Log:  copied: "/opt/homebrew/share/qt/qml/QtQuick/Controls/Universal/impl/qmldir"
Log:  to "build_release/bin/FocusForgeApp.app/Contents/Resources/qml/QtQuick/Controls/Universal/impl/qmldir"
Log:  copied: "/opt/homebrew/share/qt/qml/QtQuick/Controls/Universal/impl/RadioIndicator.qml"
Log:  to "build_release/bin/FocusForgeApp.app/Contents/Resources/qml/QtQuick/Controls/Universal/impl/RadioIndicator.qml"
Log:  copied: "/opt/homebrew/share/qt/qml/QtQuick/Controls/Universal/impl/SwitchIndicator.qml"
Log:  to "build_release/bin/FocusForgeApp.app/Contents/Resources/qml/QtQuick/Controls/Universal/impl/SwitchIndicator.qml"
Log: copy: "/opt/homebrew/share/qt/qml/QtQuick/Dialogs" "build_release/bin/FocusForgeApp.app/Contents/Resources/qml/QtQuick/Dialogs"
Log:  copied: "/opt/homebrew/share/qt/qml/QtQuick/Dialogs/libqtquickdialogsplugin.dylib"
Log:  to "build_release/bin/FocusForgeApp.app/Contents/PlugIns/quick/libqtquickdialogsplugin.dylib"
Log:  symlink "build_release/bin/FocusForgeApp.app/Contents/Resources/qml/QtQuick/Dialogs/libqtquickdialogsplugin.dylib"
Log:  points to "../../../../PlugIns/quick/libqtquickdialogsplugin.dylib"
ERROR: Cannot resolve rpath "@rpath/QtQuickDialogs2.framework/Versions/A/QtQuickDialogs2"
ERROR:  using QList("/Users/plokm/Downloads/focus-forge/build_release/lib")
ERROR: Cannot resolve rpath "@rpath/QtQuick.framework/Versions/A/QtQuick"
ERROR:  using QList("/Users/plokm/Downloads/focus-forge/build_release/lib")
ERROR: Cannot resolve rpath "@rpath/QtQmlMeta.framework/Versions/A/QtQmlMeta"
ERROR:  using QList("/Users/plokm/Downloads/focus-forge/build_release/lib")
ERROR: Cannot resolve rpath "@rpath/QtQmlWorkerScript.framework/Versions/A/QtQmlWorkerScript"
ERROR:  using QList("/Users/plokm/Downloads/focus-forge/build_release/lib")
ERROR: Cannot resolve rpath "@rpath/QtOpenGL.framework/Versions/A/QtOpenGL"
ERROR:  using QList("/Users/plokm/Downloads/focus-forge/build_release/lib")
ERROR: Cannot resolve rpath "@rpath/QtGui.framework/Versions/A/QtGui"
ERROR:  using QList("/Users/plokm/Downloads/focus-forge/build_release/lib")
ERROR: Cannot resolve rpath "@rpath/QtQmlModels.framework/Versions/A/QtQmlModels"
ERROR:  using QList("/Users/plokm/Downloads/focus-forge/build_release/lib")
ERROR: Cannot resolve rpath "@rpath/QtQml.framework/Versions/A/QtQml"
ERROR:  using QList("/Users/plokm/Downloads/focus-forge/build_release/lib")
ERROR: Cannot resolve rpath "@rpath/QtNetwork.framework/Versions/A/QtNetwork"
ERROR:  using QList("/Users/plokm/Downloads/focus-forge/build_release/lib")
ERROR: Cannot resolve rpath "@rpath/QtCore.framework/Versions/A/QtCore"
ERROR:  using QList("/Users/plokm/Downloads/focus-forge/build_release/lib")
Log:
Log: Deploying Qt frameworks found inside: QList("build_release/bin/FocusForgeApp.app/Contents/PlugIns/quick/libqtquickdialogsplugin.dylib")
Log:  copied: "/opt/homebrew/share/qt/qml/QtQuick/Dialogs/plugins.qmltypes"
Log:  to "build_release/bin/FocusForgeApp.app/Contents/Resources/qml/QtQuick/Dialogs/plugins.qmltypes"
Log:  copied: "/opt/homebrew/share/qt/qml/QtQuick/Dialogs/qmldir"
Log:  to "build_release/bin/FocusForgeApp.app/Contents/Resources/qml/QtQuick/Dialogs/qmldir"
Log: copy: "/opt/homebrew/share/qt/qml/QtQuick/Dialogs/quickimpl" "build_release/bin/FocusForgeApp.app/Contents/Resources/qml/QtQuick/Dialogs/quickimpl"
Log:  copied: "/opt/homebrew/share/qt/qml/QtQuick/Dialogs/quickimpl/libqtquickdialogs2quickimplplugin.dylib"
Log:  to "build_release/bin/FocusForgeApp.app/Contents/PlugIns/quick/libqtquickdialogs2quickimplplugin.dylib"
Log:  symlink "build_release/bin/FocusForgeApp.app/Contents/Resources/qml/QtQuick/Dialogs/quickimpl/libqtquickdialogs2quickimplplugin.dylib"
Log:  points to "../../../../../PlugIns/quick/libqtquickdialogs2quickimplplugin.dylib"
ERROR: Cannot resolve rpath "@rpath/QtQuickDialogs2QuickImpl.framework/Versions/A/QtQuickDialogs2QuickImpl"
ERROR:  using QList("/Users/plokm/Downloads/focus-forge/lib")
ERROR: Cannot resolve rpath "@rpath/QtQuick.framework/Versions/A/QtQuick"
ERROR:  using QList("/Users/plokm/Downloads/focus-forge/lib")
ERROR: Cannot resolve rpath "@rpath/QtQmlMeta.framework/Versions/A/QtQmlMeta"
ERROR:  using QList("/Users/plokm/Downloads/focus-forge/lib")
ERROR: Cannot resolve rpath "@rpath/QtQmlWorkerScript.framework/Versions/A/QtQmlWorkerScript"
ERROR:  using QList("/Users/plokm/Downloads/focus-forge/lib")
ERROR: Cannot resolve rpath "@rpath/QtOpenGL.framework/Versions/A/QtOpenGL"
ERROR:  using QList("/Users/plokm/Downloads/focus-forge/lib")
ERROR: Cannot resolve rpath "@rpath/QtGui.framework/Versions/A/QtGui"
ERROR:  using QList("/Users/plokm/Downloads/focus-forge/lib")
ERROR: Cannot resolve rpath "@rpath/QtQmlModels.framework/Versions/A/QtQmlModels"
ERROR:  using QList("/Users/plokm/Downloads/focus-forge/lib")
ERROR: Cannot resolve rpath "@rpath/QtQml.framework/Versions/A/QtQml"
ERROR:  using QList("/Users/plokm/Downloads/focus-forge/lib")
ERROR: Cannot resolve rpath "@rpath/QtNetwork.framework/Versions/A/QtNetwork"
ERROR:  using QList("/Users/plokm/Downloads/focus-forge/lib")
ERROR: Cannot resolve rpath "@rpath/QtCore.framework/Versions/A/QtCore"
ERROR:  using QList("/Users/plokm/Downloads/focus-forge/lib")
Log:
Log: Deploying Qt frameworks found inside: QList("build_release/bin/FocusForgeApp.app/Contents/PlugIns/quick/libqtquickdialogs2quickimplplugin.dylib")
Log:  copied: "/opt/homebrew/share/qt/qml/QtQuick/Dialogs/quickimpl/plugins.qmltypes"
Log:  to "build_release/bin/FocusForgeApp.app/Contents/Resources/qml/QtQuick/Dialogs/quickimpl/plugins.qmltypes"
Log:  copied: "/opt/homebrew/share/qt/qml/QtQuick/Dialogs/quickimpl/qmldir"
Log:  to "build_release/bin/FocusForgeApp.app/Contents/Resources/qml/QtQuick/Dialogs/quickimpl/qmldir"
Log: copy: "/opt/homebrew/share/qt/qml/QtQuick/Dialogs/quickimpl/qml" "build_release/bin/FocusForgeApp.app/Contents/Resources/qml/QtQuick/Dialogs/quickimpl/qml"
Log:  copied: "/opt/homebrew/share/qt/qml/QtQuick/Dialogs/quickimpl/qml/ColorDialog.qml"
Log:  to "build_release/bin/FocusForgeApp.app/Contents/Resources/qml/QtQuick/Dialogs/quickimpl/qml/ColorDialog.qml"
Log:  copied: "/opt/homebrew/share/qt/qml/QtQuick/Dialogs/quickimpl/qml/ColorInputs.qml"
Log:  to "build_release/bin/FocusForgeApp.app/Contents/Resources/qml/QtQuick/Dialogs/quickimpl/qml/ColorInputs.qml"
Log:  copied: "/opt/homebrew/share/qt/qml/QtQuick/Dialogs/quickimpl/qml/FileDialog.qml"
Log:  to "build_release/bin/FocusForgeApp.app/Contents/Resources/qml/QtQuick/Dialogs/quickimpl/qml/FileDialog.qml"
Log:  copied: "/opt/homebrew/share/qt/qml/QtQuick/Dialogs/quickimpl/qml/FileDialogDelegate.qml"
Log:  to "build_release/bin/FocusForgeApp.app/Contents/Resources/qml/QtQuick/Dialogs/quickimpl/qml/FileDialogDelegate.qml"
Log:  copied: "/opt/homebrew/share/qt/qml/QtQuick/Dialogs/quickimpl/qml/FileDialogDelegateLabel.qml"
Log:  to "build_release/bin/FocusForgeApp.app/Contents/Resources/qml/QtQuick/Dialogs/quickimpl/qml/FileDialogDelegateLabel.qml"
Log:  copied: "/opt/homebrew/share/qt/qml/QtQuick/Dialogs/quickimpl/qml/FolderBreadcrumbBar.qml"
Log:  to "build_release/bin/FocusForgeApp.app/Contents/Resources/qml/QtQuick/Dialogs/quickimpl/qml/FolderBreadcrumbBar.qml"
Log:  copied: "/opt/homebrew/share/qt/qml/QtQuick/Dialogs/quickimpl/qml/FolderDialog.qml"
Log:  to "build_release/bin/FocusForgeApp.app/Contents/Resources/qml/QtQuick/Dialogs/quickimpl/qml/FolderDialog.qml"
Log:  copied: "/opt/homebrew/share/qt/qml/QtQuick/Dialogs/quickimpl/qml/FolderDialogDelegate.qml"
Log:  to "build_release/bin/FocusForgeApp.app/Contents/Resources/qml/QtQuick/Dialogs/quickimpl/qml/FolderDialogDelegate.qml"
Log:  copied: "/opt/homebrew/share/qt/qml/QtQuick/Dialogs/quickimpl/qml/FolderDialogDelegateLabel.qml"
Log:  to "build_release/bin/FocusForgeApp.app/Contents/Resources/qml/QtQuick/Dialogs/quickimpl/qml/FolderDialogDelegateLabel.qml"
Log:  copied: "/opt/homebrew/share/qt/qml/QtQuick/Dialogs/quickimpl/qml/FontDialog.qml"
Log:  to "build_release/bin/FocusForgeApp.app/Contents/Resources/qml/QtQuick/Dialogs/quickimpl/qml/FontDialog.qml"
Log:  copied: "/opt/homebrew/share/qt/qml/QtQuick/Dialogs/quickimpl/qml/FontDialogContent.qml"
Log:  to "build_release/bin/FocusForgeApp.app/Contents/Resources/qml/QtQuick/Dialogs/quickimpl/qml/FontDialogContent.qml"
Log:  copied: "/opt/homebrew/share/qt/qml/QtQuick/Dialogs/quickimpl/qml/HueGradient.qml"
Log:  to "build_release/bin/FocusForgeApp.app/Contents/Resources/qml/QtQuick/Dialogs/quickimpl/qml/HueGradient.qml"
Log:  copied: "/opt/homebrew/share/qt/qml/QtQuick/Dialogs/quickimpl/qml/MessageDialog.qml"
Log:  to "build_release/bin/FocusForgeApp.app/Contents/Resources/qml/QtQuick/Dialogs/quickimpl/qml/MessageDialog.qml"
Log:  copied: "/opt/homebrew/share/qt/qml/QtQuick/Dialogs/quickimpl/qml/PickerHandle.qml"
Log:  to "build_release/bin/FocusForgeApp.app/Contents/Resources/qml/QtQuick/Dialogs/quickimpl/qml/PickerHandle.qml"
Log:  copied: "/opt/homebrew/share/qt/qml/QtQuick/Dialogs/quickimpl/qml/SaturationLightnessPicker.qml"
Log:  to "build_release/bin/FocusForgeApp.app/Contents/Resources/qml/QtQuick/Dialogs/quickimpl/qml/SaturationLightnessPicker.qml"
Log:  copied: "/opt/homebrew/share/qt/qml/QtQuick/Dialogs/quickimpl/qml/SideBar.qml"
Log:  to "build_release/bin/FocusForgeApp.app/Contents/Resources/qml/QtQuick/Dialogs/quickimpl/qml/SideBar.qml"
Log: copy: "/opt/homebrew/share/qt/qml/QtQuick/Dialogs/quickimpl/qml/+Fusion" "build_release/bin/FocusForgeApp.app/Contents/Resources/qml/QtQuick/Dialogs/quickimpl/qml/+Fusion"
Log:  copied: "/opt/homebrew/share/qt/qml/QtQuick/Dialogs/quickimpl/qml/+Fusion/ColorDialog.qml"
Log:  to "build_release/bin/FocusForgeApp.app/Contents/Resources/qml/QtQuick/Dialogs/quickimpl/qml/+Fusion/ColorDialog.qml"
Log:  copied: "/opt/homebrew/share/qt/qml/QtQuick/Dialogs/quickimpl/qml/+Fusion/ColorInputs.qml"
Log:  to "build_release/bin/FocusForgeApp.app/Contents/Resources/qml/QtQuick/Dialogs/quickimpl/qml/+Fusion/ColorInputs.qml"
Log:  copied: "/opt/homebrew/share/qt/qml/QtQuick/Dialogs/quickimpl/qml/+Fusion/FileDialog.qml"
Log:  to "build_release/bin/FocusForgeApp.app/Contents/Resources/qml/QtQuick/Dialogs/quickimpl/qml/+Fusion/FileDialog.qml"
Log:  copied: "/opt/homebrew/share/qt/qml/QtQuick/Dialogs/quickimpl/qml/+Fusion/FileDialogDelegate.qml"
Log:  to "build_release/bin/FocusForgeApp.app/Contents/Resources/qml/QtQuick/Dialogs/quickimpl/qml/+Fusion/FileDialogDelegate.qml"
Log:  copied: "/opt/homebrew/share/qt/qml/QtQuick/Dialogs/quickimpl/qml/+Fusion/FolderBreadcrumbBar.qml"
Log:  to "build_release/bin/FocusForgeApp.app/Contents/Resources/qml/QtQuick/Dialogs/quickimpl/qml/+Fusion/FolderBreadcrumbBar.qml"
Log:  copied: "/opt/homebrew/share/qt/qml/QtQuick/Dialogs/quickimpl/qml/+Fusion/FolderDialog.qml"
Log:  to "build_release/bin/FocusForgeApp.app/Contents/Resources/qml/QtQuick/Dialogs/quickimpl/qml/+Fusion/FolderDialog.qml"
Log:  copied: "/opt/homebrew/share/qt/qml/QtQuick/Dialogs/quickimpl/qml/+Fusion/FolderDialogDelegate.qml"
Log:  to "build_release/bin/FocusForgeApp.app/Contents/Resources/qml/QtQuick/Dialogs/quickimpl/qml/+Fusion/FolderDialogDelegate.qml"
Log:  copied: "/opt/homebrew/share/qt/qml/QtQuick/Dialogs/quickimpl/qml/+Fusion/FontDialog.qml"
Log:  to "build_release/bin/FocusForgeApp.app/Contents/Resources/qml/QtQuick/Dialogs/quickimpl/qml/+Fusion/FontDialog.qml"
Log:  copied: "/opt/homebrew/share/qt/qml/QtQuick/Dialogs/quickimpl/qml/+Fusion/MessageDialog.qml"
Log:  to "build_release/bin/FocusForgeApp.app/Contents/Resources/qml/QtQuick/Dialogs/quickimpl/qml/+Fusion/MessageDialog.qml"
Log:  copied: "/opt/homebrew/share/qt/qml/QtQuick/Dialogs/quickimpl/qml/+Fusion/SideBar.qml"
Log:  to "build_release/bin/FocusForgeApp.app/Contents/Resources/qml/QtQuick/Dialogs/quickimpl/qml/+Fusion/SideBar.qml"
Log: copy: "/opt/homebrew/share/qt/qml/QtQuick/Dialogs/quickimpl/qml/+Imagine" "build_release/bin/FocusForgeApp.app/Contents/Resources/qml/QtQuick/Dialogs/quickimpl/qml/+Imagine"
Log:  copied: "/opt/homebrew/share/qt/qml/QtQuick/Dialogs/quickimpl/qml/+Imagine/ColorDialog.qml"
Log:  to "build_release/bin/FocusForgeApp.app/Contents/Resources/qml/QtQuick/Dialogs/quickimpl/qml/+Imagine/ColorDialog.qml"
Log:  copied: "/opt/homebrew/share/qt/qml/QtQuick/Dialogs/quickimpl/qml/+Imagine/ColorInputs.qml"
Log:  to "build_release/bin/FocusForgeApp.app/Contents/Resources/qml/QtQuick/Dialogs/quickimpl/qml/+Imagine/ColorInputs.qml"
Log:  copied: "/opt/homebrew/share/qt/qml/QtQuick/Dialogs/quickimpl/qml/+Imagine/FileDialog.qml"
Log:  to "build_release/bin/FocusForgeApp.app/Contents/Resources/qml/QtQuick/Dialogs/quickimpl/qml/+Imagine/FileDialog.qml"
Log:  copied: "/opt/homebrew/share/qt/qml/QtQuick/Dialogs/quickimpl/qml/+Imagine/FileDialogDelegate.qml"
Log:  to "build_release/bin/FocusForgeApp.app/Contents/Resources/qml/QtQuick/Dialogs/quickimpl/qml/+Imagine/FileDialogDelegate.qml"
Log:  copied: "/opt/homebrew/share/qt/qml/QtQuick/Dialogs/quickimpl/qml/+Imagine/FolderBreadcrumbBar.qml"
Log:  to "build_release/bin/FocusForgeApp.app/Contents/Resources/qml/QtQuick/Dialogs/quickimpl/qml/+Imagine/FolderBreadcrumbBar.qml"
Log:  copied: "/opt/homebrew/share/qt/qml/QtQuick/Dialogs/quickimpl/qml/+Imagine/FolderDialog.qml"
Log:  to "build_release/bin/FocusForgeApp.app/Contents/Resources/qml/QtQuick/Dialogs/quickimpl/qml/+Imagine/FolderDialog.qml"
Log:  copied: "/opt/homebrew/share/qt/qml/QtQuick/Dialogs/quickimpl/qml/+Imagine/FolderDialogDelegate.qml"
Log:  to "build_release/bin/FocusForgeApp.app/Contents/Resources/qml/QtQuick/Dialogs/quickimpl/qml/+Imagine/FolderDialogDelegate.qml"
Log:  copied: "/opt/homebrew/share/qt/qml/QtQuick/Dialogs/quickimpl/qml/+Imagine/FontDialog.qml"
Log:  to "build_release/bin/FocusForgeApp.app/Contents/Resources/qml/QtQuick/Dialogs/quickimpl/qml/+Imagine/FontDialog.qml"
Log:  copied: "/opt/homebrew/share/qt/qml/QtQuick/Dialogs/quickimpl/qml/+Imagine/MessageDialog.qml"
Log:  to "build_release/bin/FocusForgeApp.app/Contents/Resources/qml/QtQuick/Dialogs/quickimpl/qml/+Imagine/MessageDialog.qml"
Log:  copied: "/opt/homebrew/share/qt/qml/QtQuick/Dialogs/quickimpl/qml/+Imagine/SideBar.qml"
Log:  to "build_release/bin/FocusForgeApp.app/Contents/Resources/qml/QtQuick/Dialogs/quickimpl/qml/+Imagine/SideBar.qml"
Log: copy: "/opt/homebrew/share/qt/qml/QtQuick/Dialogs/quickimpl/qml/+Material" "build_release/bin/FocusForgeApp.app/Contents/Resources/qml/QtQuick/Dialogs/quickimpl/qml/+Material"
Log:  copied: "/opt/homebrew/share/qt/qml/QtQuick/Dialogs/quickimpl/qml/+Material/ColorDialog.qml"
Log:  to "build_release/bin/FocusForgeApp.app/Contents/Resources/qml/QtQuick/Dialogs/quickimpl/qml/+Material/ColorDialog.qml"
Log:  copied: "/opt/homebrew/share/qt/qml/QtQuick/Dialogs/quickimpl/qml/+Material/ColorInputs.qml"
Log:  to "build_release/bin/FocusForgeApp.app/Contents/Resources/qml/QtQuick/Dialogs/quickimpl/qml/+Material/ColorInputs.qml"
Log:  copied: "/opt/homebrew/share/qt/qml/QtQuick/Dialogs/quickimpl/qml/+Material/FileDialog.qml"
Log:  to "build_release/bin/FocusForgeApp.app/Contents/Resources/qml/QtQuick/Dialogs/quickimpl/qml/+Material/FileDialog.qml"
Log:  copied: "/opt/homebrew/share/qt/qml/QtQuick/Dialogs/quickimpl/qml/+Material/FileDialogDelegate.qml"
Log:  to "build_release/bin/FocusForgeApp.app/Contents/Resources/qml/QtQuick/Dialogs/quickimpl/qml/+Material/FileDialogDelegate.qml"
Log:  copied: "/opt/homebrew/share/qt/qml/QtQuick/Dialogs/quickimpl/qml/+Material/FolderBreadcrumbBar.qml"
Log:  to "build_release/bin/FocusForgeApp.app/Contents/Resources/qml/QtQuick/Dialogs/quickimpl/qml/+Material/FolderBreadcrumbBar.qml"
Log:  copied: "/opt/homebrew/share/qt/qml/QtQuick/Dialogs/quickimpl/qml/+Material/FolderDialog.qml"
Log:  to "build_release/bin/FocusForgeApp.app/Contents/Resources/qml/QtQuick/Dialogs/quickimpl/qml/+Material/FolderDialog.qml"
Log:  copied: "/opt/homebrew/share/qt/qml/QtQuick/Dialogs/quickimpl/qml/+Material/FolderDialogDelegate.qml"
Log:  to "build_release/bin/FocusForgeApp.app/Contents/Resources/qml/QtQuick/Dialogs/quickimpl/qml/+Material/FolderDialogDelegate.qml"
Log:  copied: "/opt/homebrew/share/qt/qml/QtQuick/Dialogs/quickimpl/qml/+Material/FontDialog.qml"
Log:  to "build_release/bin/FocusForgeApp.app/Contents/Resources/qml/QtQuick/Dialogs/quickimpl/qml/+Material/FontDialog.qml"
Log:  copied: "/opt/homebrew/share/qt/qml/QtQuick/Dialogs/quickimpl/qml/+Material/MessageDialog.qml"
Log:  to "build_release/bin/FocusForgeApp.app/Contents/Resources/qml/QtQuick/Dialogs/quickimpl/qml/+Material/MessageDialog.qml"
Log:  copied: "/opt/homebrew/share/qt/qml/QtQuick/Dialogs/quickimpl/qml/+Material/SideBar.qml"
Log:  to "build_release/bin/FocusForgeApp.app/Contents/Resources/qml/QtQuick/Dialogs/quickimpl/qml/+Material/SideBar.qml"
Log: copy: "/opt/homebrew/share/qt/qml/QtQuick/Dialogs/quickimpl/qml/+Universal" "build_release/bin/FocusForgeApp.app/Contents/Resources/qml/QtQuick/Dialogs/quickimpl/qml/+Universal"
Log:  copied: "/opt/homebrew/share/qt/qml/QtQuick/Dialogs/quickimpl/qml/+Universal/ColorDialog.qml"
Log:  to "build_release/bin/FocusForgeApp.app/Contents/Resources/qml/QtQuick/Dialogs/quickimpl/qml/+Universal/ColorDialog.qml"
Log:  copied: "/opt/homebrew/share/qt/qml/QtQuick/Dialogs/quickimpl/qml/+Universal/ColorInputs.qml"
Log:  to "build_release/bin/FocusForgeApp.app/Contents/Resources/qml/QtQuick/Dialogs/quickimpl/qml/+Universal/ColorInputs.qml"
Log:  copied: "/opt/homebrew/share/qt/qml/QtQuick/Dialogs/quickimpl/qml/+Universal/FileDialog.qml"
Log:  to "build_release/bin/FocusForgeApp.app/Contents/Resources/qml/QtQuick/Dialogs/quickimpl/qml/+Universal/FileDialog.qml"
Log:  copied: "/opt/homebrew/share/qt/qml/QtQuick/Dialogs/quickimpl/qml/+Universal/FileDialogDelegate.qml"
Log:  to "build_release/bin/FocusForgeApp.app/Contents/Resources/qml/QtQuick/Dialogs/quickimpl/qml/+Universal/FileDialogDelegate.qml"
Log:  copied: "/opt/homebrew/share/qt/qml/QtQuick/Dialogs/quickimpl/qml/+Universal/FolderBreadcrumbBar.qml"
Log:  to "build_release/bin/FocusForgeApp.app/Contents/Resources/qml/QtQuick/Dialogs/quickimpl/qml/+Universal/FolderBreadcrumbBar.qml"
Log:  copied: "/opt/homebrew/share/qt/qml/QtQuick/Dialogs/quickimpl/qml/+Universal/FolderDialog.qml"
Log:  to "build_release/bin/FocusForgeApp.app/Contents/Resources/qml/QtQuick/Dialogs/quickimpl/qml/+Universal/FolderDialog.qml"
Log:  copied: "/opt/homebrew/share/qt/qml/QtQuick/Dialogs/quickimpl/qml/+Universal/FolderDialogDelegate.qml"
Log:  to "build_release/bin/FocusForgeApp.app/Contents/Resources/qml/QtQuick/Dialogs/quickimpl/qml/+Universal/FolderDialogDelegate.qml"
Log:  copied: "/opt/homebrew/share/qt/qml/QtQuick/Dialogs/quickimpl/qml/+Universal/FontDialog.qml"
Log:  to "build_release/bin/FocusForgeApp.app/Contents/Resources/qml/QtQuick/Dialogs/quickimpl/qml/+Universal/FontDialog.qml"
Log:  copied: "/opt/homebrew/share/qt/qml/QtQuick/Dialogs/quickimpl/qml/+Universal/MessageDialog.qml"
Log:  to "build_release/bin/FocusForgeApp.app/Contents/Resources/qml/QtQuick/Dialogs/quickimpl/qml/+Universal/MessageDialog.qml"
Log:  copied: "/opt/homebrew/share/qt/qml/QtQuick/Dialogs/quickimpl/qml/+Universal/SideBar.qml"
Log:  to "build_release/bin/FocusForgeApp.app/Contents/Resources/qml/QtQuick/Dialogs/quickimpl/qml/+Universal/SideBar.qml"
Log: copy: "/opt/homebrew/share/qt/qml/QtQuick/Effects" "build_release/bin/FocusForgeApp.app/Contents/Resources/qml/QtQuick/Effects"
Log:  copied: "/opt/homebrew/share/qt/qml/QtQuick/Effects/libeffectsplugin.dylib"
Log:  to "build_release/bin/FocusForgeApp.app/Contents/PlugIns/quick/libeffectsplugin.dylib"
Log:  symlink "build_release/bin/FocusForgeApp.app/Contents/Resources/qml/QtQuick/Effects/libeffectsplugin.dylib"
Log:  points to "../../../../PlugIns/quick/libeffectsplugin.dylib"
ERROR: Cannot resolve rpath "@rpath/QtQuickEffects.framework/Versions/A/QtQuickEffects"
ERROR:  using QList("/Users/plokm/Downloads/focus-forge/build_release/lib")
ERROR: Cannot resolve rpath "@rpath/QtQuick.framework/Versions/A/QtQuick"
ERROR:  using QList("/Users/plokm/Downloads/focus-forge/build_release/lib")
ERROR: Cannot resolve rpath "@rpath/QtQmlMeta.framework/Versions/A/QtQmlMeta"
ERROR:  using QList("/Users/plokm/Downloads/focus-forge/build_release/lib")
ERROR: Cannot resolve rpath "@rpath/QtQmlWorkerScript.framework/Versions/A/QtQmlWorkerScript"
ERROR:  using QList("/Users/plokm/Downloads/focus-forge/build_release/lib")
ERROR: Cannot resolve rpath "@rpath/QtQmlModels.framework/Versions/A/QtQmlModels"
ERROR:  using QList("/Users/plokm/Downloads/focus-forge/build_release/lib")
ERROR: Cannot resolve rpath "@rpath/QtQml.framework/Versions/A/QtQml"
ERROR:  using QList("/Users/plokm/Downloads/focus-forge/build_release/lib")
ERROR: Cannot resolve rpath "@rpath/QtNetwork.framework/Versions/A/QtNetwork"
ERROR:  using QList("/Users/plokm/Downloads/focus-forge/build_release/lib")
ERROR: Cannot resolve rpath "@rpath/QtOpenGL.framework/Versions/A/QtOpenGL"
ERROR:  using QList("/Users/plokm/Downloads/focus-forge/build_release/lib")
ERROR: Cannot resolve rpath "@rpath/QtGui.framework/Versions/A/QtGui"
ERROR:  using QList("/Users/plokm/Downloads/focus-forge/build_release/lib")
ERROR: Cannot resolve rpath "@rpath/QtCore.framework/Versions/A/QtCore"
ERROR:  using QList("/Users/plokm/Downloads/focus-forge/build_release/lib")
Log:
Log: Deploying Qt frameworks found inside: QList("build_release/bin/FocusForgeApp.app/Contents/PlugIns/quick/libeffectsplugin.dylib")
Log:  copied: "/opt/homebrew/share/qt/qml/QtQuick/Effects/plugins.qmltypes"
Log:  to "build_release/bin/FocusForgeApp.app/Contents/Resources/qml/QtQuick/Effects/plugins.qmltypes"
Log:  copied: "/opt/homebrew/share/qt/qml/QtQuick/Effects/qmldir"
Log:  to "build_release/bin/FocusForgeApp.app/Contents/Resources/qml/QtQuick/Effects/qmldir"
Log: copy: "/opt/homebrew/share/qt/qml/QtQuick/Layouts" "build_release/bin/FocusForgeApp.app/Contents/Resources/qml/QtQuick/Layouts"
Log:  copied: "/opt/homebrew/share/qt/qml/QtQuick/Layouts/libqquicklayoutsplugin.dylib"
Log:  to "build_release/bin/FocusForgeApp.app/Contents/PlugIns/quick/libqquicklayoutsplugin.dylib"
Log:  symlink "build_release/bin/FocusForgeApp.app/Contents/Resources/qml/QtQuick/Layouts/libqquicklayoutsplugin.dylib"
Log:  points to "../../../../PlugIns/quick/libqquicklayoutsplugin.dylib"
ERROR: Cannot resolve rpath "@rpath/QtQuickLayouts.framework/Versions/A/QtQuickLayouts"
ERROR:  using QList("/Users/plokm/Downloads/focus-forge/build_release/lib")
ERROR: Cannot resolve rpath "@rpath/QtQuick.framework/Versions/A/QtQuick"
ERROR:  using QList("/Users/plokm/Downloads/focus-forge/build_release/lib")
ERROR: Cannot resolve rpath "@rpath/QtQmlMeta.framework/Versions/A/QtQmlMeta"
ERROR:  using QList("/Users/plokm/Downloads/focus-forge/build_release/lib")
ERROR: Cannot resolve rpath "@rpath/QtQmlModels.framework/Versions/A/QtQmlModels"
ERROR:  using QList("/Users/plokm/Downloads/focus-forge/build_release/lib")
ERROR: Cannot resolve rpath "@rpath/QtQmlWorkerScript.framework/Versions/A/QtQmlWorkerScript"
ERROR:  using QList("/Users/plokm/Downloads/focus-forge/build_release/lib")
ERROR: Cannot resolve rpath "@rpath/QtQml.framework/Versions/A/QtQml"
ERROR:  using QList("/Users/plokm/Downloads/focus-forge/build_release/lib")
ERROR: Cannot resolve rpath "@rpath/QtNetwork.framework/Versions/A/QtNetwork"
ERROR:  using QList("/Users/plokm/Downloads/focus-forge/build_release/lib")
ERROR: Cannot resolve rpath "@rpath/QtOpenGL.framework/Versions/A/QtOpenGL"
ERROR:  using QList("/Users/plokm/Downloads/focus-forge/build_release/lib")
ERROR: Cannot resolve rpath "@rpath/QtGui.framework/Versions/A/QtGui"
ERROR:  using QList("/Users/plokm/Downloads/focus-forge/build_release/lib")
ERROR: Cannot resolve rpath "@rpath/QtCore.framework/Versions/A/QtCore"
ERROR:  using QList("/Users/plokm/Downloads/focus-forge/build_release/lib")
Log:
Log: Deploying Qt frameworks found inside: QList("build_release/bin/FocusForgeApp.app/Contents/PlugIns/quick/libqquicklayoutsplugin.dylib")
Log:  copied: "/opt/homebrew/share/qt/qml/QtQuick/Layouts/plugins.qmltypes"
Log:  to "build_release/bin/FocusForgeApp.app/Contents/Resources/qml/QtQuick/Layouts/plugins.qmltypes"
Log:  copied: "/opt/homebrew/share/qt/qml/QtQuick/Layouts/qmldir"
Log:  to "build_release/bin/FocusForgeApp.app/Contents/Resources/qml/QtQuick/Layouts/qmldir"
Log: copy: "/opt/homebrew/share/qt/qml/QtQuick/LocalStorage" "build_release/bin/FocusForgeApp.app/Contents/Resources/qml/QtQuick/LocalStorage"
Log:  copied: "/opt/homebrew/share/qt/qml/QtQuick/LocalStorage/libqmllocalstorageplugin.dylib"
Log:  to "build_release/bin/FocusForgeApp.app/Contents/PlugIns/quick/libqmllocalstorageplugin.dylib"
Log:  symlink "build_release/bin/FocusForgeApp.app/Contents/Resources/qml/QtQuick/LocalStorage/libqmllocalstorageplugin.dylib"
Log:  points to "../../../../PlugIns/quick/libqmllocalstorageplugin.dylib"
ERROR: Cannot resolve rpath "@rpath/QtQmlLocalStorage.framework/Versions/A/QtQmlLocalStorage"
ERROR:  using QList("/Users/plokm/Downloads/focus-forge/build_release/lib")
ERROR: Cannot resolve rpath "@rpath/QtQml.framework/Versions/A/QtQml"
ERROR:  using QList("/Users/plokm/Downloads/focus-forge/build_release/lib")
ERROR: Cannot resolve rpath "@rpath/QtNetwork.framework/Versions/A/QtNetwork"
ERROR:  using QList("/Users/plokm/Downloads/focus-forge/build_release/lib")
ERROR: Cannot resolve rpath "@rpath/QtSql.framework/Versions/A/QtSql"
ERROR:  using QList("/Users/plokm/Downloads/focus-forge/build_release/lib")
ERROR: Cannot resolve rpath "@rpath/QtCore.framework/Versions/A/QtCore"
ERROR:  using QList("/Users/plokm/Downloads/focus-forge/build_release/lib")
Log:
Log: Deploying Qt frameworks found inside: QList("build_release/bin/FocusForgeApp.app/Contents/PlugIns/quick/libqmllocalstorageplugin.dylib")
Log:  copied: "/opt/homebrew/share/qt/qml/QtQuick/LocalStorage/plugins.qmltypes"
Log:  to "build_release/bin/FocusForgeApp.app/Contents/Resources/qml/QtQuick/LocalStorage/plugins.qmltypes"
Log:  copied: "/opt/homebrew/share/qt/qml/QtQuick/LocalStorage/qmldir"
Log:  to "build_release/bin/FocusForgeApp.app/Contents/Resources/qml/QtQuick/LocalStorage/qmldir"
Log: copy: "/opt/homebrew/share/qt/qml/QtQuick/NativeStyle" "build_release/bin/FocusForgeApp.app/Contents/Resources/qml/QtQuick/NativeStyle"
Log:  copied: "/opt/homebrew/share/qt/qml/QtQuick/NativeStyle/libqtquickcontrols2nativestyleplugin.dylib"
Log:  to "build_release/bin/FocusForgeApp.app/Contents/PlugIns/quick/libqtquickcontrols2nativestyleplugin.dylib"
Log:  symlink "build_release/bin/FocusForgeApp.app/Contents/Resources/qml/QtQuick/NativeStyle/libqtquickcontrols2nativestyleplugin.dylib"
Log:  points to "../../../../PlugIns/quick/libqtquickcontrols2nativestyleplugin.dylib"
ERROR: Cannot resolve rpath "@rpath/QtQuickControls2.framework/Versions/A/QtQuickControls2"
ERROR:  using QList("/Users/plokm/Downloads/focus-forge/build_release/lib")
ERROR: Cannot resolve rpath "@rpath/QtQuickTemplates2.framework/Versions/A/QtQuickTemplates2"
ERROR:  using QList("/Users/plokm/Downloads/focus-forge/build_release/lib")
ERROR: Cannot resolve rpath "@rpath/QtQuick.framework/Versions/A/QtQuick"
ERROR:  using QList("/Users/plokm/Downloads/focus-forge/build_release/lib")
ERROR: Cannot resolve rpath "@rpath/QtQmlMeta.framework/Versions/A/QtQmlMeta"
ERROR:  using QList("/Users/plokm/Downloads/focus-forge/build_release/lib")
ERROR: Cannot resolve rpath "@rpath/QtQmlWorkerScript.framework/Versions/A/QtQmlWorkerScript"
ERROR:  using QList("/Users/plokm/Downloads/focus-forge/build_release/lib")
ERROR: Cannot resolve rpath "@rpath/QtOpenGL.framework/Versions/A/QtOpenGL"
ERROR:  using QList("/Users/plokm/Downloads/focus-forge/build_release/lib")
ERROR: Cannot resolve rpath "@rpath/QtGui.framework/Versions/A/QtGui"
ERROR:  using QList("/Users/plokm/Downloads/focus-forge/build_release/lib")
ERROR: Cannot resolve rpath "@rpath/QtQmlModels.framework/Versions/A/QtQmlModels"
ERROR:  using QList("/Users/plokm/Downloads/focus-forge/build_release/lib")
ERROR: Cannot resolve rpath "@rpath/QtQml.framework/Versions/A/QtQml"
ERROR:  using QList("/Users/plokm/Downloads/focus-forge/build_release/lib")
ERROR: Cannot resolve rpath "@rpath/QtNetwork.framework/Versions/A/QtNetwork"
ERROR:  using QList("/Users/plokm/Downloads/focus-forge/build_release/lib")
ERROR: Cannot resolve rpath "@rpath/QtCore.framework/Versions/A/QtCore"
ERROR:  using QList("/Users/plokm/Downloads/focus-forge/build_release/lib")
Log:
Log: Deploying Qt frameworks found inside: QList("build_release/bin/FocusForgeApp.app/Contents/PlugIns/quick/libqtquickcontrols2nativestyleplugin.dylib")
Log:  copied: "/opt/homebrew/share/qt/qml/QtQuick/NativeStyle/plugins.qmltypes"
Log:  to "build_release/bin/FocusForgeApp.app/Contents/Resources/qml/QtQuick/NativeStyle/plugins.qmltypes"
Log:  copied: "/opt/homebrew/share/qt/qml/QtQuick/NativeStyle/qmldir"
Log:  to "build_release/bin/FocusForgeApp.app/Contents/Resources/qml/QtQuick/NativeStyle/qmldir"
Log: copy: "/opt/homebrew/share/qt/qml/QtQuick/NativeStyle/controls" "build_release/bin/FocusForgeApp.app/Contents/Resources/qml/QtQuick/NativeStyle/controls"
Log:  copied: "/opt/homebrew/share/qt/qml/QtQuick/NativeStyle/controls/DefaultButton.qml"
Log:  to "build_release/bin/FocusForgeApp.app/Contents/Resources/qml/QtQuick/NativeStyle/controls/DefaultButton.qml"
Log:  copied: "/opt/homebrew/share/qt/qml/QtQuick/NativeStyle/controls/DefaultCheckBox.qml"
Log:  to "build_release/bin/FocusForgeApp.app/Contents/Resources/qml/QtQuick/NativeStyle/controls/DefaultCheckBox.qml"
Log:  copied: "/opt/homebrew/share/qt/qml/QtQuick/NativeStyle/controls/DefaultComboBox.qml"
Log:  to "build_release/bin/FocusForgeApp.app/Contents/Resources/qml/QtQuick/NativeStyle/controls/DefaultComboBox.qml"
Log:  copied: "/opt/homebrew/share/qt/qml/QtQuick/NativeStyle/controls/DefaultDial.qml"
Log:  to "build_release/bin/FocusForgeApp.app/Contents/Resources/qml/QtQuick/NativeStyle/controls/DefaultDial.qml"
Log:  copied: "/opt/homebrew/share/qt/qml/QtQuick/NativeStyle/controls/DefaultFrame.qml"
Log:  to "build_release/bin/FocusForgeApp.app/Contents/Resources/qml/QtQuick/NativeStyle/controls/DefaultFrame.qml"
Log:  copied: "/opt/homebrew/share/qt/qml/QtQuick/NativeStyle/controls/DefaultGroupBox.qml"
Log:  to "build_release/bin/FocusForgeApp.app/Contents/Resources/qml/QtQuick/NativeStyle/controls/DefaultGroupBox.qml"
Log:  copied: "/opt/homebrew/share/qt/qml/QtQuick/NativeStyle/controls/DefaultItemDelegate.qml"
Log:  to "build_release/bin/FocusForgeApp.app/Contents/Resources/qml/QtQuick/NativeStyle/controls/DefaultItemDelegate.qml"
Log:  copied: "/opt/homebrew/share/qt/qml/QtQuick/NativeStyle/controls/DefaultItemDelegateIconLabel.qml"
Log:  to "build_release/bin/FocusForgeApp.app/Contents/Resources/qml/QtQuick/NativeStyle/controls/DefaultItemDelegateIconLabel.qml"
Log:  copied: "/opt/homebrew/share/qt/qml/QtQuick/NativeStyle/controls/DefaultProgressBar.qml"
Log:  to "build_release/bin/FocusForgeApp.app/Contents/Resources/qml/QtQuick/NativeStyle/controls/DefaultProgressBar.qml"
Log:  copied: "/opt/homebrew/share/qt/qml/QtQuick/NativeStyle/controls/DefaultRadioButton.qml"
Log:  to "build_release/bin/FocusForgeApp.app/Contents/Resources/qml/QtQuick/NativeStyle/controls/DefaultRadioButton.qml"
Log:  copied: "/opt/homebrew/share/qt/qml/QtQuick/NativeStyle/controls/DefaultRadioDelegate.qml"
Log:  to "build_release/bin/FocusForgeApp.app/Contents/Resources/qml/QtQuick/NativeStyle/controls/DefaultRadioDelegate.qml"
Log:  copied: "/opt/homebrew/share/qt/qml/QtQuick/NativeStyle/controls/DefaultScrollBar.qml"
Log:  to "build_release/bin/FocusForgeApp.app/Contents/Resources/qml/QtQuick/NativeStyle/controls/DefaultScrollBar.qml"
Log:  copied: "/opt/homebrew/share/qt/qml/QtQuick/NativeStyle/controls/DefaultSlider.qml"
Log:  to "build_release/bin/FocusForgeApp.app/Contents/Resources/qml/QtQuick/NativeStyle/controls/DefaultSlider.qml"
Log:  copied: "/opt/homebrew/share/qt/qml/QtQuick/NativeStyle/controls/DefaultSpinBox.qml"
Log:  to "build_release/bin/FocusForgeApp.app/Contents/Resources/qml/QtQuick/NativeStyle/controls/DefaultSpinBox.qml"
Log:  copied: "/opt/homebrew/share/qt/qml/QtQuick/NativeStyle/controls/DefaultTextArea.qml"
Log:  to "build_release/bin/FocusForgeApp.app/Contents/Resources/qml/QtQuick/NativeStyle/controls/DefaultTextArea.qml"
Log:  copied: "/opt/homebrew/share/qt/qml/QtQuick/NativeStyle/controls/DefaultTextField.qml"
Log:  to "build_release/bin/FocusForgeApp.app/Contents/Resources/qml/QtQuick/NativeStyle/controls/DefaultTextField.qml"
Log:  copied: "/opt/homebrew/share/qt/qml/QtQuick/NativeStyle/controls/DefaultTreeViewDelegate.qml"
Log:  to "build_release/bin/FocusForgeApp.app/Contents/Resources/qml/QtQuick/NativeStyle/controls/DefaultTreeViewDelegate.qml"
Log:  copied: "/opt/homebrew/share/qt/qml/QtQuick/NativeStyle/controls/qmldir"
Log:  to "build_release/bin/FocusForgeApp.app/Contents/Resources/qml/QtQuick/NativeStyle/controls/qmldir"
Log: copy: "/opt/homebrew/share/qt/qml/QtQuick/NativeStyle/util" "build_release/bin/FocusForgeApp.app/Contents/Resources/qml/QtQuick/NativeStyle/util"
Log:  copied: "/opt/homebrew/share/qt/qml/QtQuick/NativeStyle/util/MacFocusFrame.qml"
Log:  to "build_release/bin/FocusForgeApp.app/Contents/Resources/qml/QtQuick/NativeStyle/util/MacFocusFrame.qml"
Log:  copied: "/opt/homebrew/share/qt/qml/QtQuick/NativeStyle/util/qmldir"
Log:  to "build_release/bin/FocusForgeApp.app/Contents/Resources/qml/QtQuick/NativeStyle/util/qmldir"
Log: copy: "/opt/homebrew/share/qt/qml/QtQuick/Particles" "build_release/bin/FocusForgeApp.app/Contents/Resources/qml/QtQuick/Particles"
Log:  copied: "/opt/homebrew/share/qt/qml/QtQuick/Particles/libparticlesplugin.dylib"
Log:  to "build_release/bin/FocusForgeApp.app/Contents/PlugIns/quick/libparticlesplugin.dylib"
Log:  symlink "build_release/bin/FocusForgeApp.app/Contents/Resources/qml/QtQuick/Particles/libparticlesplugin.dylib"
Log:  points to "../../../../PlugIns/quick/libparticlesplugin.dylib"
ERROR: Cannot resolve rpath "@rpath/QtQuickParticles.framework/Versions/A/QtQuickParticles"
ERROR:  using QList("/Users/plokm/Downloads/focus-forge/build_release/lib")
ERROR: Cannot resolve rpath "@rpath/QtQuick.framework/Versions/A/QtQuick"
ERROR:  using QList("/Users/plokm/Downloads/focus-forge/build_release/lib")
ERROR: Cannot resolve rpath "@rpath/QtQmlMeta.framework/Versions/A/QtQmlMeta"
ERROR:  using QList("/Users/plokm/Downloads/focus-forge/build_release/lib")
ERROR: Cannot resolve rpath "@rpath/QtQmlModels.framework/Versions/A/QtQmlModels"
ERROR:  using QList("/Users/plokm/Downloads/focus-forge/build_release/lib")
ERROR: Cannot resolve rpath "@rpath/QtQmlWorkerScript.framework/Versions/A/QtQmlWorkerScript"
ERROR:  using QList("/Users/plokm/Downloads/focus-forge/build_release/lib")
ERROR: Cannot resolve rpath "@rpath/QtQml.framework/Versions/A/QtQml"
ERROR:  using QList("/Users/plokm/Downloads/focus-forge/build_release/lib")
ERROR: Cannot resolve rpath "@rpath/QtNetwork.framework/Versions/A/QtNetwork"
ERROR:  using QList("/Users/plokm/Downloads/focus-forge/build_release/lib")
ERROR: Cannot resolve rpath "@rpath/QtOpenGL.framework/Versions/A/QtOpenGL"
ERROR:  using QList("/Users/plokm/Downloads/focus-forge/build_release/lib")
ERROR: Cannot resolve rpath "@rpath/QtGui.framework/Versions/A/QtGui"
ERROR:  using QList("/Users/plokm/Downloads/focus-forge/build_release/lib")
ERROR: Cannot resolve rpath "@rpath/QtCore.framework/Versions/A/QtCore"
ERROR:  using QList("/Users/plokm/Downloads/focus-forge/build_release/lib")
Log:
Log: Deploying Qt frameworks found inside: QList("build_release/bin/FocusForgeApp.app/Contents/PlugIns/quick/libparticlesplugin.dylib")
Log:  copied: "/opt/homebrew/share/qt/qml/QtQuick/Particles/plugins.qmltypes"
Log:  to "build_release/bin/FocusForgeApp.app/Contents/Resources/qml/QtQuick/Particles/plugins.qmltypes"
Log:  copied: "/opt/homebrew/share/qt/qml/QtQuick/Particles/qmldir"
Log:  to "build_release/bin/FocusForgeApp.app/Contents/Resources/qml/QtQuick/Particles/qmldir"
Log: copy: "/opt/homebrew/share/qt/qml/QtQuick/Pdf" "build_release/bin/FocusForgeApp.app/Contents/Resources/qml/QtQuick/Pdf"
Log:  copied: "/opt/homebrew/share/qt/qml/QtQuick/Pdf/libpdfquickplugin.dylib"
Log:  to "build_release/bin/FocusForgeApp.app/Contents/PlugIns/quick/libpdfquickplugin.dylib"
Log:  symlink "build_release/bin/FocusForgeApp.app/Contents/Resources/qml/QtQuick/Pdf/libpdfquickplugin.dylib"
Log:  points to "../../../../PlugIns/quick/libpdfquickplugin.dylib"
ERROR: Cannot resolve rpath "@rpath/QtPdfQuick.framework/Versions/A/QtPdfQuick"
ERROR:  using QList("/Users/plokm/Downloads/focus-forge/build_release/lib")
ERROR: Cannot resolve rpath "@rpath/QtQuick.framework/Versions/A/QtQuick"
ERROR:  using QList("/Users/plokm/Downloads/focus-forge/build_release/lib")
ERROR: Cannot resolve rpath "@rpath/QtQmlMeta.framework/Versions/A/QtQmlMeta"
ERROR:  using QList("/Users/plokm/Downloads/focus-forge/build_release/lib")
ERROR: Cannot resolve rpath "@rpath/QtQmlModels.framework/Versions/A/QtQmlModels"
ERROR:  using QList("/Users/plokm/Downloads/focus-forge/build_release/lib")
ERROR: Cannot resolve rpath "@rpath/QtQmlWorkerScript.framework/Versions/A/QtQmlWorkerScript"
ERROR:  using QList("/Users/plokm/Downloads/focus-forge/build_release/lib")
ERROR: Cannot resolve rpath "@rpath/QtQml.framework/Versions/A/QtQml"
ERROR:  using QList("/Users/plokm/Downloads/focus-forge/build_release/lib")
ERROR: Cannot resolve rpath "@rpath/QtOpenGL.framework/Versions/A/QtOpenGL"
ERROR:  using QList("/Users/plokm/Downloads/focus-forge/build_release/lib")
ERROR: Cannot resolve rpath "@rpath/QtPdf.framework/Versions/A/QtPdf"
ERROR:  using QList("/Users/plokm/Downloads/focus-forge/build_release/lib")
ERROR: Cannot resolve rpath "@rpath/QtNetwork.framework/Versions/A/QtNetwork"
ERROR:  using QList("/Users/plokm/Downloads/focus-forge/build_release/lib")
ERROR: Cannot resolve rpath "@rpath/QtGui.framework/Versions/A/QtGui"
ERROR:  using QList("/Users/plokm/Downloads/focus-forge/build_release/lib")
ERROR: Cannot resolve rpath "@rpath/QtCore.framework/Versions/A/QtCore"
ERROR:  using QList("/Users/plokm/Downloads/focus-forge/build_release/lib")
Log:
Log: Deploying Qt frameworks found inside: QList("build_release/bin/FocusForgeApp.app/Contents/PlugIns/quick/libpdfquickplugin.dylib")
Log:  copied: "/opt/homebrew/share/qt/qml/QtQuick/Pdf/PdfLinkDelegate.qml"
Log:  to "build_release/bin/FocusForgeApp.app/Contents/Resources/qml/QtQuick/Pdf/PdfLinkDelegate.qml"
Log:  copied: "/opt/homebrew/share/qt/qml/QtQuick/Pdf/PdfMultiPageView.qml"
Log:  to "build_release/bin/FocusForgeApp.app/Contents/Resources/qml/QtQuick/Pdf/PdfMultiPageView.qml"
Log:  copied: "/opt/homebrew/share/qt/qml/QtQuick/Pdf/PdfPageView.qml"
Log:  to "build_release/bin/FocusForgeApp.app/Contents/Resources/qml/QtQuick/Pdf/PdfPageView.qml"
Log:  copied: "/opt/homebrew/share/qt/qml/QtQuick/Pdf/PdfScrollablePageView.qml"
Log:  to "build_release/bin/FocusForgeApp.app/Contents/Resources/qml/QtQuick/Pdf/PdfScrollablePageView.qml"
Log:  copied: "/opt/homebrew/share/qt/qml/QtQuick/Pdf/PdfStyle.qml"
Log:  to "build_release/bin/FocusForgeApp.app/Contents/Resources/qml/QtQuick/Pdf/PdfStyle.qml"
Log:  copied: "/opt/homebrew/share/qt/qml/QtQuick/Pdf/plugins.qmltypes"
Log:  to "build_release/bin/FocusForgeApp.app/Contents/Resources/qml/QtQuick/Pdf/plugins.qmltypes"
Log:  copied: "/opt/homebrew/share/qt/qml/QtQuick/Pdf/qmldir"
Log:  to "build_release/bin/FocusForgeApp.app/Contents/Resources/qml/QtQuick/Pdf/qmldir"
Log: copy: "/opt/homebrew/share/qt/qml/QtQuick/Pdf/+Material" "build_release/bin/FocusForgeApp.app/Contents/Resources/qml/QtQuick/Pdf/+Material"
Log:  copied: "/opt/homebrew/share/qt/qml/QtQuick/Pdf/+Material/PdfStyle.qml"
Log:  to "build_release/bin/FocusForgeApp.app/Contents/Resources/qml/QtQuick/Pdf/+Material/PdfStyle.qml"
Log: copy: "/opt/homebrew/share/qt/qml/QtQuick/Pdf/+Universal" "build_release/bin/FocusForgeApp.app/Contents/Resources/qml/QtQuick/Pdf/+Universal"
Log:  copied: "/opt/homebrew/share/qt/qml/QtQuick/Pdf/+Universal/PdfStyle.qml"
Log:  to "build_release/bin/FocusForgeApp.app/Contents/Resources/qml/QtQuick/Pdf/+Universal/PdfStyle.qml"
Log: copy: "/opt/homebrew/share/qt/qml/QtQuick/Scene2D" "build_release/bin/FocusForgeApp.app/Contents/Resources/qml/QtQuick/Scene2D"
Log:  copied: "/opt/homebrew/share/qt/qml/QtQuick/Scene2D/libqtquickscene2dplugin.dylib"
Log:  to "build_release/bin/FocusForgeApp.app/Contents/PlugIns/quick/libqtquickscene2dplugin.dylib"
Log:  symlink "build_release/bin/FocusForgeApp.app/Contents/Resources/qml/QtQuick/Scene2D/libqtquickscene2dplugin.dylib"
Log:  points to "../../../../PlugIns/quick/libqtquickscene2dplugin.dylib"
ERROR: Cannot resolve rpath "@rpath/Qt3DQuickScene2D.framework/Versions/A/Qt3DQuickScene2D"
ERROR:  using QList("/Users/plokm/Downloads/focus-forge/build_release/lib")
ERROR: Cannot resolve rpath "@rpath/Qt3DQuick.framework/Versions/A/Qt3DQuick"
ERROR:  using QList("/Users/plokm/Downloads/focus-forge/build_release/lib")
ERROR: Cannot resolve rpath "@rpath/QtQuick.framework/Versions/A/QtQuick"
ERROR:  using QList("/Users/plokm/Downloads/focus-forge/build_release/lib")
ERROR: Cannot resolve rpath "@rpath/QtQmlMeta.framework/Versions/A/QtQmlMeta"
ERROR:  using QList("/Users/plokm/Downloads/focus-forge/build_release/lib")
ERROR: Cannot resolve rpath "@rpath/QtQmlWorkerScript.framework/Versions/A/QtQmlWorkerScript"
ERROR:  using QList("/Users/plokm/Downloads/focus-forge/build_release/lib")
ERROR: Cannot resolve rpath "@rpath/QtQmlModels.framework/Versions/A/QtQmlModels"
ERROR:  using QList("/Users/plokm/Downloads/focus-forge/build_release/lib")
ERROR: Cannot resolve rpath "@rpath/QtQml.framework/Versions/A/QtQml"
ERROR:  using QList("/Users/plokm/Downloads/focus-forge/build_release/lib")
ERROR: Cannot resolve rpath "@rpath/Qt3DRender.framework/Versions/A/Qt3DRender"
ERROR:  using QList("/Users/plokm/Downloads/focus-forge/build_release/lib")
ERROR: Cannot resolve rpath "@rpath/QtOpenGL.framework/Versions/A/QtOpenGL"
ERROR:  using QList("/Users/plokm/Downloads/focus-forge/build_release/lib")
ERROR: Cannot resolve rpath "@rpath/Qt3DCore.framework/Versions/A/Qt3DCore"
ERROR:  using QList("/Users/plokm/Downloads/focus-forge/build_release/lib")
ERROR: Cannot resolve rpath "@rpath/QtNetwork.framework/Versions/A/QtNetwork"
ERROR:  using QList("/Users/plokm/Downloads/focus-forge/build_release/lib")
ERROR: Cannot resolve rpath "@rpath/QtConcurrent.framework/Versions/A/QtConcurrent"
ERROR:  using QList("/Users/plokm/Downloads/focus-forge/build_release/lib")
ERROR: Cannot resolve rpath "@rpath/QtGui.framework/Versions/A/QtGui"
ERROR:  using QList("/Users/plokm/Downloads/focus-forge/build_release/lib")
ERROR: Cannot resolve rpath "@rpath/QtCore.framework/Versions/A/QtCore"
ERROR:  using QList("/Users/plokm/Downloads/focus-forge/build_release/lib")
Log:
Log: Deploying Qt frameworks found inside: QList("build_release/bin/FocusForgeApp.app/Contents/PlugIns/quick/libqtquickscene2dplugin.dylib")
Log:  copied: "/opt/homebrew/share/qt/qml/QtQuick/Scene2D/plugins.qmltypes"
Log:  to "build_release/bin/FocusForgeApp.app/Contents/Resources/qml/QtQuick/Scene2D/plugins.qmltypes"
Log:  copied: "/opt/homebrew/share/qt/qml/QtQuick/Scene2D/qmldir"
Log:  to "build_release/bin/FocusForgeApp.app/Contents/Resources/qml/QtQuick/Scene2D/qmldir"
Log: copy: "/opt/homebrew/share/qt/qml/QtQuick/Scene3D" "build_release/bin/FocusForgeApp.app/Contents/Resources/qml/QtQuick/Scene3D"
Log:  copied: "/opt/homebrew/share/qt/qml/QtQuick/Scene3D/libqtquickscene3dplugin.dylib"
Log:  to "build_release/bin/FocusForgeApp.app/Contents/PlugIns/quick/libqtquickscene3dplugin.dylib"
Log:  symlink "build_release/bin/FocusForgeApp.app/Contents/Resources/qml/QtQuick/Scene3D/libqtquickscene3dplugin.dylib"
Log:  points to "../../../../PlugIns/quick/libqtquickscene3dplugin.dylib"
ERROR: Cannot resolve rpath "@rpath/Qt3DQuickScene3D.framework/Versions/A/Qt3DQuickScene3D"
ERROR:  using QList("/Users/plokm/Downloads/focus-forge/build_release/lib")
ERROR: Cannot resolve rpath "@rpath/QtQuick.framework/Versions/A/QtQuick"
ERROR:  using QList("/Users/plokm/Downloads/focus-forge/build_release/lib")
ERROR: Cannot resolve rpath "@rpath/QtQmlMeta.framework/Versions/A/QtQmlMeta"
ERROR:  using QList("/Users/plokm/Downloads/focus-forge/build_release/lib")
ERROR: Cannot resolve rpath "@rpath/QtQmlWorkerScript.framework/Versions/A/QtQmlWorkerScript"
ERROR:  using QList("/Users/plokm/Downloads/focus-forge/build_release/lib")
ERROR: Cannot resolve rpath "@rpath/QtQmlModels.framework/Versions/A/QtQmlModels"
ERROR:  using QList("/Users/plokm/Downloads/focus-forge/build_release/lib")
ERROR: Cannot resolve rpath "@rpath/QtQml.framework/Versions/A/QtQml"
ERROR:  using QList("/Users/plokm/Downloads/focus-forge/build_release/lib")
ERROR: Cannot resolve rpath "@rpath/Qt3DCore.framework/Versions/A/Qt3DCore"
ERROR:  using QList("/Users/plokm/Downloads/focus-forge/build_release/lib")
ERROR: Cannot resolve rpath "@rpath/QtNetwork.framework/Versions/A/QtNetwork"
ERROR:  using QList("/Users/plokm/Downloads/focus-forge/build_release/lib")
ERROR: Cannot resolve rpath "@rpath/QtConcurrent.framework/Versions/A/QtConcurrent"
ERROR:  using QList("/Users/plokm/Downloads/focus-forge/build_release/lib")
ERROR: Cannot resolve rpath "@rpath/QtOpenGL.framework/Versions/A/QtOpenGL"
ERROR:  using QList("/Users/plokm/Downloads/focus-forge/build_release/lib")
ERROR: Cannot resolve rpath "@rpath/QtGui.framework/Versions/A/QtGui"
ERROR:  using QList("/Users/plokm/Downloads/focus-forge/build_release/lib")
ERROR: Cannot resolve rpath "@rpath/QtCore.framework/Versions/A/QtCore"
ERROR:  using QList("/Users/plokm/Downloads/focus-forge/build_release/lib")
Log:
Log: Deploying Qt frameworks found inside: QList("build_release/bin/FocusForgeApp.app/Contents/PlugIns/quick/libqtquickscene3dplugin.dylib")
Log:  copied: "/opt/homebrew/share/qt/qml/QtQuick/Scene3D/plugins.qmltypes"
Log:  to "build_release/bin/FocusForgeApp.app/Contents/Resources/qml/QtQuick/Scene3D/plugins.qmltypes"
Log:  copied: "/opt/homebrew/share/qt/qml/QtQuick/Scene3D/qmldir"
Log:  to "build_release/bin/FocusForgeApp.app/Contents/Resources/qml/QtQuick/Scene3D/qmldir"
Log: copy: "/opt/homebrew/share/qt/qml/QtQuick/Shapes" "build_release/bin/FocusForgeApp.app/Contents/Resources/qml/QtQuick/Shapes"
Log:  copied: "/opt/homebrew/share/qt/qml/QtQuick/Shapes/libqmlshapesplugin.dylib"
Log:  to "build_release/bin/FocusForgeApp.app/Contents/PlugIns/quick/libqmlshapesplugin.dylib"
Log:  symlink "build_release/bin/FocusForgeApp.app/Contents/Resources/qml/QtQuick/Shapes/libqmlshapesplugin.dylib"
Log:  points to "../../../../PlugIns/quick/libqmlshapesplugin.dylib"
ERROR: Cannot resolve rpath "@rpath/QtQuickShapes.framework/Versions/A/QtQuickShapes"
ERROR:  using QList("/Users/plokm/Downloads/focus-forge/build_release/lib")
ERROR: Cannot resolve rpath "@rpath/QtQuick.framework/Versions/A/QtQuick"
ERROR:  using QList("/Users/plokm/Downloads/focus-forge/build_release/lib")
ERROR: Cannot resolve rpath "@rpath/QtQmlMeta.framework/Versions/A/QtQmlMeta"
ERROR:  using QList("/Users/plokm/Downloads/focus-forge/build_release/lib")
ERROR: Cannot resolve rpath "@rpath/QtQmlModels.framework/Versions/A/QtQmlModels"
ERROR:  using QList("/Users/plokm/Downloads/focus-forge/build_release/lib")
ERROR: Cannot resolve rpath "@rpath/QtQmlWorkerScript.framework/Versions/A/QtQmlWorkerScript"
ERROR:  using QList("/Users/plokm/Downloads/focus-forge/build_release/lib")
ERROR: Cannot resolve rpath "@rpath/QtQml.framework/Versions/A/QtQml"
ERROR:  using QList("/Users/plokm/Downloads/focus-forge/build_release/lib")
ERROR: Cannot resolve rpath "@rpath/QtNetwork.framework/Versions/A/QtNetwork"
ERROR:  using QList("/Users/plokm/Downloads/focus-forge/build_release/lib")
ERROR: Cannot resolve rpath "@rpath/QtOpenGL.framework/Versions/A/QtOpenGL"
ERROR:  using QList("/Users/plokm/Downloads/focus-forge/build_release/lib")
ERROR: Cannot resolve rpath "@rpath/QtGui.framework/Versions/A/QtGui"
ERROR:  using QList("/Users/plokm/Downloads/focus-forge/build_release/lib")
ERROR: Cannot resolve rpath "@rpath/QtCore.framework/Versions/A/QtCore"
ERROR:  using QList("/Users/plokm/Downloads/focus-forge/build_release/lib")
Log:
Log: Deploying Qt frameworks found inside: QList("build_release/bin/FocusForgeApp.app/Contents/PlugIns/quick/libqmlshapesplugin.dylib")
Log:  copied: "/opt/homebrew/share/qt/qml/QtQuick/Shapes/plugins.qmltypes"
Log:  to "build_release/bin/FocusForgeApp.app/Contents/Resources/qml/QtQuick/Shapes/plugins.qmltypes"
Log:  copied: "/opt/homebrew/share/qt/qml/QtQuick/Shapes/qmldir"
Log:  to "build_release/bin/FocusForgeApp.app/Contents/Resources/qml/QtQuick/Shapes/qmldir"
Log: copy: "/opt/homebrew/share/qt/qml/QtQuick/Templates" "build_release/bin/FocusForgeApp.app/Contents/Resources/qml/QtQuick/Templates"
Log:  copied: "/opt/homebrew/share/qt/qml/QtQuick/Templates/libqtquicktemplates2plugin.dylib"
Log:  to "build_release/bin/FocusForgeApp.app/Contents/PlugIns/quick/libqtquicktemplates2plugin.dylib"
Log:  symlink "build_release/bin/FocusForgeApp.app/Contents/Resources/qml/QtQuick/Templates/libqtquicktemplates2plugin.dylib"
Log:  points to "../../../../PlugIns/quick/libqtquicktemplates2plugin.dylib"
ERROR: Cannot resolve rpath "@rpath/QtQuickTemplates2.framework/Versions/A/QtQuickTemplates2"
ERROR:  using QList("/Users/plokm/Downloads/focus-forge/build_release/lib")
ERROR: Cannot resolve rpath "@rpath/QtQuick.framework/Versions/A/QtQuick"
ERROR:  using QList("/Users/plokm/Downloads/focus-forge/build_release/lib")
ERROR: Cannot resolve rpath "@rpath/QtQmlMeta.framework/Versions/A/QtQmlMeta"
ERROR:  using QList("/Users/plokm/Downloads/focus-forge/build_release/lib")
ERROR: Cannot resolve rpath "@rpath/QtQmlWorkerScript.framework/Versions/A/QtQmlWorkerScript"
ERROR:  using QList("/Users/plokm/Downloads/focus-forge/build_release/lib")
ERROR: Cannot resolve rpath "@rpath/QtOpenGL.framework/Versions/A/QtOpenGL"
ERROR:  using QList("/Users/plokm/Downloads/focus-forge/build_release/lib")
ERROR: Cannot resolve rpath "@rpath/QtGui.framework/Versions/A/QtGui"
ERROR:  using QList("/Users/plokm/Downloads/focus-forge/build_release/lib")
ERROR: Cannot resolve rpath "@rpath/QtQmlModels.framework/Versions/A/QtQmlModels"
ERROR:  using QList("/Users/plokm/Downloads/focus-forge/build_release/lib")
ERROR: Cannot resolve rpath "@rpath/QtQml.framework/Versions/A/QtQml"
ERROR:  using QList("/Users/plokm/Downloads/focus-forge/build_release/lib")
ERROR: Cannot resolve rpath "@rpath/QtNetwork.framework/Versions/A/QtNetwork"
ERROR:  using QList("/Users/plokm/Downloads/focus-forge/build_release/lib")
ERROR: Cannot resolve rpath "@rpath/QtCore.framework/Versions/A/QtCore"
ERROR:  using QList("/Users/plokm/Downloads/focus-forge/build_release/lib")
Log:
Log: Deploying Qt frameworks found inside: QList("build_release/bin/FocusForgeApp.app/Contents/PlugIns/quick/libqtquicktemplates2plugin.dylib")
Log:  copied: "/opt/homebrew/share/qt/qml/QtQuick/Templates/plugins.qmltypes"
Log:  to "build_release/bin/FocusForgeApp.app/Contents/Resources/qml/QtQuick/Templates/plugins.qmltypes"
Log:  copied: "/opt/homebrew/share/qt/qml/QtQuick/Templates/qmldir"
Log:  to "build_release/bin/FocusForgeApp.app/Contents/Resources/qml/QtQuick/Templates/qmldir"
Log: copy: "/opt/homebrew/share/qt/qml/QtQuick/Timeline" "build_release/bin/FocusForgeApp.app/Contents/Resources/qml/QtQuick/Timeline"
Log:  copied: "/opt/homebrew/share/qt/qml/QtQuick/Timeline/libqtquicktimelineplugin.dylib"
Log:  to "build_release/bin/FocusForgeApp.app/Contents/PlugIns/quick/libqtquicktimelineplugin.dylib"
Log:  symlink "build_release/bin/FocusForgeApp.app/Contents/Resources/qml/QtQuick/Timeline/libqtquicktimelineplugin.dylib"
Log:  points to "../../../../PlugIns/quick/libqtquicktimelineplugin.dylib"
ERROR: Cannot resolve rpath "@rpath/QtQuickTimeline.framework/Versions/A/QtQuickTimeline"
ERROR:  using QList("/Users/plokm/Downloads/focus-forge/build_release/lib")
ERROR: Cannot resolve rpath "@rpath/QtQuick.framework/Versions/A/QtQuick"
ERROR:  using QList("/Users/plokm/Downloads/focus-forge/build_release/lib")
ERROR: Cannot resolve rpath "@rpath/QtQmlMeta.framework/Versions/A/QtQmlMeta"
ERROR:  using QList("/Users/plokm/Downloads/focus-forge/build_release/lib")
ERROR: Cannot resolve rpath "@rpath/QtQmlWorkerScript.framework/Versions/A/QtQmlWorkerScript"
ERROR:  using QList("/Users/plokm/Downloads/focus-forge/build_release/lib")
ERROR: Cannot resolve rpath "@rpath/QtQmlModels.framework/Versions/A/QtQmlModels"
ERROR:  using QList("/Users/plokm/Downloads/focus-forge/build_release/lib")
ERROR: Cannot resolve rpath "@rpath/QtQml.framework/Versions/A/QtQml"
ERROR:  using QList("/Users/plokm/Downloads/focus-forge/build_release/lib")
ERROR: Cannot resolve rpath "@rpath/QtNetwork.framework/Versions/A/QtNetwork"
ERROR:  using QList("/Users/plokm/Downloads/focus-forge/build_release/lib")
ERROR: Cannot resolve rpath "@rpath/QtOpenGL.framework/Versions/A/QtOpenGL"
ERROR:  using QList("/Users/plokm/Downloads/focus-forge/build_release/lib")
ERROR: Cannot resolve rpath "@rpath/QtGui.framework/Versions/A/QtGui"
ERROR:  using QList("/Users/plokm/Downloads/focus-forge/build_release/lib")
ERROR: Cannot resolve rpath "@rpath/QtCore.framework/Versions/A/QtCore"
ERROR:  using QList("/Users/plokm/Downloads/focus-forge/build_release/lib")
Log:
Log: Deploying Qt frameworks found inside: QList("build_release/bin/FocusForgeApp.app/Contents/PlugIns/quick/libqtquicktimelineplugin.dylib")
Log:  copied: "/opt/homebrew/share/qt/qml/QtQuick/Timeline/plugins.qmltypes"
Log:  to "build_release/bin/FocusForgeApp.app/Contents/Resources/qml/QtQuick/Timeline/plugins.qmltypes"
Log:  copied: "/opt/homebrew/share/qt/qml/QtQuick/Timeline/qmldir"
Log:  to "build_release/bin/FocusForgeApp.app/Contents/Resources/qml/QtQuick/Timeline/qmldir"
Log: copy: "/opt/homebrew/share/qt/qml/QtQuick/Timeline/BlendTrees" "build_release/bin/FocusForgeApp.app/Contents/Resources/qml/QtQuick/Timeline/BlendTrees"
Log:  copied: "/opt/homebrew/share/qt/qml/QtQuick/Timeline/BlendTrees/libqtquicktimelineblendtreesplugin.dylib"
Log:  to "build_release/bin/FocusForgeApp.app/Contents/PlugIns/quick/libqtquicktimelineblendtreesplugin.dylib"
Log:  symlink "build_release/bin/FocusForgeApp.app/Contents/Resources/qml/QtQuick/Timeline/BlendTrees/libqtquicktimelineblendtreesplugin.dylib"
Log:  points to "../../../../../PlugIns/quick/libqtquicktimelineblendtreesplugin.dylib"
ERROR: Cannot resolve rpath "@rpath/QtQuickTimelineBlendTrees.framework/Versions/A/QtQuickTimelineBlendTrees"
ERROR:  using QList("/Users/plokm/Downloads/focus-forge/lib")
ERROR: Cannot resolve rpath "@rpath/QtQuickTimeline.framework/Versions/A/QtQuickTimeline"
ERROR:  using QList("/Users/plokm/Downloads/focus-forge/lib")
ERROR: Cannot resolve rpath "@rpath/QtQuick.framework/Versions/A/QtQuick"
ERROR:  using QList("/Users/plokm/Downloads/focus-forge/lib")
ERROR: Cannot resolve rpath "@rpath/QtQmlMeta.framework/Versions/A/QtQmlMeta"
ERROR:  using QList("/Users/plokm/Downloads/focus-forge/lib")
ERROR: Cannot resolve rpath "@rpath/QtQmlWorkerScript.framework/Versions/A/QtQmlWorkerScript"
ERROR:  using QList("/Users/plokm/Downloads/focus-forge/lib")
ERROR: Cannot resolve rpath "@rpath/QtQmlModels.framework/Versions/A/QtQmlModels"
ERROR:  using QList("/Users/plokm/Downloads/focus-forge/lib")
ERROR: Cannot resolve rpath "@rpath/QtQml.framework/Versions/A/QtQml"
ERROR:  using QList("/Users/plokm/Downloads/focus-forge/lib")
ERROR: Cannot resolve rpath "@rpath/QtNetwork.framework/Versions/A/QtNetwork"
ERROR:  using QList("/Users/plokm/Downloads/focus-forge/lib")
ERROR: Cannot resolve rpath "@rpath/QtOpenGL.framework/Versions/A/QtOpenGL"
ERROR:  using QList("/Users/plokm/Downloads/focus-forge/lib")
ERROR: Cannot resolve rpath "@rpath/QtGui.framework/Versions/A/QtGui"
ERROR:  using QList("/Users/plokm/Downloads/focus-forge/lib")
ERROR: Cannot resolve rpath "@rpath/QtCore.framework/Versions/A/QtCore"
ERROR:  using QList("/Users/plokm/Downloads/focus-forge/lib")
Log:
Log: Deploying Qt frameworks found inside: QList("build_release/bin/FocusForgeApp.app/Contents/PlugIns/quick/libqtquicktimelineblendtreesplugin.dylib")
Log:  copied: "/opt/homebrew/share/qt/qml/QtQuick/Timeline/BlendTrees/plugins.qmltypes"
Log:  to "build_release/bin/FocusForgeApp.app/Contents/Resources/qml/QtQuick/Timeline/BlendTrees/plugins.qmltypes"
Log:  copied: "/opt/homebrew/share/qt/qml/QtQuick/Timeline/BlendTrees/qmldir"
Log:  to "build_release/bin/FocusForgeApp.app/Contents/Resources/qml/QtQuick/Timeline/BlendTrees/qmldir"
Log: copy: "/opt/homebrew/share/qt/qml/QtQuick/tooling" "build_release/bin/FocusForgeApp.app/Contents/Resources/qml/QtQuick/tooling"
Log:  copied: "/opt/homebrew/share/qt/qml/QtQuick/tooling/Component.qml"
Log:  to "build_release/bin/FocusForgeApp.app/Contents/Resources/qml/QtQuick/tooling/Component.qml"
Log:  copied: "/opt/homebrew/share/qt/qml/QtQuick/tooling/Enum.qml"
Log:  to "build_release/bin/FocusForgeApp.app/Contents/Resources/qml/QtQuick/tooling/Enum.qml"
Log:  copied: "/opt/homebrew/share/qt/qml/QtQuick/tooling/libquicktoolingplugin.dylib"
Log:  to "build_release/bin/FocusForgeApp.app/Contents/PlugIns/quick/libquicktoolingplugin.dylib"
Log:  symlink "build_release/bin/FocusForgeApp.app/Contents/Resources/qml/QtQuick/tooling/libquicktoolingplugin.dylib"
Log:  points to "../../../../PlugIns/quick/libquicktoolingplugin.dylib"
ERROR: Cannot resolve rpath "@rpath/QtQml.framework/Versions/A/QtQml"
ERROR:  using QList("/Users/plokm/Downloads/focus-forge/build_release/lib")
ERROR: Cannot resolve rpath "@rpath/QtNetwork.framework/Versions/A/QtNetwork"
ERROR:  using QList("/Users/plokm/Downloads/focus-forge/build_release/lib")
ERROR: Cannot resolve rpath "@rpath/QtCore.framework/Versions/A/QtCore"
ERROR:  using QList("/Users/plokm/Downloads/focus-forge/build_release/lib")
Log:
Log: Deploying Qt frameworks found inside: QList("build_release/bin/FocusForgeApp.app/Contents/PlugIns/quick/libquicktoolingplugin.dylib")
Log:  copied: "/opt/homebrew/share/qt/qml/QtQuick/tooling/Member.qml"
Log:  to "build_release/bin/FocusForgeApp.app/Contents/Resources/qml/QtQuick/tooling/Member.qml"
Log:  copied: "/opt/homebrew/share/qt/qml/QtQuick/tooling/Method.qml"
Log:  to "build_release/bin/FocusForgeApp.app/Contents/Resources/qml/QtQuick/tooling/Method.qml"
Log:  copied: "/opt/homebrew/share/qt/qml/QtQuick/tooling/Module.qml"
Log:  to "build_release/bin/FocusForgeApp.app/Contents/Resources/qml/QtQuick/tooling/Module.qml"
Log:  copied: "/opt/homebrew/share/qt/qml/QtQuick/tooling/Parameter.qml"
Log:  to "build_release/bin/FocusForgeApp.app/Contents/Resources/qml/QtQuick/tooling/Parameter.qml"
Log:  copied: "/opt/homebrew/share/qt/qml/QtQuick/tooling/Property.qml"
Log:  to "build_release/bin/FocusForgeApp.app/Contents/Resources/qml/QtQuick/tooling/Property.qml"
Log:  copied: "/opt/homebrew/share/qt/qml/QtQuick/tooling/qmldir"
Log:  to "build_release/bin/FocusForgeApp.app/Contents/Resources/qml/QtQuick/tooling/qmldir"
Log:  copied: "/opt/homebrew/share/qt/qml/QtQuick/tooling/quicktooling.qmltypes"
Log:  to "build_release/bin/FocusForgeApp.app/Contents/Resources/qml/QtQuick/tooling/quicktooling.qmltypes"
Log:  copied: "/opt/homebrew/share/qt/qml/QtQuick/tooling/Signal.qml"
Log:  to "build_release/bin/FocusForgeApp.app/Contents/Resources/qml/QtQuick/tooling/Signal.qml"
Log: copy: "/opt/homebrew/share/qt/qml/QtQuick/VectorImage" "build_release/bin/FocusForgeApp.app/Contents/Resources/qml/QtQuick/VectorImage"
Log:  copied: "/opt/homebrew/share/qt/qml/QtQuick/VectorImage/libqquickvectorimageplugin.dylib"
Log:  to "build_release/bin/FocusForgeApp.app/Contents/PlugIns/quick/libqquickvectorimageplugin.dylib"
Log:  symlink "build_release/bin/FocusForgeApp.app/Contents/Resources/qml/QtQuick/VectorImage/libqquickvectorimageplugin.dylib"
Log:  points to "../../../../PlugIns/quick/libqquickvectorimageplugin.dylib"
ERROR: Cannot resolve rpath "@rpath/QtQuickVectorImage.framework/Versions/A/QtQuickVectorImage"
ERROR:  using QList("/Users/plokm/Downloads/focus-forge/build_release/lib")
ERROR: Cannot resolve rpath "@rpath/QtQml.framework/Versions/A/QtQml"
ERROR:  using QList("/Users/plokm/Downloads/focus-forge/build_release/lib")
ERROR: Cannot resolve rpath "@rpath/QtNetwork.framework/Versions/A/QtNetwork"
ERROR:  using QList("/Users/plokm/Downloads/focus-forge/build_release/lib")
ERROR: Cannot resolve rpath "@rpath/QtCore.framework/Versions/A/QtCore"
ERROR:  using QList("/Users/plokm/Downloads/focus-forge/build_release/lib")
Log:
Log: Deploying Qt frameworks found inside: QList("build_release/bin/FocusForgeApp.app/Contents/PlugIns/quick/libqquickvectorimageplugin.dylib")
Log:  copied: "/opt/homebrew/share/qt/qml/QtQuick/VectorImage/plugins.qmltypes"
Log:  to "build_release/bin/FocusForgeApp.app/Contents/Resources/qml/QtQuick/VectorImage/plugins.qmltypes"
Log:  copied: "/opt/homebrew/share/qt/qml/QtQuick/VectorImage/qmldir"
Log:  to "build_release/bin/FocusForgeApp.app/Contents/Resources/qml/QtQuick/VectorImage/qmldir"
Log: copy: "/opt/homebrew/share/qt/qml/QtQuick/VirtualKeyboard" "build_release/bin/FocusForgeApp.app/Contents/Resources/qml/QtQuick/VirtualKeyboard"
Log:  copied: "/opt/homebrew/share/qt/qml/QtQuick/VirtualKeyboard/EnterKey.qml"
Log:  to "build_release/bin/FocusForgeApp.app/Contents/Resources/qml/QtQuick/VirtualKeyboard/EnterKey.qml"
Log:  copied: "/opt/homebrew/share/qt/qml/QtQuick/VirtualKeyboard/HandwritingInputPanel.qml"
Log:  to "build_release/bin/FocusForgeApp.app/Contents/Resources/qml/QtQuick/VirtualKeyboard/HandwritingInputPanel.qml"
Log:  copied: "/opt/homebrew/share/qt/qml/QtQuick/VirtualKeyboard/InputPanel.qml"
Log:  to "build_release/bin/FocusForgeApp.app/Contents/Resources/qml/QtQuick/VirtualKeyboard/InputPanel.qml"
Log:  copied: "/opt/homebrew/share/qt/qml/QtQuick/VirtualKeyboard/libqtvkbplugin.dylib"
Log:  to "build_release/bin/FocusForgeApp.app/Contents/PlugIns/quick/libqtvkbplugin.dylib"
Log:  symlink "build_release/bin/FocusForgeApp.app/Contents/Resources/qml/QtQuick/VirtualKeyboard/libqtvkbplugin.dylib"
Log:  points to "../../../../PlugIns/quick/libqtvkbplugin.dylib"
ERROR: Cannot resolve rpath "@rpath/QtVirtualKeyboardQml.framework/Versions/A/QtVirtualKeyboardQml"
ERROR:  using QList("/Users/plokm/Downloads/focus-forge/build_release/lib")
ERROR: Cannot resolve rpath "@rpath/QtVirtualKeyboard.framework/Versions/A/QtVirtualKeyboard"
ERROR:  using QList("/Users/plokm/Downloads/focus-forge/build_release/lib")
ERROR: Cannot resolve rpath "@rpath/QtQuick.framework/Versions/A/QtQuick"
ERROR:  using QList("/Users/plokm/Downloads/focus-forge/build_release/lib")
ERROR: Cannot resolve rpath "@rpath/QtQmlMeta.framework/Versions/A/QtQmlMeta"
ERROR:  using QList("/Users/plokm/Downloads/focus-forge/build_release/lib")
ERROR: Cannot resolve rpath "@rpath/QtQmlWorkerScript.framework/Versions/A/QtQmlWorkerScript"
ERROR:  using QList("/Users/plokm/Downloads/focus-forge/build_release/lib")
ERROR: Cannot resolve rpath "@rpath/QtQmlModels.framework/Versions/A/QtQmlModels"
ERROR:  using QList("/Users/plokm/Downloads/focus-forge/build_release/lib")
ERROR: Cannot resolve rpath "@rpath/QtQml.framework/Versions/A/QtQml"
ERROR:  using QList("/Users/plokm/Downloads/focus-forge/build_release/lib")
ERROR: Cannot resolve rpath "@rpath/QtNetwork.framework/Versions/A/QtNetwork"
ERROR:  using QList("/Users/plokm/Downloads/focus-forge/build_release/lib")
ERROR: Cannot resolve rpath "@rpath/QtOpenGL.framework/Versions/A/QtOpenGL"
ERROR:  using QList("/Users/plokm/Downloads/focus-forge/build_release/lib")
ERROR: Cannot resolve rpath "@rpath/QtGui.framework/Versions/A/QtGui"
ERROR:  using QList("/Users/plokm/Downloads/focus-forge/build_release/lib")
ERROR: Cannot resolve rpath "@rpath/QtCore.framework/Versions/A/QtCore"
ERROR:  using QList("/Users/plokm/Downloads/focus-forge/build_release/lib")
Log:
Log: Deploying Qt frameworks found inside: QList("build_release/bin/FocusForgeApp.app/Contents/PlugIns/quick/libqtvkbplugin.dylib")
Log:  copied: "/opt/homebrew/share/qt/qml/QtQuick/VirtualKeyboard/qmldir"
Log:  to "build_release/bin/FocusForgeApp.app/Contents/Resources/qml/QtQuick/VirtualKeyboard/qmldir"
Log:  copied: "/opt/homebrew/share/qt/qml/QtQuick/VirtualKeyboard/VirtualKeyboardQml.qmltypes"
Log:  to "build_release/bin/FocusForgeApp.app/Contents/Resources/qml/QtQuick/VirtualKeyboard/VirtualKeyboardQml.qmltypes"
Log: copy: "/opt/homebrew/share/qt/qml/QtQuick/VirtualKeyboard/Components" "build_release/bin/FocusForgeApp.app/Contents/Resources/qml/QtQuick/VirtualKeyboard/Components"
Log:  copied: "/opt/homebrew/share/qt/qml/QtQuick/VirtualKeyboard/Components/AlternativeKeys.qml"
Log:  to "build_release/bin/FocusForgeApp.app/Contents/Resources/qml/QtQuick/VirtualKeyboard/Components/AlternativeKeys.qml"
Log:  copied: "/opt/homebrew/share/qt/qml/QtQuick/VirtualKeyboard/Components/BackspaceKey.qml"
Log:  to "build_release/bin/FocusForgeApp.app/Contents/Resources/qml/QtQuick/VirtualKeyboard/Components/BackspaceKey.qml"
Log:  copied: "/opt/homebrew/share/qt/qml/QtQuick/VirtualKeyboard/Components/BaseKey.qml"
Log:  to "build_release/bin/FocusForgeApp.app/Contents/Resources/qml/QtQuick/VirtualKeyboard/Components/BaseKey.qml"
Log:  copied: "/opt/homebrew/share/qt/qml/QtQuick/VirtualKeyboard/Components/ChangeLanguageKey.qml"
Log:  to "build_release/bin/FocusForgeApp.app/Contents/Resources/qml/QtQuick/VirtualKeyboard/Components/ChangeLanguageKey.qml"
Log:  copied: "/opt/homebrew/share/qt/qml/QtQuick/VirtualKeyboard/Components/CharacterPreviewBubble.qml"
Log:  to "build_release/bin/FocusForgeApp.app/Contents/Resources/qml/QtQuick/VirtualKeyboard/Components/CharacterPreviewBubble.qml"
Log:  copied: "/opt/homebrew/share/qt/qml/QtQuick/VirtualKeyboard/Components/EnterKey.qml"
Log:  to "build_release/bin/FocusForgeApp.app/Contents/Resources/qml/QtQuick/VirtualKeyboard/Components/EnterKey.qml"
Log:  copied: "/opt/homebrew/share/qt/qml/QtQuick/VirtualKeyboard/Components/FillerKey.qml"
Log:  to "build_release/bin/FocusForgeApp.app/Contents/Resources/qml/QtQuick/VirtualKeyboard/Components/FillerKey.qml"
Log:  copied: "/opt/homebrew/share/qt/qml/QtQuick/VirtualKeyboard/Components/FlickKey.qml"
Log:  to "build_release/bin/FocusForgeApp.app/Contents/Resources/qml/QtQuick/VirtualKeyboard/Components/FlickKey.qml"
Log:  copied: "/opt/homebrew/share/qt/qml/QtQuick/VirtualKeyboard/Components/FunctionPopupList.qml"
Log:  to "build_release/bin/FocusForgeApp.app/Contents/Resources/qml/QtQuick/VirtualKeyboard/Components/FunctionPopupList.qml"
Log:  copied: "/opt/homebrew/share/qt/qml/QtQuick/VirtualKeyboard/Components/HandwritingModeKey.qml"
Log:  to "build_release/bin/FocusForgeApp.app/Contents/Resources/qml/QtQuick/VirtualKeyboard/Components/HandwritingModeKey.qml"
Log:  copied: "/opt/homebrew/share/qt/qml/QtQuick/VirtualKeyboard/Components/HideKeyboardKey.qml"
Log:  to "build_release/bin/FocusForgeApp.app/Contents/Resources/qml/QtQuick/VirtualKeyboard/Components/HideKeyboardKey.qml"
Log:  copied: "/opt/homebrew/share/qt/qml/QtQuick/VirtualKeyboard/Components/InputModeKey.qml"
Log:  to "build_release/bin/FocusForgeApp.app/Contents/Resources/qml/QtQuick/VirtualKeyboard/Components/InputModeKey.qml"
Log:  copied: "/opt/homebrew/share/qt/qml/QtQuick/VirtualKeyboard/Components/Key.qml"
Log:  to "build_release/bin/FocusForgeApp.app/Contents/Resources/qml/QtQuick/VirtualKeyboard/Components/Key.qml"
Log:  copied: "/opt/homebrew/share/qt/qml/QtQuick/VirtualKeyboard/Components/Keyboard.qml"
Log:  to "build_release/bin/FocusForgeApp.app/Contents/Resources/qml/QtQuick/VirtualKeyboard/Components/Keyboard.qml"
Log:  copied: "/opt/homebrew/share/qt/qml/QtQuick/VirtualKeyboard/Components/KeyboardColumn.qml"
Log:  to "build_release/bin/FocusForgeApp.app/Contents/Resources/qml/QtQuick/VirtualKeyboard/Components/KeyboardColumn.qml"
Log:  copied: "/opt/homebrew/share/qt/qml/QtQuick/VirtualKeyboard/Components/KeyboardLayout.qml"
Log:  to "build_release/bin/FocusForgeApp.app/Contents/Resources/qml/QtQuick/VirtualKeyboard/Components/KeyboardLayout.qml"
Log:  copied: "/opt/homebrew/share/qt/qml/QtQuick/VirtualKeyboard/Components/KeyboardLayoutLoader.qml"
Log:  to "build_release/bin/FocusForgeApp.app/Contents/Resources/qml/QtQuick/VirtualKeyboard/Components/KeyboardLayoutLoader.qml"
Log:  copied: "/opt/homebrew/share/qt/qml/QtQuick/VirtualKeyboard/Components/KeyboardRow.qml"
Log:  to "build_release/bin/FocusForgeApp.app/Contents/Resources/qml/QtQuick/VirtualKeyboard/Components/KeyboardRow.qml"
Log:  copied: "/opt/homebrew/share/qt/qml/QtQuick/VirtualKeyboard/Components/libqtvkbcomponentsplugin.dylib"
Log:  to "build_release/bin/FocusForgeApp.app/Contents/PlugIns/quick/libqtvkbcomponentsplugin.dylib"
Log:  symlink "build_release/bin/FocusForgeApp.app/Contents/Resources/qml/QtQuick/VirtualKeyboard/Components/libqtvkbcomponentsplugin.dylib"
Log:  points to "../../../../../PlugIns/quick/libqtvkbcomponentsplugin.dylib"
ERROR: Cannot resolve rpath "@rpath/QtVirtualKeyboardSettings.framework/Versions/A/QtVirtualKeyboardSettings"
ERROR:  using QList("/Users/plokm/Downloads/focus-forge/lib")
ERROR: Cannot resolve rpath "@rpath/QtVirtualKeyboard.framework/Versions/A/QtVirtualKeyboard"
ERROR:  using QList("/Users/plokm/Downloads/focus-forge/lib")
ERROR: Cannot resolve rpath "@rpath/QtQuick.framework/Versions/A/QtQuick"
ERROR:  using QList("/Users/plokm/Downloads/focus-forge/lib")
ERROR: Cannot resolve rpath "@rpath/QtQmlMeta.framework/Versions/A/QtQmlMeta"
ERROR:  using QList("/Users/plokm/Downloads/focus-forge/lib")
ERROR: Cannot resolve rpath "@rpath/QtQmlWorkerScript.framework/Versions/A/QtQmlWorkerScript"
ERROR:  using QList("/Users/plokm/Downloads/focus-forge/lib")
ERROR: Cannot resolve rpath "@rpath/QtQmlModels.framework/Versions/A/QtQmlModels"
ERROR:  using QList("/Users/plokm/Downloads/focus-forge/lib")
ERROR: Cannot resolve rpath "@rpath/QtOpenGL.framework/Versions/A/QtOpenGL"
ERROR:  using QList("/Users/plokm/Downloads/focus-forge/lib")
ERROR: Cannot resolve rpath "@rpath/QtGui.framework/Versions/A/QtGui"
ERROR:  using QList("/Users/plokm/Downloads/focus-forge/lib")
ERROR: Cannot resolve rpath "@rpath/QtQml.framework/Versions/A/QtQml"
ERROR:  using QList("/Users/plokm/Downloads/focus-forge/lib")
ERROR: Cannot resolve rpath "@rpath/QtNetwork.framework/Versions/A/QtNetwork"
ERROR:  using QList("/Users/plokm/Downloads/focus-forge/lib")
ERROR: Cannot resolve rpath "@rpath/QtCore.framework/Versions/A/QtCore"
ERROR:  using QList("/Users/plokm/Downloads/focus-forge/lib")
Log:
Log: Deploying Qt frameworks found inside: QList("build_release/bin/FocusForgeApp.app/Contents/PlugIns/quick/libqtvkbcomponentsplugin.dylib")
Log:  copied: "/opt/homebrew/share/qt/qml/QtQuick/VirtualKeyboard/Components/ModeKey.qml"
Log:  to "build_release/bin/FocusForgeApp.app/Contents/Resources/qml/QtQuick/VirtualKeyboard/Components/ModeKey.qml"
Log:  copied: "/opt/homebrew/share/qt/qml/QtQuick/VirtualKeyboard/Components/MultiSoundEffect.qml"
Log:  to "build_release/bin/FocusForgeApp.app/Contents/Resources/qml/QtQuick/VirtualKeyboard/Components/MultiSoundEffect.qml"
Log:  copied: "/opt/homebrew/share/qt/qml/QtQuick/VirtualKeyboard/Components/MultitapInputMethod.qml"
Log:  to "build_release/bin/FocusForgeApp.app/Contents/Resources/qml/QtQuick/VirtualKeyboard/Components/MultitapInputMethod.qml"
Log:  copied: "/opt/homebrew/share/qt/qml/QtQuick/VirtualKeyboard/Components/NumberKey.qml"
Log:  to "build_release/bin/FocusForgeApp.app/Contents/Resources/qml/QtQuick/VirtualKeyboard/Components/NumberKey.qml"
Log:  copied: "/opt/homebrew/share/qt/qml/QtQuick/VirtualKeyboard/Components/PopupList.qml"
Log:  to "build_release/bin/FocusForgeApp.app/Contents/Resources/qml/QtQuick/VirtualKeyboard/Components/PopupList.qml"
Log:  copied: "/opt/homebrew/share/qt/qml/QtQuick/VirtualKeyboard/Components/qmldir"
Log:  to "build_release/bin/FocusForgeApp.app/Contents/Resources/qml/QtQuick/VirtualKeyboard/Components/qmldir"
Log:  copied: "/opt/homebrew/share/qt/qml/QtQuick/VirtualKeyboard/Components/qtvkbcomponentsplugin.qmltypes"
Log:  to "build_release/bin/FocusForgeApp.app/Contents/Resources/qml/QtQuick/VirtualKeyboard/Components/qtvkbcomponentsplugin.qmltypes"
Log:  copied: "/opt/homebrew/share/qt/qml/QtQuick/VirtualKeyboard/Components/SelectionControl.qml"
Log:  to "build_release/bin/FocusForgeApp.app/Contents/Resources/qml/QtQuick/VirtualKeyboard/Components/SelectionControl.qml"
Log:  copied: "/opt/homebrew/share/qt/qml/QtQuick/VirtualKeyboard/Components/ShadowInputControl.qml"
Log:  to "build_release/bin/FocusForgeApp.app/Contents/Resources/qml/QtQuick/VirtualKeyboard/Components/ShadowInputControl.qml"
Log:  copied: "/opt/homebrew/share/qt/qml/QtQuick/VirtualKeyboard/Components/ShiftKey.qml"
Log:  to "build_release/bin/FocusForgeApp.app/Contents/Resources/qml/QtQuick/VirtualKeyboard/Components/ShiftKey.qml"
Log:  copied: "/opt/homebrew/share/qt/qml/QtQuick/VirtualKeyboard/Components/SpaceKey.qml"
Log:  to "build_release/bin/FocusForgeApp.app/Contents/Resources/qml/QtQuick/VirtualKeyboard/Components/SpaceKey.qml"
Log:  copied: "/opt/homebrew/share/qt/qml/QtQuick/VirtualKeyboard/Components/SymbolModeKey.qml"
Log:  to "build_release/bin/FocusForgeApp.app/Contents/Resources/qml/QtQuick/VirtualKeyboard/Components/SymbolModeKey.qml"
Log:  copied: "/opt/homebrew/share/qt/qml/QtQuick/VirtualKeyboard/Components/TraceInputArea.qml"
Log:  to "build_release/bin/FocusForgeApp.app/Contents/Resources/qml/QtQuick/VirtualKeyboard/Components/TraceInputArea.qml"
Log:  copied: "/opt/homebrew/share/qt/qml/QtQuick/VirtualKeyboard/Components/TraceInputKey.qml"
Log:  to "build_release/bin/FocusForgeApp.app/Contents/Resources/qml/QtQuick/VirtualKeyboard/Components/TraceInputKey.qml"
Log:  copied: "/opt/homebrew/share/qt/qml/QtQuick/VirtualKeyboard/Components/WordCandidatePopupList.qml"
Log:  to "build_release/bin/FocusForgeApp.app/Contents/Resources/qml/QtQuick/VirtualKeyboard/Components/WordCandidatePopupList.qml"
Log: copy: "/opt/homebrew/share/qt/qml/QtQuick/VirtualKeyboard/Core" "build_release/bin/FocusForgeApp.app/Contents/Resources/qml/QtQuick/VirtualKeyboard/Core"
Log:  copied: "/opt/homebrew/share/qt/qml/QtQuick/VirtualKeyboard/Core/libvirtualkeyboardplugin.dylib"
Log:  to "build_release/bin/FocusForgeApp.app/Contents/PlugIns/quick/libvirtualkeyboardplugin.dylib"
Log:  symlink "build_release/bin/FocusForgeApp.app/Contents/Resources/qml/QtQuick/VirtualKeyboard/Core/libvirtualkeyboardplugin.dylib"
Log:  points to "../../../../../PlugIns/quick/libvirtualkeyboardplugin.dylib"
ERROR: Cannot resolve rpath "@rpath/QtVirtualKeyboard.framework/Versions/A/QtVirtualKeyboard"
ERROR:  using QList("/Users/plokm/Downloads/focus-forge/lib")
ERROR: Cannot resolve rpath "@rpath/QtQuick.framework/Versions/A/QtQuick"
ERROR:  using QList("/Users/plokm/Downloads/focus-forge/lib")
ERROR: Cannot resolve rpath "@rpath/QtQmlMeta.framework/Versions/A/QtQmlMeta"
ERROR:  using QList("/Users/plokm/Downloads/focus-forge/lib")
ERROR: Cannot resolve rpath "@rpath/QtQmlWorkerScript.framework/Versions/A/QtQmlWorkerScript"
ERROR:  using QList("/Users/plokm/Downloads/focus-forge/lib")
ERROR: Cannot resolve rpath "@rpath/QtQmlModels.framework/Versions/A/QtQmlModels"
ERROR:  using QList("/Users/plokm/Downloads/focus-forge/lib")
ERROR: Cannot resolve rpath "@rpath/QtQml.framework/Versions/A/QtQml"
ERROR:  using QList("/Users/plokm/Downloads/focus-forge/lib")
ERROR: Cannot resolve rpath "@rpath/QtNetwork.framework/Versions/A/QtNetwork"
ERROR:  using QList("/Users/plokm/Downloads/focus-forge/lib")
ERROR: Cannot resolve rpath "@rpath/QtOpenGL.framework/Versions/A/QtOpenGL"
ERROR:  using QList("/Users/plokm/Downloads/focus-forge/lib")
ERROR: Cannot resolve rpath "@rpath/QtGui.framework/Versions/A/QtGui"
ERROR:  using QList("/Users/plokm/Downloads/focus-forge/lib")
ERROR: Cannot resolve rpath "@rpath/QtCore.framework/Versions/A/QtCore"
ERROR:  using QList("/Users/plokm/Downloads/focus-forge/lib")
Log:
Log: Deploying Qt frameworks found inside: QList("build_release/bin/FocusForgeApp.app/Contents/PlugIns/quick/libvirtualkeyboardplugin.dylib")
Log:  copied: "/opt/homebrew/share/qt/qml/QtQuick/VirtualKeyboard/Core/plugins.qmltypes"
Log:  to "build_release/bin/FocusForgeApp.app/Contents/Resources/qml/QtQuick/VirtualKeyboard/Core/plugins.qmltypes"
Log:  copied: "/opt/homebrew/share/qt/qml/QtQuick/VirtualKeyboard/Core/qmldir"
Log:  to "build_release/bin/FocusForgeApp.app/Contents/Resources/qml/QtQuick/VirtualKeyboard/Core/qmldir"
Log: copy: "/opt/homebrew/share/qt/qml/QtQuick/VirtualKeyboard/Layouts" "build_release/bin/FocusForgeApp.app/Contents/Resources/qml/QtQuick/VirtualKeyboard/Layouts"
Log:  copied: "/opt/homebrew/share/qt/qml/QtQuick/VirtualKeyboard/Layouts/libqtvkblayoutsplugin.dylib"
Log:  to "build_release/bin/FocusForgeApp.app/Contents/PlugIns/quick/libqtvkblayoutsplugin.dylib"
Log:  symlink "build_release/bin/FocusForgeApp.app/Contents/Resources/qml/QtQuick/VirtualKeyboard/Layouts/libqtvkblayoutsplugin.dylib"
Log:  points to "../../../../../PlugIns/quick/libqtvkblayoutsplugin.dylib"
ERROR: Cannot resolve rpath "@rpath/QtQml.framework/Versions/A/QtQml"
ERROR:  using QList("/Users/plokm/Downloads/focus-forge/lib")
ERROR: Cannot resolve rpath "@rpath/QtNetwork.framework/Versions/A/QtNetwork"
ERROR:  using QList("/Users/plokm/Downloads/focus-forge/lib")
ERROR: Cannot resolve rpath "@rpath/QtCore.framework/Versions/A/QtCore"
ERROR:  using QList("/Users/plokm/Downloads/focus-forge/lib")
Log:
Log: Deploying Qt frameworks found inside: QList("build_release/bin/FocusForgeApp.app/Contents/PlugIns/quick/libqtvkblayoutsplugin.dylib")
Log:  copied: "/opt/homebrew/share/qt/qml/QtQuick/VirtualKeyboard/Layouts/qmldir"
Log:  to "build_release/bin/FocusForgeApp.app/Contents/Resources/qml/QtQuick/VirtualKeyboard/Layouts/qmldir"
Log:  copied: "/opt/homebrew/share/qt/qml/QtQuick/VirtualKeyboard/Layouts/qtvkblayoutsplugin.qmltypes"
Log:  to "build_release/bin/FocusForgeApp.app/Contents/Resources/qml/QtQuick/VirtualKeyboard/Layouts/qtvkblayoutsplugin.qmltypes"
Log: copy: "/opt/homebrew/share/qt/qml/QtQuick/VirtualKeyboard/Plugins" "build_release/bin/FocusForgeApp.app/Contents/Resources/qml/QtQuick/VirtualKeyboard/Plugins"
Log:  copied: "/opt/homebrew/share/qt/qml/QtQuick/VirtualKeyboard/Plugins/libqtvkbpluginsplugin.dylib"
Log:  to "build_release/bin/FocusForgeApp.app/Contents/PlugIns/quick/libqtvkbpluginsplugin.dylib"
Log:  symlink "build_release/bin/FocusForgeApp.app/Contents/Resources/qml/QtQuick/VirtualKeyboard/Plugins/libqtvkbpluginsplugin.dylib"
Log:  points to "../../../../../PlugIns/quick/libqtvkbpluginsplugin.dylib"
ERROR: Cannot resolve rpath "@rpath/QtQml.framework/Versions/A/QtQml"
ERROR:  using QList("/Users/plokm/Downloads/focus-forge/lib")
ERROR: Cannot resolve rpath "@rpath/QtNetwork.framework/Versions/A/QtNetwork"
ERROR:  using QList("/Users/plokm/Downloads/focus-forge/lib")
ERROR: Cannot resolve rpath "@rpath/QtCore.framework/Versions/A/QtCore"
ERROR:  using QList("/Users/plokm/Downloads/focus-forge/lib")
Log:
Log: Deploying Qt frameworks found inside: QList("build_release/bin/FocusForgeApp.app/Contents/PlugIns/quick/libqtvkbpluginsplugin.dylib")
Log:  copied: "/opt/homebrew/share/qt/qml/QtQuick/VirtualKeyboard/Plugins/qmldir"
Log:  to "build_release/bin/FocusForgeApp.app/Contents/Resources/qml/QtQuick/VirtualKeyboard/Plugins/qmldir"
Log:  copied: "/opt/homebrew/share/qt/qml/QtQuick/VirtualKeyboard/Plugins/qtvkbpluginsplugin.qmltypes"
Log:  to "build_release/bin/FocusForgeApp.app/Contents/Resources/qml/QtQuick/VirtualKeyboard/Plugins/qtvkbpluginsplugin.qmltypes"
Log: copy: "/opt/homebrew/share/qt/qml/QtQuick/VirtualKeyboard/Plugins/Hangul" "build_release/bin/FocusForgeApp.app/Contents/Resources/qml/QtQuick/VirtualKeyboard/Plugins/Hangul"
Log:  copied: "/opt/homebrew/share/qt/qml/QtQuick/VirtualKeyboard/Plugins/Hangul/libqtvkbhangulplugin.dylib"
Log:  to "build_release/bin/FocusForgeApp.app/Contents/PlugIns/quick/libqtvkbhangulplugin.dylib"
Log:  symlink "build_release/bin/FocusForgeApp.app/Contents/Resources/qml/QtQuick/VirtualKeyboard/Plugins/Hangul/libqtvkbhangulplugin.dylib"
Log:  points to "../../../../../../PlugIns/quick/libqtvkbhangulplugin.dylib"
ERROR: Cannot resolve rpath "@rpath/QtVirtualKeyboard.framework/Versions/A/QtVirtualKeyboard"
ERROR:  using QList("/Users/plokm/Downloads/lib")
ERROR: Cannot resolve rpath "@rpath/QtQuick.framework/Versions/A/QtQuick"
ERROR:  using QList("/Users/plokm/Downloads/lib")
ERROR: Cannot resolve rpath "@rpath/QtQmlMeta.framework/Versions/A/QtQmlMeta"
ERROR:  using QList("/Users/plokm/Downloads/lib")
ERROR: Cannot resolve rpath "@rpath/QtQmlWorkerScript.framework/Versions/A/QtQmlWorkerScript"
ERROR:  using QList("/Users/plokm/Downloads/lib")
ERROR: Cannot resolve rpath "@rpath/QtQmlModels.framework/Versions/A/QtQmlModels"
ERROR:  using QList("/Users/plokm/Downloads/lib")
ERROR: Cannot resolve rpath "@rpath/QtQml.framework/Versions/A/QtQml"
ERROR:  using QList("/Users/plokm/Downloads/lib")
ERROR: Cannot resolve rpath "@rpath/QtNetwork.framework/Versions/A/QtNetwork"
ERROR:  using QList("/Users/plokm/Downloads/lib")
ERROR: Cannot resolve rpath "@rpath/QtOpenGL.framework/Versions/A/QtOpenGL"
ERROR:  using QList("/Users/plokm/Downloads/lib")
ERROR: Cannot resolve rpath "@rpath/QtGui.framework/Versions/A/QtGui"
ERROR:  using QList("/Users/plokm/Downloads/lib")
ERROR: Cannot resolve rpath "@rpath/QtCore.framework/Versions/A/QtCore"
ERROR:  using QList("/Users/plokm/Downloads/lib")
Log:
Log: Deploying Qt frameworks found inside: QList("build_release/bin/FocusForgeApp.app/Contents/PlugIns/quick/libqtvkbhangulplugin.dylib")
Log:  copied: "/opt/homebrew/share/qt/qml/QtQuick/VirtualKeyboard/Plugins/Hangul/plugins.qmltypes"
Log:  to "build_release/bin/FocusForgeApp.app/Contents/Resources/qml/QtQuick/VirtualKeyboard/Plugins/Hangul/plugins.qmltypes"
Log:  copied: "/opt/homebrew/share/qt/qml/QtQuick/VirtualKeyboard/Plugins/Hangul/qmldir"
Log:  to "build_release/bin/FocusForgeApp.app/Contents/Resources/qml/QtQuick/VirtualKeyboard/Plugins/Hangul/qmldir"
Log: copy: "/opt/homebrew/share/qt/qml/QtQuick/VirtualKeyboard/Plugins/Hunspell" "build_release/bin/FocusForgeApp.app/Contents/Resources/qml/QtQuick/VirtualKeyboard/Plugins/Hunspell"
Log:  copied: "/opt/homebrew/share/qt/qml/QtQuick/VirtualKeyboard/Plugins/Hunspell/libqtvkbhunspellplugin.dylib"
Log:  to "build_release/bin/FocusForgeApp.app/Contents/PlugIns/quick/libqtvkbhunspellplugin.dylib"
Log:  symlink "build_release/bin/FocusForgeApp.app/Contents/Resources/qml/QtQuick/VirtualKeyboard/Plugins/Hunspell/libqtvkbhunspellplugin.dylib"
Log:  points to "../../../../../../PlugIns/quick/libqtvkbhunspellplugin.dylib"
ERROR: Cannot resolve rpath "@rpath/QtHunspellInputMethod.framework/Versions/A/QtHunspellInputMethod"
ERROR:  using QList("/Users/plokm/Downloads/lib")
ERROR: Cannot resolve rpath "@rpath/QtVirtualKeyboard.framework/Versions/A/QtVirtualKeyboard"
ERROR:  using QList("/Users/plokm/Downloads/lib")
ERROR: Cannot resolve rpath "@rpath/QtQuick.framework/Versions/A/QtQuick"
ERROR:  using QList("/Users/plokm/Downloads/lib")
ERROR: Cannot resolve rpath "@rpath/QtQmlMeta.framework/Versions/A/QtQmlMeta"
ERROR:  using QList("/Users/plokm/Downloads/lib")
ERROR: Cannot resolve rpath "@rpath/QtQmlWorkerScript.framework/Versions/A/QtQmlWorkerScript"
ERROR:  using QList("/Users/plokm/Downloads/lib")
ERROR: Cannot resolve rpath "@rpath/QtQmlModels.framework/Versions/A/QtQmlModels"
ERROR:  using QList("/Users/plokm/Downloads/lib")
ERROR: Cannot resolve rpath "@rpath/QtQml.framework/Versions/A/QtQml"
ERROR:  using QList("/Users/plokm/Downloads/lib")
ERROR: Cannot resolve rpath "@rpath/QtNetwork.framework/Versions/A/QtNetwork"
ERROR:  using QList("/Users/plokm/Downloads/lib")
ERROR: Cannot resolve rpath "@rpath/QtOpenGL.framework/Versions/A/QtOpenGL"
ERROR:  using QList("/Users/plokm/Downloads/lib")
ERROR: Cannot resolve rpath "@rpath/QtGui.framework/Versions/A/QtGui"
ERROR:  using QList("/Users/plokm/Downloads/lib")
ERROR: Cannot resolve rpath "@rpath/QtCore.framework/Versions/A/QtCore"
ERROR:  using QList("/Users/plokm/Downloads/lib")
Log:
Log: Deploying Qt frameworks found inside: QList("build_release/bin/FocusForgeApp.app/Contents/PlugIns/quick/libqtvkbhunspellplugin.dylib")
Log:  copied: "/opt/homebrew/share/qt/qml/QtQuick/VirtualKeyboard/Plugins/Hunspell/plugins.qmltypes"
Log:  to "build_release/bin/FocusForgeApp.app/Contents/Resources/qml/QtQuick/VirtualKeyboard/Plugins/Hunspell/plugins.qmltypes"
Log:  copied: "/opt/homebrew/share/qt/qml/QtQuick/VirtualKeyboard/Plugins/Hunspell/qmldir"
Log:  to "build_release/bin/FocusForgeApp.app/Contents/Resources/qml/QtQuick/VirtualKeyboard/Plugins/Hunspell/qmldir"
Log: copy: "/opt/homebrew/share/qt/qml/QtQuick/VirtualKeyboard/Plugins/OpenWNN" "build_release/bin/FocusForgeApp.app/Contents/Resources/qml/QtQuick/VirtualKeyboard/Plugins/OpenWNN"
Log:  copied: "/opt/homebrew/share/qt/qml/QtQuick/VirtualKeyboard/Plugins/OpenWNN/libqtvkbopenwnnplugin.dylib"
Log:  to "build_release/bin/FocusForgeApp.app/Contents/PlugIns/quick/libqtvkbopenwnnplugin.dylib"
Log:  symlink "build_release/bin/FocusForgeApp.app/Contents/Resources/qml/QtQuick/VirtualKeyboard/Plugins/OpenWNN/libqtvkbopenwnnplugin.dylib"
Log:  points to "../../../../../../PlugIns/quick/libqtvkbopenwnnplugin.dylib"
ERROR: Cannot resolve rpath "@rpath/QtVirtualKeyboard.framework/Versions/A/QtVirtualKeyboard"
ERROR:  using QList("/Users/plokm/Downloads/lib")
ERROR: Cannot resolve rpath "@rpath/QtQuick.framework/Versions/A/QtQuick"
ERROR:  using QList("/Users/plokm/Downloads/lib")
ERROR: Cannot resolve rpath "@rpath/QtQmlMeta.framework/Versions/A/QtQmlMeta"
ERROR:  using QList("/Users/plokm/Downloads/lib")
ERROR: Cannot resolve rpath "@rpath/QtQmlWorkerScript.framework/Versions/A/QtQmlWorkerScript"
ERROR:  using QList("/Users/plokm/Downloads/lib")
ERROR: Cannot resolve rpath "@rpath/QtQmlModels.framework/Versions/A/QtQmlModels"
ERROR:  using QList("/Users/plokm/Downloads/lib")
ERROR: Cannot resolve rpath "@rpath/QtQml.framework/Versions/A/QtQml"
ERROR:  using QList("/Users/plokm/Downloads/lib")
ERROR: Cannot resolve rpath "@rpath/QtNetwork.framework/Versions/A/QtNetwork"
ERROR:  using QList("/Users/plokm/Downloads/lib")
ERROR: Cannot resolve rpath "@rpath/QtOpenGL.framework/Versions/A/QtOpenGL"
ERROR:  using QList("/Users/plokm/Downloads/lib")
ERROR: Cannot resolve rpath "@rpath/QtGui.framework/Versions/A/QtGui"
ERROR:  using QList("/Users/plokm/Downloads/lib")
ERROR: Cannot resolve rpath "@rpath/QtCore.framework/Versions/A/QtCore"
ERROR:  using QList("/Users/plokm/Downloads/lib")
Log:
Log: Deploying Qt frameworks found inside: QList("build_release/bin/FocusForgeApp.app/Contents/PlugIns/quick/libqtvkbopenwnnplugin.dylib")
Log:  copied: "/opt/homebrew/share/qt/qml/QtQuick/VirtualKeyboard/Plugins/OpenWNN/plugins.qmltypes"
Log:  to "build_release/bin/FocusForgeApp.app/Contents/Resources/qml/QtQuick/VirtualKeyboard/Plugins/OpenWNN/plugins.qmltypes"
Log:  copied: "/opt/homebrew/share/qt/qml/QtQuick/VirtualKeyboard/Plugins/OpenWNN/qmldir"
Log:  to "build_release/bin/FocusForgeApp.app/Contents/Resources/qml/QtQuick/VirtualKeyboard/Plugins/OpenWNN/qmldir"
Log: copy: "/opt/homebrew/share/qt/qml/QtQuick/VirtualKeyboard/Plugins/Pinyin" "build_release/bin/FocusForgeApp.app/Contents/Resources/qml/QtQuick/VirtualKeyboard/Plugins/Pinyin"
Log:  copied: "/opt/homebrew/share/qt/qml/QtQuick/VirtualKeyboard/Plugins/Pinyin/libqtvkbpinyinplugin.dylib"
Log:  to "build_release/bin/FocusForgeApp.app/Contents/PlugIns/quick/libqtvkbpinyinplugin.dylib"
Log:  symlink "build_release/bin/FocusForgeApp.app/Contents/Resources/qml/QtQuick/VirtualKeyboard/Plugins/Pinyin/libqtvkbpinyinplugin.dylib"
Log:  points to "../../../../../../PlugIns/quick/libqtvkbpinyinplugin.dylib"
ERROR: Cannot resolve rpath "@rpath/QtVirtualKeyboard.framework/Versions/A/QtVirtualKeyboard"
ERROR:  using QList("/Users/plokm/Downloads/lib")
ERROR: Cannot resolve rpath "@rpath/QtQuick.framework/Versions/A/QtQuick"
ERROR:  using QList("/Users/plokm/Downloads/lib")
ERROR: Cannot resolve rpath "@rpath/QtQmlMeta.framework/Versions/A/QtQmlMeta"
ERROR:  using QList("/Users/plokm/Downloads/lib")
ERROR: Cannot resolve rpath "@rpath/QtQmlWorkerScript.framework/Versions/A/QtQmlWorkerScript"
ERROR:  using QList("/Users/plokm/Downloads/lib")
ERROR: Cannot resolve rpath "@rpath/QtQmlModels.framework/Versions/A/QtQmlModels"
ERROR:  using QList("/Users/plokm/Downloads/lib")
ERROR: Cannot resolve rpath "@rpath/QtQml.framework/Versions/A/QtQml"
ERROR:  using QList("/Users/plokm/Downloads/lib")
ERROR: Cannot resolve rpath "@rpath/QtNetwork.framework/Versions/A/QtNetwork"
ERROR:  using QList("/Users/plokm/Downloads/lib")
ERROR: Cannot resolve rpath "@rpath/QtOpenGL.framework/Versions/A/QtOpenGL"
ERROR:  using QList("/Users/plokm/Downloads/lib")
ERROR: Cannot resolve rpath "@rpath/QtGui.framework/Versions/A/QtGui"
ERROR:  using QList("/Users/plokm/Downloads/lib")
ERROR: Cannot resolve rpath "@rpath/QtCore.framework/Versions/A/QtCore"
ERROR:  using QList("/Users/plokm/Downloads/lib")
Log:
Log: Deploying Qt frameworks found inside: QList("build_release/bin/FocusForgeApp.app/Contents/PlugIns/quick/libqtvkbpinyinplugin.dylib")
Log:  copied: "/opt/homebrew/share/qt/qml/QtQuick/VirtualKeyboard/Plugins/Pinyin/plugins.qmltypes"
Log:  to "build_release/bin/FocusForgeApp.app/Contents/Resources/qml/QtQuick/VirtualKeyboard/Plugins/Pinyin/plugins.qmltypes"
Log:  copied: "/opt/homebrew/share/qt/qml/QtQuick/VirtualKeyboard/Plugins/Pinyin/qmldir"
Log:  to "build_release/bin/FocusForgeApp.app/Contents/Resources/qml/QtQuick/VirtualKeyboard/Plugins/Pinyin/qmldir"
Log: copy: "/opt/homebrew/share/qt/qml/QtQuick/VirtualKeyboard/Plugins/TCIme" "build_release/bin/FocusForgeApp.app/Contents/Resources/qml/QtQuick/VirtualKeyboard/Plugins/TCIme"
Log:  copied: "/opt/homebrew/share/qt/qml/QtQuick/VirtualKeyboard/Plugins/TCIme/libqtvkbtcimeplugin.dylib"
Log:  to "build_release/bin/FocusForgeApp.app/Contents/PlugIns/quick/libqtvkbtcimeplugin.dylib"
Log:  symlink "build_release/bin/FocusForgeApp.app/Contents/Resources/qml/QtQuick/VirtualKeyboard/Plugins/TCIme/libqtvkbtcimeplugin.dylib"
Log:  points to "../../../../../../PlugIns/quick/libqtvkbtcimeplugin.dylib"
ERROR: Cannot resolve rpath "@rpath/QtVirtualKeyboard.framework/Versions/A/QtVirtualKeyboard"
ERROR:  using QList("/Users/plokm/Downloads/lib")
ERROR: Cannot resolve rpath "@rpath/QtQuick.framework/Versions/A/QtQuick"
ERROR:  using QList("/Users/plokm/Downloads/lib")
ERROR: Cannot resolve rpath "@rpath/QtQmlMeta.framework/Versions/A/QtQmlMeta"
ERROR:  using QList("/Users/plokm/Downloads/lib")
ERROR: Cannot resolve rpath "@rpath/QtQmlWorkerScript.framework/Versions/A/QtQmlWorkerScript"
ERROR:  using QList("/Users/plokm/Downloads/lib")
ERROR: Cannot resolve rpath "@rpath/QtQmlModels.framework/Versions/A/QtQmlModels"
ERROR:  using QList("/Users/plokm/Downloads/lib")
ERROR: Cannot resolve rpath "@rpath/QtQml.framework/Versions/A/QtQml"
ERROR:  using QList("/Users/plokm/Downloads/lib")
ERROR: Cannot resolve rpath "@rpath/QtNetwork.framework/Versions/A/QtNetwork"
ERROR:  using QList("/Users/plokm/Downloads/lib")
ERROR: Cannot resolve rpath "@rpath/QtOpenGL.framework/Versions/A/QtOpenGL"
ERROR:  using QList("/Users/plokm/Downloads/lib")
ERROR: Cannot resolve rpath "@rpath/QtGui.framework/Versions/A/QtGui"
ERROR:  using QList("/Users/plokm/Downloads/lib")
ERROR: Cannot resolve rpath "@rpath/QtCore.framework/Versions/A/QtCore"
ERROR:  using QList("/Users/plokm/Downloads/lib")
Log:
Log: Deploying Qt frameworks found inside: QList("build_release/bin/FocusForgeApp.app/Contents/PlugIns/quick/libqtvkbtcimeplugin.dylib")
Log:  copied: "/opt/homebrew/share/qt/qml/QtQuick/VirtualKeyboard/Plugins/TCIme/plugins.qmltypes"
Log:  to "build_release/bin/FocusForgeApp.app/Contents/Resources/qml/QtQuick/VirtualKeyboard/Plugins/TCIme/plugins.qmltypes"
Log:  copied: "/opt/homebrew/share/qt/qml/QtQuick/VirtualKeyboard/Plugins/TCIme/qmldir"
Log:  to "build_release/bin/FocusForgeApp.app/Contents/Resources/qml/QtQuick/VirtualKeyboard/Plugins/TCIme/qmldir"
Log: copy: "/opt/homebrew/share/qt/qml/QtQuick/VirtualKeyboard/Plugins/Thai" "build_release/bin/FocusForgeApp.app/Contents/Resources/qml/QtQuick/VirtualKeyboard/Plugins/Thai"
Log:  copied: "/opt/homebrew/share/qt/qml/QtQuick/VirtualKeyboard/Plugins/Thai/libqtvkbthaiplugin.dylib"
Log:  to "build_release/bin/FocusForgeApp.app/Contents/PlugIns/quick/libqtvkbthaiplugin.dylib"
Log:  symlink "build_release/bin/FocusForgeApp.app/Contents/Resources/qml/QtQuick/VirtualKeyboard/Plugins/Thai/libqtvkbthaiplugin.dylib"
Log:  points to "../../../../../../PlugIns/quick/libqtvkbthaiplugin.dylib"
ERROR: Cannot resolve rpath "@rpath/QtHunspellInputMethod.framework/Versions/A/QtHunspellInputMethod"
ERROR:  using QList("/Users/plokm/Downloads/lib")
ERROR: Cannot resolve rpath "@rpath/QtVirtualKeyboard.framework/Versions/A/QtVirtualKeyboard"
ERROR:  using QList("/Users/plokm/Downloads/lib")
ERROR: Cannot resolve rpath "@rpath/QtQuick.framework/Versions/A/QtQuick"
ERROR:  using QList("/Users/plokm/Downloads/lib")
ERROR: Cannot resolve rpath "@rpath/QtQmlMeta.framework/Versions/A/QtQmlMeta"
ERROR:  using QList("/Users/plokm/Downloads/lib")
ERROR: Cannot resolve rpath "@rpath/QtQmlWorkerScript.framework/Versions/A/QtQmlWorkerScript"
ERROR:  using QList("/Users/plokm/Downloads/lib")
ERROR: Cannot resolve rpath "@rpath/QtQmlModels.framework/Versions/A/QtQmlModels"
ERROR:  using QList("/Users/plokm/Downloads/lib")
ERROR: Cannot resolve rpath "@rpath/QtQml.framework/Versions/A/QtQml"
ERROR:  using QList("/Users/plokm/Downloads/lib")
ERROR: Cannot resolve rpath "@rpath/QtNetwork.framework/Versions/A/QtNetwork"
ERROR:  using QList("/Users/plokm/Downloads/lib")
ERROR: Cannot resolve rpath "@rpath/QtOpenGL.framework/Versions/A/QtOpenGL"
ERROR:  using QList("/Users/plokm/Downloads/lib")
ERROR: Cannot resolve rpath "@rpath/QtGui.framework/Versions/A/QtGui"
ERROR:  using QList("/Users/plokm/Downloads/lib")
ERROR: Cannot resolve rpath "@rpath/QtCore.framework/Versions/A/QtCore"
ERROR:  using QList("/Users/plokm/Downloads/lib")
Log:
Log: Deploying Qt frameworks found inside: QList("build_release/bin/FocusForgeApp.app/Contents/PlugIns/quick/libqtvkbthaiplugin.dylib")
Log:  copied: "/opt/homebrew/share/qt/qml/QtQuick/VirtualKeyboard/Plugins/Thai/plugins.qmltypes"
Log:  to "build_release/bin/FocusForgeApp.app/Contents/Resources/qml/QtQuick/VirtualKeyboard/Plugins/Thai/plugins.qmltypes"
Log:  copied: "/opt/homebrew/share/qt/qml/QtQuick/VirtualKeyboard/Plugins/Thai/qmldir"
Log:  to "build_release/bin/FocusForgeApp.app/Contents/Resources/qml/QtQuick/VirtualKeyboard/Plugins/Thai/qmldir"
Log: copy: "/opt/homebrew/share/qt/qml/QtQuick/VirtualKeyboard/Settings" "build_release/bin/FocusForgeApp.app/Contents/Resources/qml/QtQuick/VirtualKeyboard/Settings"
Log:  copied: "/opt/homebrew/share/qt/qml/QtQuick/VirtualKeyboard/Settings/libqtvkbsettingsplugin.dylib"
Log:  to "build_release/bin/FocusForgeApp.app/Contents/PlugIns/quick/libqtvkbsettingsplugin.dylib"
Log:  symlink "build_release/bin/FocusForgeApp.app/Contents/Resources/qml/QtQuick/VirtualKeyboard/Settings/libqtvkbsettingsplugin.dylib"
Log:  points to "../../../../../PlugIns/quick/libqtvkbsettingsplugin.dylib"
ERROR: Cannot resolve rpath "@rpath/QtVirtualKeyboardSettings.framework/Versions/A/QtVirtualKeyboardSettings"
ERROR:  using QList("/Users/plokm/Downloads/focus-forge/lib")
ERROR: Cannot resolve rpath "@rpath/QtQml.framework/Versions/A/QtQml"
ERROR:  using QList("/Users/plokm/Downloads/focus-forge/lib")
ERROR: Cannot resolve rpath "@rpath/QtNetwork.framework/Versions/A/QtNetwork"
ERROR:  using QList("/Users/plokm/Downloads/focus-forge/lib")
ERROR: Cannot resolve rpath "@rpath/QtCore.framework/Versions/A/QtCore"
ERROR:  using QList("/Users/plokm/Downloads/focus-forge/lib")
Log:
Log: Deploying Qt frameworks found inside: QList("build_release/bin/FocusForgeApp.app/Contents/PlugIns/quick/libqtvkbsettingsplugin.dylib")
Log:  copied: "/opt/homebrew/share/qt/qml/QtQuick/VirtualKeyboard/Settings/plugins.qmltypes"
Log:  to "build_release/bin/FocusForgeApp.app/Contents/Resources/qml/QtQuick/VirtualKeyboard/Settings/plugins.qmltypes"
Log:  copied: "/opt/homebrew/share/qt/qml/QtQuick/VirtualKeyboard/Settings/qmldir"
Log:  to "build_release/bin/FocusForgeApp.app/Contents/Resources/qml/QtQuick/VirtualKeyboard/Settings/qmldir"
Log: copy: "/opt/homebrew/share/qt/qml/QtQuick/VirtualKeyboard/Styles" "build_release/bin/FocusForgeApp.app/Contents/Resources/qml/QtQuick/VirtualKeyboard/Styles"
Log:  copied: "/opt/homebrew/share/qt/qml/QtQuick/VirtualKeyboard/Styles/KeyboardStyle.qml"
Log:  to "build_release/bin/FocusForgeApp.app/Contents/Resources/qml/QtQuick/VirtualKeyboard/Styles/KeyboardStyle.qml"
Log:  copied: "/opt/homebrew/share/qt/qml/QtQuick/VirtualKeyboard/Styles/KeyIcon.qml"
Log:  to "build_release/bin/FocusForgeApp.app/Contents/Resources/qml/QtQuick/VirtualKeyboard/Styles/KeyIcon.qml"
Log:  copied: "/opt/homebrew/share/qt/qml/QtQuick/VirtualKeyboard/Styles/KeyPanel.qml"
Log:  to "build_release/bin/FocusForgeApp.app/Contents/Resources/qml/QtQuick/VirtualKeyboard/Styles/KeyPanel.qml"
Log:  copied: "/opt/homebrew/share/qt/qml/QtQuick/VirtualKeyboard/Styles/libqtvkbstylesplugin.dylib"
Log:  to "build_release/bin/FocusForgeApp.app/Contents/PlugIns/quick/libqtvkbstylesplugin.dylib"
Log:  symlink "build_release/bin/FocusForgeApp.app/Contents/Resources/qml/QtQuick/VirtualKeyboard/Styles/libqtvkbstylesplugin.dylib"
Log:  points to "../../../../../PlugIns/quick/libqtvkbstylesplugin.dylib"
ERROR: Cannot resolve rpath "@rpath/QtQuick.framework/Versions/A/QtQuick"
ERROR:  using QList("/Users/plokm/Downloads/focus-forge/lib")
ERROR: Cannot resolve rpath "@rpath/QtSvg.framework/Versions/A/QtSvg"
ERROR:  using QList("/Users/plokm/Downloads/focus-forge/lib")
ERROR: Cannot resolve rpath "@rpath/QtQmlMeta.framework/Versions/A/QtQmlMeta"
ERROR:  using QList("/Users/plokm/Downloads/focus-forge/lib")
ERROR: Cannot resolve rpath "@rpath/QtQmlWorkerScript.framework/Versions/A/QtQmlWorkerScript"
ERROR:  using QList("/Users/plokm/Downloads/focus-forge/lib")
ERROR: Cannot resolve rpath "@rpath/QtQmlModels.framework/Versions/A/QtQmlModels"
ERROR:  using QList("/Users/plokm/Downloads/focus-forge/lib")
ERROR: Cannot resolve rpath "@rpath/QtOpenGL.framework/Versions/A/QtOpenGL"
ERROR:  using QList("/Users/plokm/Downloads/focus-forge/lib")
ERROR: Cannot resolve rpath "@rpath/QtGui.framework/Versions/A/QtGui"
ERROR:  using QList("/Users/plokm/Downloads/focus-forge/lib")
ERROR: Cannot resolve rpath "@rpath/QtQml.framework/Versions/A/QtQml"
ERROR:  using QList("/Users/plokm/Downloads/focus-forge/lib")
ERROR: Cannot resolve rpath "@rpath/QtNetwork.framework/Versions/A/QtNetwork"
ERROR:  using QList("/Users/plokm/Downloads/focus-forge/lib")
ERROR: Cannot resolve rpath "@rpath/QtCore.framework/Versions/A/QtCore"
ERROR:  using QList("/Users/plokm/Downloads/focus-forge/lib")
Log:
Log: Deploying Qt frameworks found inside: QList("build_release/bin/FocusForgeApp.app/Contents/PlugIns/quick/libqtvkbstylesplugin.dylib")
Log:  copied: "/opt/homebrew/share/qt/qml/QtQuick/VirtualKeyboard/Styles/plugins.qmltypes"
Log:  to "build_release/bin/FocusForgeApp.app/Contents/Resources/qml/QtQuick/VirtualKeyboard/Styles/plugins.qmltypes"
Log:  copied: "/opt/homebrew/share/qt/qml/QtQuick/VirtualKeyboard/Styles/qmldir"
Log:  to "build_release/bin/FocusForgeApp.app/Contents/Resources/qml/QtQuick/VirtualKeyboard/Styles/qmldir"
Log:  copied: "/opt/homebrew/share/qt/qml/QtQuick/VirtualKeyboard/Styles/SelectionListItem.qml"
Log:  to "build_release/bin/FocusForgeApp.app/Contents/Resources/qml/QtQuick/VirtualKeyboard/Styles/SelectionListItem.qml"
Log:  copied: "/opt/homebrew/share/qt/qml/QtQuick/VirtualKeyboard/Styles/TraceCanvas.qml"
Log:  to "build_release/bin/FocusForgeApp.app/Contents/Resources/qml/QtQuick/VirtualKeyboard/Styles/TraceCanvas.qml"
Log:  copied: "/opt/homebrew/share/qt/qml/QtQuick/VirtualKeyboard/Styles/TraceInputKeyPanel.qml"
Log:  to "build_release/bin/FocusForgeApp.app/Contents/Resources/qml/QtQuick/VirtualKeyboard/Styles/TraceInputKeyPanel.qml"
Log:  copied: "/opt/homebrew/share/qt/qml/QtQuick/VirtualKeyboard/Styles/TraceUtils.js"
Log:  to "build_release/bin/FocusForgeApp.app/Contents/Resources/qml/QtQuick/VirtualKeyboard/Styles/TraceUtils.js"
Log: copy: "/opt/homebrew/share/qt/qml/QtQuick/VirtualKeyboard/Styles/Builtin" "build_release/bin/FocusForgeApp.app/Contents/Resources/qml/QtQuick/VirtualKeyboard/Styles/Builtin"
Log:  copied: "/opt/homebrew/share/qt/qml/QtQuick/VirtualKeyboard/Styles/Builtin/libqtvkbbuiltinstylesplugin.dylib"
Log:  to "build_release/bin/FocusForgeApp.app/Contents/PlugIns/quick/libqtvkbbuiltinstylesplugin.dylib"
Log:  symlink "build_release/bin/FocusForgeApp.app/Contents/Resources/qml/QtQuick/VirtualKeyboard/Styles/Builtin/libqtvkbbuiltinstylesplugin.dylib"
Log:  points to "../../../../../../PlugIns/quick/libqtvkbbuiltinstylesplugin.dylib"
ERROR: Cannot resolve rpath "@rpath/QtQml.framework/Versions/A/QtQml"
ERROR:  using QList("/Users/plokm/Downloads/lib")
ERROR: Cannot resolve rpath "@rpath/QtNetwork.framework/Versions/A/QtNetwork"
ERROR:  using QList("/Users/plokm/Downloads/lib")
ERROR: Cannot resolve rpath "@rpath/QtCore.framework/Versions/A/QtCore"
ERROR:  using QList("/Users/plokm/Downloads/lib")
Log:
Log: Deploying Qt frameworks found inside: QList("build_release/bin/FocusForgeApp.app/Contents/PlugIns/quick/libqtvkbbuiltinstylesplugin.dylib")
Log:  copied: "/opt/homebrew/share/qt/qml/QtQuick/VirtualKeyboard/Styles/Builtin/plugins.qmltypes"
Log:  to "build_release/bin/FocusForgeApp.app/Contents/Resources/qml/QtQuick/VirtualKeyboard/Styles/Builtin/plugins.qmltypes"
Log:  copied: "/opt/homebrew/share/qt/qml/QtQuick/VirtualKeyboard/Styles/Builtin/qmldir"
Log:  to "build_release/bin/FocusForgeApp.app/Contents/Resources/qml/QtQuick/VirtualKeyboard/Styles/Builtin/qmldir"
Log: copy: "/opt/homebrew/share/qt/qml/QtQuick/Window" "build_release/bin/FocusForgeApp.app/Contents/Resources/qml/QtQuick/Window"
Log:  copied: "/opt/homebrew/share/qt/qml/QtQuick/Window/libquickwindowplugin.dylib"
Log:  to "build_release/bin/FocusForgeApp.app/Contents/PlugIns/quick/libquickwindowplugin.dylib"
Log:  symlink "build_release/bin/FocusForgeApp.app/Contents/Resources/qml/QtQuick/Window/libquickwindowplugin.dylib"
Log:  points to "../../../../PlugIns/quick/libquickwindowplugin.dylib"
ERROR: Cannot resolve rpath "@rpath/QtQml.framework/Versions/A/QtQml"
ERROR:  using QList("/Users/plokm/Downloads/focus-forge/build_release/lib")
ERROR: Cannot resolve rpath "@rpath/QtNetwork.framework/Versions/A/QtNetwork"
ERROR:  using QList("/Users/plokm/Downloads/focus-forge/build_release/lib")
ERROR: Cannot resolve rpath "@rpath/QtCore.framework/Versions/A/QtCore"
ERROR:  using QList("/Users/plokm/Downloads/focus-forge/build_release/lib")
Log:
Log: Deploying Qt frameworks found inside: QList("build_release/bin/FocusForgeApp.app/Contents/PlugIns/quick/libquickwindowplugin.dylib")
Log:  copied: "/opt/homebrew/share/qt/qml/QtQuick/Window/qmldir"
Log:  to "build_release/bin/FocusForgeApp.app/Contents/Resources/qml/QtQuick/Window/qmldir"
Log:  copied: "/opt/homebrew/share/qt/qml/QtQuick/Window/quickwindow.qmltypes"
Log:  to "build_release/bin/FocusForgeApp.app/Contents/Resources/qml/QtQuick/Window/quickwindow.qmltypes"
Log: 
Log: Deploying QML import "QtQuick.Controls"
Log: 
Log: Deploying QML import "QtQuick.Controls.Basic"
Log: 
Log: Deploying QML import "QtQuick.Controls.Basic.impl"
Log: 
Log: Deploying QML import "QtQuick.Controls.FluentWinUI3"
Log: 
Log: Deploying QML import "QtQuick.Controls.FluentWinUI3.impl"
Log: 
Log: Deploying QML import "QtQuick.Controls.Fusion"
Log: 
Log: Deploying QML import "QtQuick.Controls.Fusion.impl"
Log: 
Log: Deploying QML import "QtQuick.Controls.Imagine"
Log: 
Log: Deploying QML import "QtQuick.Controls.Imagine.impl"
Log: 
Log: Deploying QML import "QtQuick.Controls.Material"
Log: 
Log: Deploying QML import "QtQuick.Controls.Material.impl"
Log: 
Log: Deploying QML import "QtQuick.Controls.Universal"
Log: 
Log: Deploying QML import "QtQuick.Controls.Universal.impl"
Log: 
Log: Deploying QML import "QtQuick.Controls.iOS"
Log: 
Log: Deploying QML import "QtQuick.Controls.iOS.impl"
Log: 
Log: Deploying QML import "QtQuick.Controls.impl"
Log: 
Log: Deploying QML import "QtQuick.Controls.macOS"
Log: 
Log: Deploying QML import "QtQuick.Controls.macOS.impl"
Log: 
Log: Deploying QML import "QtQuick.Effects"
Log: 
Log: Deploying QML import "QtQuick.Layouts"
Log: 
Log: Deploying QML import "QtQuick.NativeStyle"
Log: 
Log: Deploying QML import "QtQuick.Shapes"
Log: 
Log: Deploying QML import "QtQuick.Templates"
Log: 
Log: Deploying QML import "QtQuick.Window"
Log: 
Log:
Log: Deploying plugins from "/opt/homebrew/share/qt/plugins"
Log:  copied: "/opt/homebrew/share/qt/plugins/platforms/libqcocoa.dylib"
Log:  to "build_release/bin/FocusForgeApp.app/Contents/PlugIns/platforms/libqcocoa.dylib"
ERROR: Cannot resolve rpath "@rpath/QtGui.framework/Versions/A/QtGui"
ERROR:  using QList("/Users/plokm/Downloads/focus-forge/build_release/bin/lib")
ERROR: Cannot resolve rpath "@rpath/QtCore.framework/Versions/A/QtCore"
ERROR:  using QList("/Users/plokm/Downloads/focus-forge/build_release/bin/lib")
Log:
Log: Deploying Qt frameworks found inside: QList("build_release/bin/FocusForgeApp.app/Contents/PlugIns/platforms/libqcocoa.dylib")
Log:  copied: "/opt/homebrew/share/qt/plugins/styles/libqmacstyle.dylib"
Log:  to "build_release/bin/FocusForgeApp.app/Contents/PlugIns/styles/libqmacstyle.dylib"
ERROR: Cannot resolve rpath "@rpath/QtWidgets.framework/Versions/A/QtWidgets"
ERROR:  using QList("/Users/plokm/Downloads/focus-forge/build_release/bin/lib")
ERROR: Cannot resolve rpath "@rpath/QtGui.framework/Versions/A/QtGui"
ERROR:  using QList("/Users/plokm/Downloads/focus-forge/build_release/bin/lib")
ERROR: Cannot resolve rpath "@rpath/QtCore.framework/Versions/A/QtCore"
ERROR:  using QList("/Users/plokm/Downloads/focus-forge/build_release/bin/lib")
Log:
Log: Deploying Qt frameworks found inside: QList("build_release/bin/FocusForgeApp.app/Contents/PlugIns/styles/libqmacstyle.dylib")
Log:  copied: "/opt/homebrew/share/qt/plugins/tls/libqcertonlybackend.dylib"
Log:  to "build_release/bin/FocusForgeApp.app/Contents/PlugIns/tls/libqcertonlybackend.dylib"
ERROR: Cannot resolve rpath "@rpath/QtNetwork.framework/Versions/A/QtNetwork"
ERROR:  using QList("/Users/plokm/Downloads/focus-forge/build_release/bin/lib")
ERROR: Cannot resolve rpath "@rpath/QtCore.framework/Versions/A/QtCore"
ERROR:  using QList("/Users/plokm/Downloads/focus-forge/build_release/bin/lib")
Log:
Log: Deploying Qt frameworks found inside: QList("build_release/bin/FocusForgeApp.app/Contents/PlugIns/tls/libqcertonlybackend.dylib")
Log:  copied: "/opt/homebrew/share/qt/plugins/tls/libqopensslbackend.dylib"
Log:  to "build_release/bin/FocusForgeApp.app/Contents/PlugIns/tls/libqopensslbackend.dylib"
ERROR: Cannot resolve rpath "@rpath/QtNetwork.framework/Versions/A/QtNetwork"
ERROR:  using QList("/Users/plokm/Downloads/focus-forge/build_release/bin/lib")
ERROR: Cannot resolve rpath "@rpath/QtCore.framework/Versions/A/QtCore"
ERROR:  using QList("/Users/plokm/Downloads/focus-forge/build_release/bin/lib")
Log:
Log: Deploying Qt frameworks found inside: QList("build_release/bin/FocusForgeApp.app/Contents/PlugIns/tls/libqopensslbackend.dylib")
Log:  copied: "/opt/homebrew/share/qt/plugins/tls/libqsecuretransportbackend.dylib"
Log:  to "build_release/bin/FocusForgeApp.app/Contents/PlugIns/tls/libqsecuretransportbackend.dylib"
ERROR: Cannot resolve rpath "@rpath/QtNetwork.framework/Versions/A/QtNetwork"
ERROR:  using QList("/Users/plokm/Downloads/focus-forge/build_release/bin/lib")
ERROR: Cannot resolve rpath "@rpath/QtCore.framework/Versions/A/QtCore"
ERROR:  using QList("/Users/plokm/Downloads/focus-forge/build_release/bin/lib")
Log:
Log: Deploying Qt frameworks found inside: QList("build_release/bin/FocusForgeApp.app/Contents/PlugIns/tls/libqsecuretransportbackend.dylib")
Log:  copied: "/opt/homebrew/share/qt/plugins/networkinformation/libqglib.dylib"
Log:  to "build_release/bin/FocusForgeApp.app/Contents/PlugIns/networkinformation/libqglib.dylib"
ERROR: Cannot resolve rpath "@rpath/QtNetwork.framework/Versions/A/QtNetwork"
ERROR:  using QList("/Users/plokm/Downloads/focus-forge/build_release/bin/lib")
ERROR: Cannot resolve rpath "@rpath/QtCore.framework/Versions/A/QtCore"
ERROR:  using QList("/Users/plokm/Downloads/focus-forge/build_release/bin/lib")
Log:
Log: Deploying Qt frameworks found inside: QList("build_release/bin/FocusForgeApp.app/Contents/PlugIns/networkinformation/libqglib.dylib")
Log:  copied: "/opt/homebrew/opt/glib/lib/libgobject-2.0.0.dylib"
Log:  to "build_release/bin/FocusForgeApp.app/Contents/Frameworks//libgobject-2.0.0.dylib"
Log:  copied: "/opt/homebrew/opt/glib/lib/libgio-2.0.0.dylib"
Log:  to "build_release/bin/FocusForgeApp.app/Contents/Frameworks//libgio-2.0.0.dylib"
Log:  copied: "/opt/homebrew/Cellar/glib/2.84.4/lib/libglib-2.0.0.dylib"
Log:  to "build_release/bin/FocusForgeApp.app/Contents/Frameworks//libglib-2.0.0.dylib"
Log:  copied: "/opt/homebrew/Cellar/glib/2.84.4/lib/libgmodule-2.0.0.dylib"
Log:  to "build_release/bin/FocusForgeApp.app/Contents/Frameworks//libgmodule-2.0.0.dylib"
Log:  copied: "/opt/homebrew/opt/gettext/lib/libintl.8.dylib"
Log:  to "build_release/bin/FocusForgeApp.app/Contents/Frameworks//libintl.8.dylib"
Log:  copied: "/opt/homebrew/opt/pcre2/lib/libpcre2-8.0.dylib"
Log:  to "build_release/bin/FocusForgeApp.app/Contents/Frameworks//libpcre2-8.0.dylib"
Log:  copied: "/opt/homebrew/share/qt/plugins/networkinformation/libqscnetworkreachability.dylib"
Log:  to "build_release/bin/FocusForgeApp.app/Contents/PlugIns/networkinformation/libqscnetworkreachability.dylib"
ERROR: Cannot resolve rpath "@rpath/QtNetwork.framework/Versions/A/QtNetwork"
ERROR:  using QList("/Users/plokm/Downloads/focus-forge/build_release/bin/lib")
ERROR: Cannot resolve rpath "@rpath/QtCore.framework/Versions/A/QtCore"
ERROR:  using QList("/Users/plokm/Downloads/focus-forge/build_release/bin/lib")
Log:
Log: Deploying Qt frameworks found inside: QList("build_release/bin/FocusForgeApp.app/Contents/PlugIns/networkinformation/libqscnetworkreachability.dylib")
Log:  copied: "/opt/homebrew/share/qt/plugins/imageformats/libqgif.dylib"
Log:  to "build_release/bin/FocusForgeApp.app/Contents/PlugIns/imageformats/libqgif.dylib"
ERROR: Cannot resolve rpath "@rpath/QtGui.framework/Versions/A/QtGui"
ERROR:  using QList("/Users/plokm/Downloads/focus-forge/build_release/bin/lib")
ERROR: Cannot resolve rpath "@rpath/QtCore.framework/Versions/A/QtCore"
ERROR:  using QList("/Users/plokm/Downloads/focus-forge/build_release/bin/lib")
Log:
Log: Deploying Qt frameworks found inside: QList("build_release/bin/FocusForgeApp.app/Contents/PlugIns/imageformats/libqgif.dylib")
Log:  copied: "/opt/homebrew/share/qt/plugins/imageformats/libqicns.dylib"
Log:  to "build_release/bin/FocusForgeApp.app/Contents/PlugIns/imageformats/libqicns.dylib"
ERROR: Cannot resolve rpath "@rpath/QtGui.framework/Versions/A/QtGui"
ERROR:  using QList("/Users/plokm/Downloads/focus-forge/build_release/bin/lib")
ERROR: Cannot resolve rpath "@rpath/QtCore.framework/Versions/A/QtCore"
ERROR:  using QList("/Users/plokm/Downloads/focus-forge/build_release/bin/lib")
Log:
Log: Deploying Qt frameworks found inside: QList("build_release/bin/FocusForgeApp.app/Contents/PlugIns/imageformats/libqicns.dylib")
Log:  copied: "/opt/homebrew/share/qt/plugins/imageformats/libqico.dylib"
Log:  to "build_release/bin/FocusForgeApp.app/Contents/PlugIns/imageformats/libqico.dylib"
ERROR: Cannot resolve rpath "@rpath/QtGui.framework/Versions/A/QtGui"
ERROR:  using QList("/Users/plokm/Downloads/focus-forge/build_release/bin/lib")
ERROR: Cannot resolve rpath "@rpath/QtCore.framework/Versions/A/QtCore"
ERROR:  using QList("/Users/plokm/Downloads/focus-forge/build_release/bin/lib")
Log:
Log: Deploying Qt frameworks found inside: QList("build_release/bin/FocusForgeApp.app/Contents/PlugIns/imageformats/libqico.dylib")
Log:  copied: "/opt/homebrew/share/qt/plugins/imageformats/libqjp2.dylib"
Log:  to "build_release/bin/FocusForgeApp.app/Contents/PlugIns/imageformats/libqjp2.dylib"
ERROR: Cannot resolve rpath "@rpath/QtGui.framework/Versions/A/QtGui"
ERROR:  using QList("/Users/plokm/Downloads/focus-forge/build_release/bin/lib")
ERROR: Cannot resolve rpath "@rpath/QtCore.framework/Versions/A/QtCore"
ERROR:  using QList("/Users/plokm/Downloads/focus-forge/build_release/bin/lib")
Log:
Log: Deploying Qt frameworks found inside: QList("build_release/bin/FocusForgeApp.app/Contents/PlugIns/imageformats/libqjp2.dylib")
Log:  copied: "/opt/homebrew/opt/jasper/lib/libjasper.7.dylib"
Log:  to "build_release/bin/FocusForgeApp.app/Contents/Frameworks//libjasper.7.dylib"
Log:  copied: "/opt/homebrew/opt/jpeg-turbo/lib/libjpeg.8.dylib"
Log:  to "build_release/bin/FocusForgeApp.app/Contents/Frameworks//libjpeg.8.dylib"
Log:  copied: "/opt/homebrew/share/qt/plugins/imageformats/libqjpeg.dylib"
Log:  to "build_release/bin/FocusForgeApp.app/Contents/PlugIns/imageformats/libqjpeg.dylib"
ERROR: Cannot resolve rpath "@rpath/QtGui.framework/Versions/A/QtGui"
ERROR:  using QList("/Users/plokm/Downloads/focus-forge/build_release/bin/lib")
ERROR: Cannot resolve rpath "@rpath/QtCore.framework/Versions/A/QtCore"
ERROR:  using QList("/Users/plokm/Downloads/focus-forge/build_release/bin/lib")
Log:
Log: Deploying Qt frameworks found inside: QList("build_release/bin/FocusForgeApp.app/Contents/PlugIns/imageformats/libqjpeg.dylib")
Log:  copied: "/opt/homebrew/opt/jpeg-turbo/lib/libjpeg.8.dylib"
Log:  to "build_release/bin/FocusForgeApp.app/Contents/Frameworks//libjpeg.8.dylib"
Log:  copied: "/opt/homebrew/share/qt/plugins/imageformats/libqmacheif.dylib"
Log:  to "build_release/bin/FocusForgeApp.app/Contents/PlugIns/imageformats/libqmacheif.dylib"
ERROR: Cannot resolve rpath "@rpath/QtGui.framework/Versions/A/QtGui"
ERROR:  using QList("/Users/plokm/Downloads/focus-forge/build_release/bin/lib")
ERROR: Cannot resolve rpath "@rpath/QtCore.framework/Versions/A/QtCore"
ERROR:  using QList("/Users/plokm/Downloads/focus-forge/build_release/bin/lib")
Log:
Log: Deploying Qt frameworks found inside: QList("build_release/bin/FocusForgeApp.app/Contents/PlugIns/imageformats/libqmacheif.dylib")
Log:  copied: "/opt/homebrew/share/qt/plugins/imageformats/libqmng.dylib"
Log:  to "build_release/bin/FocusForgeApp.app/Contents/PlugIns/imageformats/libqmng.dylib"
ERROR: Cannot resolve rpath "@rpath/QtGui.framework/Versions/A/QtGui"
ERROR:  using QList("/Users/plokm/Downloads/focus-forge/build_release/bin/lib")
ERROR: Cannot resolve rpath "@rpath/QtCore.framework/Versions/A/QtCore"
ERROR:  using QList("/Users/plokm/Downloads/focus-forge/build_release/bin/lib")
Log:
Log: Deploying Qt frameworks found inside: QList("build_release/bin/FocusForgeApp.app/Contents/PlugIns/imageformats/libqmng.dylib")
Log:  copied: "/opt/homebrew/opt/libmng/lib/libmng.2.dylib"
Log:  to "build_release/bin/FocusForgeApp.app/Contents/Frameworks//libmng.2.dylib"
Log:  copied: "/opt/homebrew/opt/jpeg-turbo/lib/libjpeg.8.dylib"
Log:  to "build_release/bin/FocusForgeApp.app/Contents/Frameworks//libjpeg.8.dylib"
Log:  copied: "/opt/homebrew/opt/little-cms2/lib/liblcms2.2.dylib"
Log:  to "build_release/bin/FocusForgeApp.app/Contents/Frameworks//liblcms2.2.dylib"
Log:  copied: "/opt/homebrew/share/qt/plugins/imageformats/libqpdf.dylib"
Log:  to "build_release/bin/FocusForgeApp.app/Contents/PlugIns/imageformats/libqpdf.dylib"
ERROR: Cannot resolve rpath "@rpath/QtPdf.framework/Versions/A/QtPdf"
ERROR:  using QList("/Users/plokm/Downloads/focus-forge/build_release/bin/lib")
ERROR: Cannot resolve rpath "@rpath/QtGui.framework/Versions/A/QtGui"
ERROR:  using QList("/Users/plokm/Downloads/focus-forge/build_release/bin/lib")
ERROR: Cannot resolve rpath "@rpath/QtCore.framework/Versions/A/QtCore"
ERROR:  using QList("/Users/plokm/Downloads/focus-forge/build_release/bin/lib")
Log:
Log: Deploying Qt frameworks found inside: QList("build_release/bin/FocusForgeApp.app/Contents/PlugIns/imageformats/libqpdf.dylib")
Log:  copied: "/opt/homebrew/share/qt/plugins/imageformats/libqtga.dylib"
Log:  to "build_release/bin/FocusForgeApp.app/Contents/PlugIns/imageformats/libqtga.dylib"
ERROR: Cannot resolve rpath "@rpath/QtGui.framework/Versions/A/QtGui"
ERROR:  using QList("/Users/plokm/Downloads/focus-forge/build_release/bin/lib")
ERROR: Cannot resolve rpath "@rpath/QtCore.framework/Versions/A/QtCore"
ERROR:  using QList("/Users/plokm/Downloads/focus-forge/build_release/bin/lib")
Log:
Log: Deploying Qt frameworks found inside: QList("build_release/bin/FocusForgeApp.app/Contents/PlugIns/imageformats/libqtga.dylib")
Log:  copied: "/opt/homebrew/share/qt/plugins/imageformats/libqtiff.dylib"
Log:  to "build_release/bin/FocusForgeApp.app/Contents/PlugIns/imageformats/libqtiff.dylib"
ERROR: Cannot resolve rpath "@rpath/QtGui.framework/Versions/A/QtGui"
ERROR:  using QList("/Users/plokm/Downloads/focus-forge/build_release/bin/lib")
ERROR: Cannot resolve rpath "@rpath/QtCore.framework/Versions/A/QtCore"
ERROR:  using QList("/Users/plokm/Downloads/focus-forge/build_release/bin/lib")
Log:
Log: Deploying Qt frameworks found inside: QList("build_release/bin/FocusForgeApp.app/Contents/PlugIns/imageformats/libqtiff.dylib")
Log:  copied: "/opt/homebrew/opt/libtiff/lib/libtiff.6.dylib"
Log:  to "build_release/bin/FocusForgeApp.app/Contents/Frameworks//libtiff.6.dylib"
Log:  copied: "/opt/homebrew/opt/zstd/lib/libzstd.1.dylib"
Log:  to "build_release/bin/FocusForgeApp.app/Contents/Frameworks//libzstd.1.dylib"
Log:  copied: "/opt/homebrew/opt/xz/lib/liblzma.5.dylib"
Log:  to "build_release/bin/FocusForgeApp.app/Contents/Frameworks//liblzma.5.dylib"
Log:  copied: "/opt/homebrew/opt/jpeg-turbo/lib/libjpeg.8.dylib"
Log:  to "build_release/bin/FocusForgeApp.app/Contents/Frameworks//libjpeg.8.dylib"
Log:  copied: "/opt/homebrew/share/qt/plugins/imageformats/libqwbmp.dylib"
Log:  to "build_release/bin/FocusForgeApp.app/Contents/PlugIns/imageformats/libqwbmp.dylib"
ERROR: Cannot resolve rpath "@rpath/QtGui.framework/Versions/A/QtGui"
ERROR:  using QList("/Users/plokm/Downloads/focus-forge/build_release/bin/lib")
ERROR: Cannot resolve rpath "@rpath/QtCore.framework/Versions/A/QtCore"
ERROR:  using QList("/Users/plokm/Downloads/focus-forge/build_release/bin/lib")
Log:
Log: Deploying Qt frameworks found inside: QList("build_release/bin/FocusForgeApp.app/Contents/PlugIns/imageformats/libqwbmp.dylib")
Log:  copied: "/opt/homebrew/share/qt/plugins/imageformats/libqwebp.dylib"
Log:  to "build_release/bin/FocusForgeApp.app/Contents/PlugIns/imageformats/libqwebp.dylib"
ERROR: Cannot resolve rpath "@rpath/QtGui.framework/Versions/A/QtGui"
ERROR:  using QList("/Users/plokm/Downloads/focus-forge/build_release/bin/lib")
ERROR: Cannot resolve rpath "@rpath/QtCore.framework/Versions/A/QtCore"
ERROR:  using QList("/Users/plokm/Downloads/focus-forge/build_release/bin/lib")
Log:
Log: Deploying Qt frameworks found inside: QList("build_release/bin/FocusForgeApp.app/Contents/PlugIns/imageformats/libqwebp.dylib")
Log:  copied: "/opt/homebrew/opt/webp/lib/libwebpdemux.2.dylib"
Log:  to "build_release/bin/FocusForgeApp.app/Contents/Frameworks//libwebpdemux.2.dylib"
Log:  copied: "/opt/homebrew/opt/webp/lib/libwebpmux.3.dylib"
Log:  to "build_release/bin/FocusForgeApp.app/Contents/Frameworks//libwebpmux.3.dylib"
Log:  copied: "/opt/homebrew/opt/webp/lib/libwebp.7.dylib"
Log:  to "build_release/bin/FocusForgeApp.app/Contents/Frameworks//libwebp.7.dylib"
Log:  copied: "/opt/homebrew/opt/webp/lib/libsharpyuv.0.dylib"
Log:  to "build_release/bin/FocusForgeApp.app/Contents/Frameworks//libsharpyuv.0.dylib"
Log:  copied: "/opt/homebrew/share/qt/plugins/iconengines/libqsvgicon.dylib"
Log:  to "build_release/bin/FocusForgeApp.app/Contents/PlugIns/iconengines/libqsvgicon.dylib"
ERROR: Cannot resolve rpath "@rpath/QtSvg.framework/Versions/A/QtSvg"
ERROR:  using QList("/Users/plokm/Downloads/focus-forge/build_release/bin/lib")
ERROR: Cannot resolve rpath "@rpath/QtGui.framework/Versions/A/QtGui"
ERROR:  using QList("/Users/plokm/Downloads/focus-forge/build_release/bin/lib")
ERROR: Cannot resolve rpath "@rpath/QtCore.framework/Versions/A/QtCore"
ERROR:  using QList("/Users/plokm/Downloads/focus-forge/build_release/bin/lib")
Log:
Log: Deploying Qt frameworks found inside: QList("build_release/bin/FocusForgeApp.app/Contents/PlugIns/iconengines/libqsvgicon.dylib")
Log:  copied: "/opt/homebrew/share/qt/plugins/platforminputcontexts/libqtvirtualkeyboardplugin.dylib"
Log:  to "build_release/bin/FocusForgeApp.app/Contents/PlugIns/platforminputcontexts/libqtvirtualkeyboardplugin.dylib"
ERROR: Cannot resolve rpath "@rpath/QtVirtualKeyboardQml.framework/Versions/A/QtVirtualKeyboardQml"
ERROR:  using QList("/Users/plokm/Downloads/focus-forge/build_release/bin/lib")
ERROR: Cannot resolve rpath "@rpath/QtVirtualKeyboard.framework/Versions/A/QtVirtualKeyboard"
ERROR:  using QList("/Users/plokm/Downloads/focus-forge/build_release/bin/lib")
ERROR: Cannot resolve rpath "@rpath/QtQuick.framework/Versions/A/QtQuick"
ERROR:  using QList("/Users/plokm/Downloads/focus-forge/build_release/bin/lib")
ERROR: Cannot resolve rpath "@rpath/QtQmlMeta.framework/Versions/A/QtQmlMeta"
ERROR:  using QList("/Users/plokm/Downloads/focus-forge/build_release/bin/lib")
ERROR: Cannot resolve rpath "@rpath/QtQmlWorkerScript.framework/Versions/A/QtQmlWorkerScript"
ERROR:  using QList("/Users/plokm/Downloads/focus-forge/build_release/bin/lib")
ERROR: Cannot resolve rpath "@rpath/QtQmlModels.framework/Versions/A/QtQmlModels"
ERROR:  using QList("/Users/plokm/Downloads/focus-forge/build_release/bin/lib")
ERROR: Cannot resolve rpath "@rpath/QtQml.framework/Versions/A/QtQml"
ERROR:  using QList("/Users/plokm/Downloads/focus-forge/build_release/bin/lib")
ERROR: Cannot resolve rpath "@rpath/QtNetwork.framework/Versions/A/QtNetwork"
ERROR:  using QList("/Users/plokm/Downloads/focus-forge/build_release/bin/lib")
ERROR: Cannot resolve rpath "@rpath/QtOpenGL.framework/Versions/A/QtOpenGL"
ERROR:  using QList("/Users/plokm/Downloads/focus-forge/build_release/bin/lib")
ERROR: Cannot resolve rpath "@rpath/QtGui.framework/Versions/A/QtGui"
ERROR:  using QList("/Users/plokm/Downloads/focus-forge/build_release/bin/lib")
ERROR: Cannot resolve rpath "@rpath/QtCore.framework/Versions/A/QtCore"
ERROR:  using QList("/Users/plokm/Downloads/focus-forge/build_release/bin/lib")
Log:
Log: Deploying Qt frameworks found inside: QList("build_release/bin/FocusForgeApp.app/Contents/PlugIns/platforminputcontexts/libqtvirtualkeyboardplugin.dylib")
Log:  copied: "/opt/homebrew/share/qt/plugins/multimedia/libdarwinmediaplugin.dylib"
Log:  to "build_release/bin/FocusForgeApp.app/Contents/PlugIns/multimedia/libdarwinmediaplugin.dylib"
ERROR: Cannot resolve rpath "@rpath/QtMultimedia.framework/Versions/A/QtMultimedia"
ERROR:  using QList("/Users/plokm/Downloads/focus-forge/build_release/bin/lib")
ERROR: Cannot resolve rpath "@rpath/QtNetwork.framework/Versions/A/QtNetwork"
ERROR:  using QList("/Users/plokm/Downloads/focus-forge/build_release/bin/lib")
ERROR: Cannot resolve rpath "@rpath/QtGui.framework/Versions/A/QtGui"
ERROR:  using QList("/Users/plokm/Downloads/focus-forge/build_release/bin/lib")
ERROR: Cannot resolve rpath "@rpath/QtCore.framework/Versions/A/QtCore"
ERROR:  using QList("/Users/plokm/Downloads/focus-forge/build_release/bin/lib")
Log:
Log: Deploying Qt frameworks found inside: QList("build_release/bin/FocusForgeApp.app/Contents/PlugIns/multimedia/libdarwinmediaplugin.dylib")
Log: Created configuration file: "build_release/bin/FocusForgeApp.app/Contents/Resources/qt.conf"
Log: This file sets the plugin search path to "build_release/bin/FocusForgeApp.app/Contents/PlugIns"
==> Scanning for missing frameworks...
    Bundling missing framework: QtDBus
    Bundling missing framework: QtQuickTemplates2
    Bundling missing framework: QtQuickLayouts
    Bundling missing framework: QtQmlLocalStorage
    Bundling missing framework: QtShaderTools
    Bundling missing framework: QtQuickControls2Impl
    Bundling missing framework: QtQuickControls2Basic
    Bundling missing framework: QtQuickControls2BasicStyleImpl
    Bundling missing framework: QtQuickControls2MacOSStyleImpl
    Bundling missing framework: QtQuickEffects
    Bundling missing framework: QtQuickShapes
    Bundling missing framework: QtQuickDialogs2
    Bundling missing framework: QtQuickDialogs2QuickImpl
    Bundling missing framework: QtQuickDialogs2Utils
    Bundling missing framework: QtQuickTimeline
    Bundling missing framework: QtQuickTimelineBlendTrees
    Bundling missing framework: QtQuickVectorImage
==> Bundling missing Homebrew dylibs...
==> Aggressively bundling QML modules...
==> Fixing @rpath references in all bundled frameworks...
==> Fixing main executable rpaths...
==> Fixing @rpath references in plugins and QML...
==> Resigning the application bundle...
build_release/bin/FocusForgeApp.app: replacing existing signature
==> Refreshing macOS icon cache...
==> Deployment complete!
You can now distribute build_release/bin/FocusForgeApp.app

To run: open build_release/bin/FocusForgeApp.app
To debug: build_release/bin/FocusForgeApp.app/Contents/MacOS/FocusForgeApp
